[Licensing::Module] Trying to connect to existing licensing client channel...
[Licensing::IpcConnector] Successfully connected to: "LicenseClient-matti" at "2026-09-21T17:58:47.1524471Z"
Built from '6000.5/staging' branch; Version is '6000.5.7f1 (017862109af0) revision 96354'; Using compiler version '194234433'; Build Type 'Release'
OS: 'Windows 11  (10.0.26200) Professional' Language: 'it' Physical Memory: 32469 MB
BatchMode: 1, IsHumanControllingUs: 0, StartBugReporterOnCrash: 0, Is64bit: 1
System  architecture: x64
Process architecture: x64
Date: 2026-09-21T17:58:47Z
[Licensing::Client] Code 10 while verifying Licensing Client signature (process Id: 4288, path: "C:/Program Files/Unity Hub/UnityLicensingClient_V1/Unity.Licensing.Client.exe")
[Licensing::Module] LicensingClient has failed validation; ignoring
[Licensing::Client] Handshaking with LicensingClient:
  Version:                 1.18.3+d7ffd15
  Session Id:              32a18de9eef949279762e461cfbb98fb
  Correlation Id:          778367ca4d91faeb145c3873a3c88578
  External correlation Id: 3693892072564114629
  Machine Id:              TnnpDm3BnvBUpvUBBtxRxo9BJuQ=
[Licensing::Module] Successfully connected to LicensingClient on channel: "LicenseClient-matti" (connect: 0.00s, validation: 0.00s, handshake: 0.02s)
[Licensing::IpcConnector] Successfully connected to: "LicenseClient-matti-notifications" at "2026-09-21T17:58:47.1778286Z"
[Licensing::Module] Licensing Background thread has ended after 0.03s

COMMAND LINE ARGUMENTS:
C:\Program Files\Unity\Hub\Editor\6000.5.7f1\Editor\Unity.exe
-adb2
-batchMode
-noUpm
-name
AssetImportWorkerHW0
-projectPath
C:/Users/matti/Documents/GitHub/Red-Line
-logFile
Logs/AssetImportWorkerHW0.log
-srvPort
59762
-parentPid
22712
-analyticsCloudUserId
anonymous
-analyticsLocalProjectId
652b85716577899498b97a9e30adcad9
-editorAnalyticsEnabled
1
-cbmEditorLicense
6b7a8b552f890d41f93c53e02b6c86b97e33f5d3
-cbmMachineId
TnnpDm3BnvBUpvUBBtxRxo9BJuQ=
-licensingIpc
LicenseClient-matti
-noDiagnosticSwitchPersistentStore
-job-worker-count
5
-background-job-worker-count
8
-asset-garbage-collectors
1
-force-d3d12
-name
AssetImport
Successfully changed project path to: C:/Users/matti/Documents/GitHub/Red-Line
C:/Users/matti/Documents/GitHub/Red-Line
[UnityMemory] Configuration Parameters - Can be set up in boot.config
    "memorysetup-temp-allocator-size-gi-baking-worker=262144"
    "memorysetup-temp-allocator-size-gi-baking-worker=262144"
    "memorysetup-temp-allocator-size-gi-baking-worker=262144"
    "memorysetup-temp-allocator-size-gi-baking-worker=262144"
    "memorysetup-temp-allocator-size-gi-baking-worker=262144"
    "memorysetup-temp-allocator-size-nav-mesh-worker=65536"
    "memorysetup-temp-allocator-size-audio-worker=65536"
    "memorysetup-temp-allocator-size-cloud-worker=32768"
    "memorysetup-temp-allocator-size-gfx=262144"
    "memorysetup-temp-allocator-size-preload-manager=33554432"
    "memorysetup-allocator-temp-initial-block-size-main=262144"
    "memorysetup-allocator-temp-initial-block-size-worker=262144"
    "memorysetup-temp-allocator-size-job-worker=262144"
    "memorysetup-temp-allocator-size-background-worker=32768"
    "memorysetup-bucket-allocator-granularity=16"
    "memorysetup-bucket-allocator-bucket-count=8"
    "memorysetup-bucket-allocator-block-size=33554432"
    "memorysetup-bucket-allocator-block-count=8"
    "memorysetup-main-allocator-block-size=16777216"
    "memorysetup-thread-allocator-block-size=16777216"
    "memorysetup-main-allocator-mimalloc-enabled=0"
    "memorysetup-gfx-main-allocator-block-size=16777216"
    "memorysetup-gfx-thread-allocator-block-size=16777216"
    "memorysetup-cache-allocator-block-size=4194304"
    "memorysetup-typetree-allocator-block-size=2097152"
    "memorysetup-profiler-bucket-allocator-granularity=16"
    "memorysetup-profiler-bucket-allocator-bucket-count=8"
    "memorysetup-profiler-bucket-allocator-block-size=33554432"
    "memorysetup-profiler-bucket-allocator-block-count=8"
    "memorysetup-profiler-allocator-block-size=16777216"
    "memorysetup-profiler-editor-allocator-block-size=1048576"
    "memorysetup-temp-allocator-size-main=16777216"
    "memorysetup-job-temp-allocator-block-size=2097152"
    "memorysetup-job-temp-allocator-block-size-background=1048576"
    "memorysetup-job-temp-allocator-reduction-small-platforms=262144"
Player connection [11296]  Target information:

Player connection [11296]  * "[IP] 192.168.1.53 [Port] 0 [Flags] 2 [Guid] 3894095221 [EditorId] 3894095221 [Version] 1048832 [Id] WindowsEditor(7,Trimon3000) [Debug] 1 [PackageName] WindowsEditor [ProjectName] Editor" 

Player connection [11296] Host joined multi-casting on [225.0.0.222:54997]...
Player connection [11296] Host joined alternative multi-casting on [225.0.0.222:34997]...
JobSystem: Creating JobQueue using job-worker-count value 5
Input System module state changed to: Initialized.
[Physics::Module] Initialized fallback backend.
[Physics::Module] Id: 0xdecafbad
Library Redirect Path: Library/
[Physics::Module] Selected backend.
[Physics::Module] Name: PhysX
[Physics::Module] Id: 0xf2b8ea05
[Physics::Module] SDK Version: 4.1.2
[Physics::Module] Integration Version: 1.0.0
[Physics::Module] Threading Mode: Multi-Threaded
Initialize engine version: 6000.5.7f1 (017862109af0)
[Subsystems] Discovering subsystems at path C:/Program Files/Unity/Hub/Editor/6000.5.7f1/Editor/Data/Resources/UnitySubsystems
[Subsystems] Discovering subsystems at path C:/Users/matti/Documents/GitHub/Red-Line/Assets
Forcing GfxDevice: Direct3D 12
GfxDevice: creating device client; kGfxThreadingModeNonThreaded
d3d12: failed to query info queue interface (0x80004002).
Direct3D:
    Version:         Direct3D 12 [level 12.2]
    Renderer:        AMD Radeon RX 7600 (ID=0x7480)
    Vendor:          ATI
    VRAM:            8133 MB
    App VRAM Budget: 7365 MB
    Driver:          32.0.31041.1004
Initialize mono
Mono path[0] = 'C:/Program Files/Unity/Hub/Editor/6000.5.7f1/Editor/Data/Managed'
Mono path[1] = 'C:/Program Files/Unity/Hub/Editor/6000.5.7f1/Editor/Data/BCLExtensions/runtime/netstandard2.1'
Mono path[2] = 'C:/Program Files/Unity/Hub/Editor/6000.5.7f1/Editor/Data/MonoBleedingEdge/lib/mono/unityjit-win32'
Mono config path = 'C:/Program Files/Unity/Hub/Editor/6000.5.7f1/Editor/Data/MonoBleedingEdge/etc'
Using monoOptions --debugger-agent=transport=dt_socket,embedding=1,server=y,suspend=n,address=127.0.0.1:56188
CodeReloadManager initialized
Begin MonoManager ReloadAssembly
Registering precompiled unity dll's ...
Register platform support module: C:/Program Files/Unity/Hub/Editor/6000.5.7f1/Editor/Data/PlaybackEngines/WebGLSupport/UnityEditor.WebGL.Extensions.dll
Register platform support module: C:/Program Files/Unity/Hub/Editor/6000.5.7f1/Editor/Data/PlaybackEngines/WindowsStandaloneSupport/UnityEditor.WindowsStandalone.Extensions.dll
[Licensing::Client] Successfully resolved entitlement details
[Licensing::Module] License group:
  Id: 20067440799309-UnityPersXXXX
  Product: Unity Personal
  Type: Assigned
  Expiration: Unlimited
Register platform support module: C:/Program Files/Unity/Hub/Editor/6000.5.7f1/Editor/Data/PlaybackEngines/MetroSupport/UnityEditor.UWP.Extensions.dll
Registered in 0.003468 seconds.
Native extension for UWP target not found
Native extension for WindowsStandalone target not found
Native extension for WebGL target not found
Package Manager log level set to [2]
[Package Manager] Failed to launch server process. Reason: Unity was launched with the -noUpm command-line argument
[Package Manager] Unable to send message (not connected to server process).
[Package Manager] Cannot connect to Unity Package Manager local server
ScheduleIndexationOnStartup MainProcess:False IndexOnStartup:False
Mono: successfully reloaded assembly
- Finished resetting the current domain, in  0.301 seconds
Domain Reload Profiling: 717ms
	BeginReloadAssembly (104ms)
	RebuildCommonClasses (5ms)
	RebuildNativeTypeToScriptingClass (13ms)
	initialDomainReloadingComplete (51ms)
	LoadAllAssembliesAndSetupDomain (241ms)
		LoadAssemblies (102ms)
		AnalyzeDomain (169ms)
			TypeCache.Refresh (167ms)
				TypeCache.ScanAssembly (155ms)
	FinalizeReload (303ms)
		SetupLoadedEditorAssemblies (0ms)
			InitializePlatformSupportModulesInManaged (33ms)
			BeforeProcessingInitializeOnLoad (74ms)
			ProcessInitializeOnLoadAttributes (74ms)
			ProcessInitializeOnLoadMethodAttributes (73ms)
Initializing Unity extensions:
[Licensing::Client] Successfully resolved entitlement details
========================================================================
Worker process is ready to serve import requests
Import Worker Mode flag is 0x00
Begin MonoManager ReloadAssembly
Native extension for UWP target not found
Native extension for WindowsStandalone target not found
Native extension for WebGL target not found
[Package Manager] Failed to launch server process. Reason: Unity was launched with the -noUpm command-line argument
[Package Manager] Unable to send message (not connected to server process).
[Package Manager] Cannot connect to Unity Package Manager local server
ScheduleIndexationOnStartup MainProcess:False IndexOnStartup:False
Mono: successfully reloaded assembly
- Finished resetting the current domain, in  0.298 seconds
Domain Reload Profiling: 574ms
	BeginReloadAssembly (154ms)
		DisableScriptedObjects (7ms)
		CreateAndSetChildDomain (25ms)
	RebuildCommonClasses (6ms)
	RebuildNativeTypeToScriptingClass (13ms)
	initialDomainReloadingComplete (26ms)
	LoadAllAssembliesAndSetupDomain (75ms)
		LoadAssemblies (82ms)
		AnalyzeDomain (9ms)
			TypeCache.Refresh (5ms)
	FinalizeReload (300ms)
		SetupLoadedEditorAssemblies (0ms)
			InitializePlatformSupportModulesInManaged (8ms)
			BeforeProcessingInitializeOnLoad (66ms)
			ProcessInitializeOnLoadAttributes (57ms)
			ProcessInitializeOnLoadMethodAttributes (53ms)
			AfterProcessingInitializeOnLoad (5ms)
		AwakeInstancesAfterBackupRestoration (3ms)
AcceleratorClientConnectionCallback - disconnected - :0
Launched and connected shader compiler UnityShaderCompiler.exe after 0.01 seconds
Unloading 1 Unused Serialized files (Serialized files now loaded: 0)
Curl error 3: URL rejected: Malformed input to a URL function
Unloading 64 unused Assets / (32.3 KB). Loaded Objects now: 690.
Memory consumption went from 160.1 MB to 160.0 MB.
Total: 4.214800 ms (FindLiveObjects: 0.065200 ms CreateObjectMapping: 0.012600 ms MarkObjects: 4.050500 ms  DeleteObjects: 0.084500 ms)

========================================================================
Received Import Request.
  Time of request: 2026-09-21T17:58:52.117332Z
  Time since last request: 2988.68023089999997 seconds.
  importAddress: GUID: 23032f4383e95e772bce465c5896d0fd - Path: Packages/com.unity.modules.terrain/package.ModuleCompilationTrigger - Importer: ScriptedImporter/UnityEditor.QuickSearchModule:UnityEditor.Search:ASIAI0B
Importing 'GUID: 23032f4383e95e772bce465c5896d0fd - Path: Packages/com.unity.modules.terrain/package.ModuleCompilationTrigger - Importer: ScriptedImporter/UnityEditor.QuickSearchModule:UnityEditor.Search:ASIAI0B' with importer (ScriptedImporter : UnityEditor.QuickSearchModule:UnityEditor.Search:ASIAI0B)
Imported 'GUID: 23032f4383e95e772bce465c5896d0fd' -> (Import Result ID: '7e52c4ea66c9103cf13ff77284e0445b') in 0.062 seconds [static and dynamic dependencies]. Details - ImportResultOutputID=130fddad604d67a4c5f258ed2d947dd3 DependenciesID=8f65e2ae6e4e248099c848414a87c939 StaticDependenciesID=32d0ec804e1016d0720c0d8302af5457 
Number of updated asset objects reloaded before import = 0
Number of asset objects unloaded after import = 1
========================================================================
Received Import Request.
  Time of request: 2026-09-21T17:58:52.1895473Z
  Time since last request: 0.0090616 seconds.
  importAddress: GUID: 8a752aaaadd2410dd9a84e01c1bace9f - Path: Packages/com.unity.modules.uielements/package.ModuleCompilationTrigger - Importer: ScriptedImporter/UnityEditor.QuickSearchModule:UnityEditor.Search:ASIAI0B
Importing 'GUID: 8a752aaaadd2410dd9a84e01c1bace9f - Path: Packages/com.unity.modules.uielements/package.ModuleCompilationTrigger - Importer: ScriptedImporter/UnityEditor.QuickSearchModule:UnityEditor.Search:ASIAI0B' with importer (ScriptedImporter : UnityEditor.QuickSearchModule:UnityEditor.Search:ASIAI0B)
Imported 'GUID: 8a752aaaadd2410dd9a84e01c1bace9f' -> (Import Result ID: 'cce5642deefb9ba24a5f60e5ef30a978') in 0.004 seconds [static and dynamic dependencies]. Details - ImportResultOutputID=83077234b35bdd754a48cc279b4329c7 DependenciesID=4839533499d2d7df5a7d2936abcfdda3 StaticDependenciesID=0030ba3c6bca06b1b9c8ec1067de4263 
Number of updated asset objects reloaded before import = 0
Number of asset objects unloaded after import = 1
========================================================================
Received Import Request.
  Time of request: 2026-09-21T17:58:52.1941588Z
  Time since last request: 0.0002529 seconds.
  importAddress: GUID: 54407f5deee4439eb1885bee01956e9c - Path: Packages/com.unity.multiplayer.center/Editor/Analytics/AnalyticsUtils.cs - Importer: ScriptedImporter/UnityEditor.QuickSearchModule:UnityEditor.Search:ASIAI0B
Importing 'GUID: 54407f5deee4439eb1885bee01956e9c - Path: Packages/com.unity.multiplayer.center/Editor/Analytics/AnalyticsUtils.cs - Importer: ScriptedImporter/UnityEditor.QuickSearchModule:UnityEditor.Search:ASIAI0B' with importer (ScriptedImporter : UnityEditor.QuickSearchModule:UnityEditor.Search:ASIAI0B)
Imported 'GUID: 54407f5deee4439eb1885bee01956e9c' -> (Import Result ID: '14a0a5d8d543f70bab6b3a7c305a8711') in 0.021 seconds [static and dynamic dependencies]. Details - ImportResultOutputID=d23feb19a4d574ffcf2eee05e81f1175 DependenciesID=53568eba795bbc6636fc9b83cc8c8d2f StaticDependenciesID=e61e11cc284907563cd436dcab1b53bd 
Number of updated asset objects reloaded before import = 0
Number of asset objects unloaded after import = 0
========================================================================
Received Import Request.
  Time of request: 2026-09-21T17:58:52.2153852Z
  Time since last request: 0.0002636 seconds.
  importAddress: GUID: 1bd8e2f47a6c4478ab8f0ade7687e79b - Path: Packages/com.unity.multiplayer.center/Common/IOnboardingSection.cs - Importer: ScriptedImporter/UnityEditor.QuickSearchModule:UnityEditor.Search:ASIAI0B
Importing 'GUID: 1bd8e2f47a6c4478ab8f0ade7687e79b - Path: Packages/com.unity.multiplayer.center/Common/IOnboardingSection.cs - Importer: ScriptedImporter/UnityEditor.QuickSearchModule:UnityEditor.Search:ASIAI0B' with importer (ScriptedImporter : UnityEditor.QuickSearchModule:UnityEditor.Search:ASIAI0B)
Imported 'GUID: 1bd8e2f47a6c4478ab8f0ade7687e79b' -> (Import Result ID: '8f51577bbfa3fe3e513e48f585d81456') in 0.002 seconds [static and dynamic dependencies]. Details - ImportResultOutputID=07c09831b87f2bd449f079d42b293428 DependenciesID=6f17c888a8f683189ffba09d7ad39dd1 StaticDependenciesID=f250f83f70a676a575d850658b6de8ec 
Number of updated asset objects reloaded before import = 0
Number of asset objects unloaded after import = 0
========================================================================
Received Import Request.
  Time of request: 2026-09-21T17:58:52.2181748Z
  Time since last request: 0.000236 seconds.
  importAddress: GUID: be13c398521e3c1ad21fb9da30ab2ab6 - Path: Packages/com.unity.modules.imgui/package.ModuleCompilationTrigger - Importer: ScriptedImporter/UnityEditor.QuickSearchModule:UnityEditor.Search:ASIAI0B
Importing 'GUID: be13c398521e3c1ad21fb9da30ab2ab6 - Path: Packages/com.unity.modules.imgui/package.ModuleCompilationTrigger - Importer: ScriptedImporter/UnityEditor.QuickSearchModule:UnityEditor.Search:ASIAI0B' with importer (ScriptedImporter : UnityEditor.QuickSearchModule:UnityEditor.Search:ASIAI0B)
Imported 'GUID: be13c398521e3c1ad21fb9da30ab2ab6' -> (Import Result ID: '311b9bb67a6f1be7ee29ec783e10dad8') in 0.002 seconds [static and dynamic dependencies]. Details - ImportResultOutputID=8039aa260478b7cfe7bf600baf713167 DependenciesID=108c3f2db49eb4472d57ade1ae3abe56 StaticDependenciesID=7686c654ee477143b09045dec3b84da5 
Number of updated asset objects reloaded before import = 0
Number of asset objects unloaded after import = 1
========================================================================
Received Import Request.
  Time of request: 2026-09-21T17:58:52.2207167Z
  Time since last request: 0.0002307 seconds.
  importAddress: GUID: 6d56244f8c39a851975d3c0bd432c66f - Path: Packages/com.unity.modules.terrain/package.json - Importer: ScriptedImporter/UnityEditor.QuickSearchModule:UnityEditor.Search:ASIAI0B
Importing 'GUID: 6d56244f8c39a851975d3c0bd432c66f - Path: Packages/com.unity.modules.terrain/package.json - Importer: ScriptedImporter/UnityEditor.QuickSearchModule:UnityEditor.Search:ASIAI0B' with importer (ScriptedImporter : UnityEditor.QuickSearchModule:UnityEditor.Search:ASIAI0B)
Imported 'GUID: 6d56244f8c39a851975d3c0bd432c66f' -> (Import Result ID: '8dec55052b0af807e32d2dcb47f889bc') in 0.003 seconds [static and dynamic dependencies]. Details - ImportResultOutputID=454d186661e7b0a3c1a587a63a5e8176 DependenciesID=84169bbd095155a96fb50869b74f2038 StaticDependenciesID=1bd6305f779f4f1ce7a500efffd50ac7 
Number of updated asset objects reloaded before import = 0
Number of asset objects unloaded after import = 1
========================================================================
Received Import Request.
  Time of request: 2026-09-21T17:58:52.2236403Z
  Time since last request: 0.0001659 seconds.
  importAddress: GUID: 4f0f9b9f3ed97ad2b9ba8f1a8e4666c2 - Path: Packages/com.unity.modules.uielements/package.json - Importer: ScriptedImporter/UnityEditor.QuickSearchModule:UnityEditor.Search:ASIAI0B
Importing 'GUID: 4f0f9b9f3ed97ad2b9ba8f1a8e4666c2 - Path: Packages/com.unity.modules.uielements/package.json - Importer: ScriptedImporter/UnityEditor.QuickSearchModule:UnityEditor.Search:ASIAI0B' with importer (ScriptedImporter : UnityEditor.QuickSearchModule:UnityEditor.Search:ASIAI0B)
Imported 'GUID: 4f0f9b9f3ed97ad2b9ba8f1a8e4666c2' -> (Import Result ID: 'b945e911db9d62c09dc5407c62d0ce08') in 0.002 seconds [static and dynamic dependencies]. Details - ImportResultOutputID=4ac784c02dc77a0a3646a3291ebc689c DependenciesID=adbde0bac643e8678122a919dc918a66 StaticDependenciesID=7769d4a2093aa9f020fc4797573d979d 
Number of updated asset objects reloaded before import = 0
Number of asset objects unloaded after import = 1
========================================================================
Received Import Request.
  Time of request: 2026-09-21T17:58:52.2259071Z
  Time since last request: 0.0002056 seconds.
  importAddress: GUID: 833328f3bcf144cc94f92e286e86b427 - Path: Packages/com.unity.multiplayer.center/Common/IOnboardingSectionAnalyticsProvider.cs - Importer: ScriptedImporter/UnityEditor.QuickSearchModule:UnityEditor.Search:ASIAI0B
Importing 'GUID: 833328f3bcf144cc94f92e286e86b427 - Path: Packages/com.unity.multiplayer.center/Common/IOnboardingSectionAnalyticsProvider.cs - Importer: ScriptedImporter/UnityEditor.QuickSearchModule:UnityEditor.Search:ASIAI0B' with importer (ScriptedImporter : UnityEditor.QuickSearchModule:UnityEditor.Search:ASIAI0B)
Imported 'GUID: 833328f3bcf144cc94f92e286e86b427' -> (Import Result ID: 'b36a6a4b9fc645a09dfff64c7447c8da') in 0.002 seconds [static and dynamic dependencies]. Details - ImportResultOutputID=178f027e510bd368729cae6f4ecf73ed DependenciesID=e12776b152d3a2ad4d986b24b547df38 StaticDependenciesID=eb1973a6895fc9266ca76fa4579a125b 
Number of updated asset objects reloaded before import = 0
Number of asset objects unloaded after import = 0
========================================================================
Received Import Request.
  Time of request: 2026-09-21T17:58:52.2290951Z
  Time since last request: 0.0008489 seconds.
  importAddress: GUID: 222fc39b0c85d800342910da2cd64781 - Path: Packages/com.unity.modules.assetbundle/package.ModuleCompilationTrigger - Importer: ScriptedImporter/UnityEditor.QuickSearchModule:UnityEditor.Search:ASIAI0B
Importing 'GUID: 222fc39b0c85d800342910da2cd64781 - Path: Packages/com.unity.modules.assetbundle/package.ModuleCompilationTrigger - Importer: ScriptedImporter/UnityEditor.QuickSearchModule:UnityEditor.Search:ASIAI0B' with importer (ScriptedImporter : UnityEditor.QuickSearchModule:UnityEditor.Search:ASIAI0B)
Imported 'GUID: 222fc39b0c85d800342910da2cd64781' -> (Import Result ID: 'd3bfb3781b9127c1c1d8ac22df31e0b9') in 0.004 seconds [static and dynamic dependencies]. Details - ImportResultOutputID=07c3092c3b96251fbadb770cd0454f12 DependenciesID=f4e4c02bb4298111b0d141a1a7bc07ec StaticDependenciesID=8f234342287faf26486c85d476a66f97 
Number of updated asset objects reloaded before import = 0
Number of asset objects unloaded after import = 1
========================================================================
Received Import Request.
  Time of request: 2026-09-21T17:58:52.2336186Z
  Time since last request: 0.0003199 seconds.
  importAddress: GUID: e1ef8466c8fd01a549f10baa4d51fa17 - Path: Packages/com.unity.modules.assetbundle/package.json - Importer: ScriptedImporter/UnityEditor.QuickSearchModule:UnityEditor.Search:ASIAI0B
Importing 'GUID: e1ef8466c8fd01a549f10baa4d51fa17 - Path: Packages/com.unity.modules.assetbundle/package.json - Importer: ScriptedImporter/UnityEditor.QuickSearchModule:UnityEditor.Search:ASIAI0B' with importer (ScriptedImporter : UnityEditor.QuickSearchModule:UnityEditor.Search:ASIAI0B)
Imported 'GUID: e1ef8466c8fd01a549f10baa4d51fa17' -> (Import Result ID: 'c794331080cddf3fd2f04c15d2e6544a') in 0.003 seconds [static and dynamic dependencies]. Details - ImportResultOutputID=4c1bda702a11d324b3402dcef34ff188 DependenciesID=faf0fc1491c387c132814c2b933810de StaticDependenciesID=09803960c17d2dcd0d97b75258877caf 
Number of updated asset objects reloaded before import = 0
Number of asset objects unloaded after import = 1
========================================================================
Received Import Request.
  Time of request: 2026-09-21T17:58:52.2372969Z
  Time since last request: 0.00028 seconds.
  importAddress: GUID: e9df95f53f1c1d0c9199e235d6c42b50 - Path: Packages/com.unity.modules.audio/package.json - Importer: ScriptedImporter/UnityEditor.QuickSearchModule:UnityEditor.Search:ASIAI0B
Importing 'GUID: e9df95f53f1c1d0c9199e235d6c42b50 - Path: Packages/com.unity.modules.audio/package.json - Importer: ScriptedImporter/UnityEditor.QuickSearchModule:UnityEditor.Search:ASIAI0B' with importer (ScriptedImporter : UnityEditor.QuickSearchModule:UnityEditor.Search:ASIAI0B)
Imported 'GUID: e9df95f53f1c1d0c9199e235d6c42b50' -> (Import Result ID: '7fc9d03976537297191b439c399406c6') in 0.004 seconds [static and dynamic dependencies]. Details - ImportResultOutputID=fb4b0257f752df442a27918a6389f470 DependenciesID=8d6e1c9b91568f12dcfda6822b2cfe3c StaticDependenciesID=037229b9f07cd7e380a2ebc2b6186c28 
Number of updated asset objects reloaded before import = 0
Number of asset objects unloaded after import = 1
========================================================================
Received Import Request.
  Time of request: 2026-09-21T17:58:52.2417016Z
  Time since last request: 0.0002128 seconds.
  importAddress: GUID: 2c814623cb42764d304be0c5ddd03ceb - Path: Packages/com.unity.modules.xr/package.json - Importer: ScriptedImporter/UnityEditor.QuickSearchModule:UnityEditor.Search:ASIAI0B
Importing 'GUID: 2c814623cb42764d304be0c5ddd03ceb - Path: Packages/com.unity.modules.xr/package.json - Importer: ScriptedImporter/UnityEditor.QuickSearchModule:UnityEditor.Search:ASIAI0B' with importer (ScriptedImporter : UnityEditor.QuickSearchModule:UnityEditor.Search:ASIAI0B)
Imported 'GUID: 2c814623cb42764d304be0c5ddd03ceb' -> (Import Result ID: 'bffed1379e41f3a3462d7960435c2ad4') in 0.003 seconds [static and dynamic dependencies]. Details - ImportResultOutputID=f205633aa526f6a3c0807533f61a2416 DependenciesID=5e3b66eb8b175ac742e3760e31e4e88e StaticDependenciesID=8b01bad2dc66ff457adca644dd43e5d3 
Number of updated asset objects reloaded before import = 0
Number of asset objects unloaded after import = 1
========================================================================
Received Import Request.
  Time of request: 2026-09-21T17:58:52.2448237Z
  Time since last request: 0.0002311 seconds.
  importAddress: GUID: c359bcaf4a0bc4040aac650bf14ec619 - Path: Packages/com.unity.multiplayer.center/README.md - Importer: ScriptedImporter/UnityEditor.QuickSearchModule:UnityEditor.Search:ASIAI0B
Importing 'GUID: c359bcaf4a0bc4040aac650bf14ec619 - Path: Packages/com.unity.multiplayer.center/README.md - Importer: ScriptedImporter/UnityEditor.QuickSearchModule:UnityEditor.Search:ASIAI0B' with importer (ScriptedImporter : UnityEditor.QuickSearchModule:UnityEditor.Search:ASIAI0B)
Imported 'GUID: c359bcaf4a0bc4040aac650bf14ec619' -> (Import Result ID: 'f23f5918faa1ed7dd8560f27822bf12a') in 0.003 seconds [static and dynamic dependencies]. Details - ImportResultOutputID=df2ac5eb7eebbf379005f06c3b10c870 DependenciesID=3a5709fcef36905833d7b9cea56c4ef7 StaticDependenciesID=5821f5a0fdce82e1061f9426b13b19ba 
Number of updated asset objects reloaded before import = 0
Number of asset objects unloaded after import = 1
========================================================================
Received Import Request.
  Time of request: 2026-09-21T17:58:52.2479591Z
  Time since last request: 0.0002361 seconds.
  importAddress: GUID: 89b6d933e4994d0980f6b48dc2b8779c - Path: Packages/com.unity.multiplayer.center/Common/AnswerData.cs - Importer: ScriptedImporter/UnityEditor.QuickSearchModule:UnityEditor.Search:ASIAI0B
Importing 'GUID: 89b6d933e4994d0980f6b48dc2b8779c - Path: Packages/com.unity.multiplayer.center/Common/AnswerData.cs - Importer: ScriptedImporter/UnityEditor.QuickSearchModule:UnityEditor.Search:ASIAI0B' with importer (ScriptedImporter : UnityEditor.QuickSearchModule:UnityEditor.Search:ASIAI0B)
Imported 'GUID: 89b6d933e4994d0980f6b48dc2b8779c' -> (Import Result ID: 'f18b5ab92db9c587e3bc59c53e815dfe') in 0.002 seconds [static and dynamic dependencies]. Details - ImportResultOutputID=5f773e26a56322b850a994ca164f3da3 DependenciesID=bad4e4e6260885d0eb5e75eb0f3af1ee StaticDependenciesID=78070ace3e6c687b0115d6f6d553c519 
Number of updated asset objects reloaded before import = 0
Number of asset objects unloaded after import = 0
========================================================================
Received Import Request.
  Time of request: 2026-09-21T17:58:52.2506734Z
  Time since last request: 0.0003465 seconds.
  importAddress: GUID: 553737203d61a8109f9544a97201e1aa - Path: Packages/com.unity.modules.unitywebrequestaudio/package.ModuleCompilationTrigger - Importer: ScriptedImporter/UnityEditor.QuickSearchModule:UnityEditor.Search:ASIAI0B
Importing 'GUID: 553737203d61a8109f9544a97201e1aa - Path: Packages/com.unity.modules.unitywebrequestaudio/package.ModuleCompilationTrigger - Importer: ScriptedImporter/UnityEditor.QuickSearchModule:UnityEditor.Search:ASIAI0B' with importer (ScriptedImporter : UnityEditor.QuickSearchModule:UnityEditor.Search:ASIAI0B)
Imported 'GUID: 553737203d61a8109f9544a97201e1aa' -> (Import Result ID: '55f9cd02de681239a12816b011d3e8b9') in 0.002 seconds [static and dynamic dependencies]. Details - ImportResultOutputID=64902b88f537d919d4f63c1a030f5d5c DependenciesID=19ac4b4be7862f8adacd3886111bf188 StaticDependenciesID=959c1c943aaf2a9cbc41dd7d571e5af6 
Number of updated asset objects reloaded before import = 0
Number of asset objects unloaded after import = 1
========================================================================
Received Import Request.
  Time of request: 2026-09-21T17:58:52.2533144Z
  Time since last request: 0.0002138 seconds.
  importAddress: GUID: 0a9ab22e4e004c7db707338bccb538b9 - Path: Packages/com.unity.multiplayer.center/Common/Preset.cs - Importer: ScriptedImporter/UnityEditor.QuickSearchModule:UnityEditor.Search:ASIAI0B
Importing 'GUID: 0a9ab22e4e004c7db707338bccb538b9 - Path: Packages/com.unity.multiplayer.center/Common/Preset.cs - Importer: ScriptedImporter/UnityEditor.QuickSearchModule:UnityEditor.Search:ASIAI0B' with importer (ScriptedImporter : UnityEditor.QuickSearchModule:UnityEditor.Search:ASIAI0B)
Imported 'GUID: 0a9ab22e4e004c7db707338bccb538b9' -> (Import Result ID: 'c09a62783067fadb5b04d8eec24b8630') in 0.002 seconds [static and dynamic dependencies]. Details - ImportResultOutputID=f279531096a6359a2dcfd918d661bb80 DependenciesID=e86eaae1d53262085529590117689f79 StaticDependenciesID=3e2071ded9f8d0d1b4562e9958440261 
Number of updated asset objects reloaded before import = 0
Number of asset objects unloaded after import = 0
========================================================================
Received Import Request.
  Time of request: 2026-09-21T17:58:52.2558948Z
  Time since last request: 0.0002057 seconds.
  importAddress: GUID: 50d5ff9fe4ab4477b7ea648da183e9d1 - Path: Packages/com.unity.multiplayer.center/Common/StyleConstants.cs - Importer: ScriptedImporter/UnityEditor.QuickSearchModule:UnityEditor.Search:ASIAI0B
Importing 'GUID: 50d5ff9fe4ab4477b7ea648da183e9d1 - Path: Packages/com.unity.multiplayer.center/Common/StyleConstants.cs - Importer: ScriptedImporter/UnityEditor.QuickSearchModule:UnityEditor.Search:ASIAI0B' with importer (ScriptedImporter : UnityEditor.QuickSearchModule:UnityEditor.Search:ASIAI0B)
Imported 'GUID: 50d5ff9fe4ab4477b7ea648da183e9d1' -> (Import Result ID: '0349031e5f62076c6cb1a6b264b19d53') in 0.002 seconds [static and dynamic dependencies]. Details - ImportResultOutputID=5e3fc41b326de614a08c75ec3f1c535f DependenciesID=b5461cb3061638ea42c25035db4a334b StaticDependenciesID=375fc93fd03f82cd296506723bb5056a 
Number of updated asset objects reloaded before import = 0
Number of asset objects unloaded after import = 0
========================================================================
Received Import Request.
  Time of request: 2026-09-21T17:58:52.2584548Z
  Time since last request: 0.0002365 seconds.
  importAddress: GUID: c7a8b0317f4e68556d7509828e9e211e - Path: Packages/com.unity.modules.xr/package.ModuleCompilationTrigger - Importer: ScriptedImporter/UnityEditor.QuickSearchModule:UnityEditor.Search:ASIAI0B
Importing 'GUID: c7a8b0317f4e68556d7509828e9e211e - Path: Packages/com.unity.modules.xr/package.ModuleCompilationTrigger - Importer: ScriptedImporter/UnityEditor.QuickSearchModule:UnityEditor.Search:ASIAI0B' with importer (ScriptedImporter : UnityEditor.QuickSearchModule:UnityEditor.Search:ASIAI0B)
Imported 'GUID: c7a8b0317f4e68556d7509828e9e211e' -> (Import Result ID: '8e1be0c8c983ba2fd37f731e8c54dc01') in 0.003 seconds [static and dynamic dependencies]. Details - ImportResultOutputID=c27cf4939e43605aa060178fbb07c3b4 DependenciesID=da6991a87c3fb0a35979f592013fef99 StaticDependenciesID=199165ce7c3531ae18391f20f91fa9bf 
Number of updated asset objects reloaded before import = 0
Number of asset objects unloaded after import = 1
========================================================================
Received Import Request.
  Time of request: 2026-09-21T17:58:52.2612905Z
  Time since last request: 0.0002132 seconds.
  importAddress: GUID: 185e678d90804a8a85ab38276eca86fb - Path: Packages/com.unity.multiplayer.center/Editor/Analytics/MultiplayerCenterAnalytics.cs - Importer: ScriptedImporter/UnityEditor.QuickSearchModule:UnityEditor.Search:ASIAI0B
Importing 'GUID: 185e678d90804a8a85ab38276eca86fb - Path: Packages/com.unity.multiplayer.center/Editor/Analytics/MultiplayerCenterAnalytics.cs - Importer: ScriptedImporter/UnityEditor.QuickSearchModule:UnityEditor.Search:ASIAI0B' with importer (ScriptedImporter : UnityEditor.QuickSearchModule:UnityEditor.Search:ASIAI0B)
Imported 'GUID: 185e678d90804a8a85ab38276eca86fb' -> (Import Result ID: '5476fab2950822530a341d2c9f4c8f58') in 0.003 seconds [static and dynamic dependencies]. Details - ImportResultOutputID=bd0b4570a850092467d7d44fdf3c15b9 DependenciesID=aa42a91df2f29c9f19bd6e0411dc02bc StaticDependenciesID=338d1ab5ce936360d98f364c42d08756 
Number of updated asset objects reloaded before import = 0
Number of asset objects unloaded after import = 0
========================================================================
Received Import Request.
  Time of request: 2026-09-21T17:58:52.2646163Z
  Time since last request: 0.0002073 seconds.
  importAddress: GUID: 70554f6c9e4114e1084bb38f9ea400ce - Path: Packages/com.unity.multiplayer.center/LICENSE.md - Importer: ScriptedImporter/UnityEditor.QuickSearchModule:UnityEditor.Search:ASIAI0B
Importing 'GUID: 70554f6c9e4114e1084bb38f9ea400ce - Path: Packages/com.unity.multiplayer.center/LICENSE.md - Importer: ScriptedImporter/UnityEditor.QuickSearchModule:UnityEditor.Search:ASIAI0B' with importer (ScriptedImporter : UnityEditor.QuickSearchModule:UnityEditor.Search:ASIAI0B)
Imported 'GUID: 70554f6c9e4114e1084bb38f9ea400ce' -> (Import Result ID: '3d196a53aa66f43801e2008caa0db7a9') in 0.002 seconds [static and dynamic dependencies]. Details - ImportResultOutputID=a6e67403a325aa2ce6f7d3309263a0ca DependenciesID=004688c24db54f6295efe42c90181f0c StaticDependenciesID=d4737d1aadcdf8edc69d246d9c3bebbe 
Number of updated asset objects reloaded before import = 0
Number of asset objects unloaded after import = 1
========================================================================
Received Import Request.
  Time of request: 2026-09-21T17:58:52.2674987Z
  Time since last request: 0.0002372 seconds.
  importAddress: GUID: 80beef77cb19e713c7c2d481b65ed485 - Path: Packages/com.unity.modules.screencapture/package.json - Importer: ScriptedImporter/UnityEditor.QuickSearchModule:UnityEditor.Search:ASIAI0B
Importing 'GUID: 80beef77cb19e713c7c2d481b65ed485 - Path: Packages/com.unity.modules.screencapture/package.json - Importer: ScriptedImporter/UnityEditor.QuickSearchModule:UnityEditor.Search:ASIAI0B' with importer (ScriptedImporter : UnityEditor.QuickSearchModule:UnityEditor.Search:ASIAI0B)
Imported 'GUID: 80beef77cb19e713c7c2d481b65ed485' -> (Import Result ID: '0170c89deedea339d0684667ff727a01') in 0.003 seconds [static and dynamic dependencies]. Details - ImportResultOutputID=9891a18d0361633d56f150011fdc478a DependenciesID=0d379909b7d0540e48bfbc3b3e5030a3 StaticDependenciesID=b5dac0bdd0bc47722cfac2c7afabe651 
Number of updated asset objects reloaded before import = 0
Number of asset objects unloaded after import = 1
========================================================================
Received Import Request.
  Time of request: 2026-09-21T17:58:52.2704072Z
  Time since last request: 0.0001847 seconds.
  importAddress: GUID: df0857f6a11054383be91b1f8e1b5800 - Path: Packages/com.unity.multiplayer.center/package.json - Importer: ScriptedImporter/UnityEditor.QuickSearchModule:UnityEditor.Search:ASIAI0B
Importing 'GUID: df0857f6a11054383be91b1f8e1b5800 - Path: Packages/com.unity.multiplayer.center/package.json - Importer: ScriptedImporter/UnityEditor.QuickSearchModule:UnityEditor.Search:ASIAI0B' with importer (ScriptedImporter : UnityEditor.QuickSearchModule:UnityEditor.Search:ASIAI0B)
Imported 'GUID: df0857f6a11054383be91b1f8e1b5800' -> (Import Result ID: 'a591a289aa4781afb99a70bd64761299') in 0.002 seconds [static and dynamic dependencies]. Details - ImportResultOutputID=db5e05f63d6898ac2877453559a2b62b DependenciesID=5803f7b5a1ada309a9a257a1862194da StaticDependenciesID=505a5355282f461ef7af83181d03cefa 
Number of updated asset objects reloaded before import = 0
Number of asset objects unloaded after import = 1
========================================================================
Received Import Request.
  Time of request: 2026-09-21T17:58:52.2728079Z
  Time since last request: 0.0001657 seconds.
  importAddress: GUID: be17709716f1648caa5de6d0c38103ed - Path: Packages/com.unity.multiplayer.center/Editor/Unity.Multiplayer.Center.Editor.asmdef - Importer: ScriptedImporter/UnityEditor.QuickSearchModule:UnityEditor.Search:ASIAI0B
Importing 'GUID: be17709716f1648caa5de6d0c38103ed - Path: Packages/com.unity.multiplayer.center/Editor/Unity.Multiplayer.Center.Editor.asmdef - Importer: ScriptedImporter/UnityEditor.QuickSearchModule:UnityEditor.Search:ASIAI0B' with importer (ScriptedImporter : UnityEditor.QuickSearchModule:UnityEditor.Search:ASIAI0B)
Imported 'GUID: be17709716f1648caa5de6d0c38103ed' -> (Import Result ID: '8d46cdc4e5024fbfbd509317c2a7cf9d') in 0.004 seconds [static and dynamic dependencies]. Details - ImportResultOutputID=b2febfa3d545f435f5eed2b7c33a973c DependenciesID=caf8acbc36679388e929acf0a4669ae1 StaticDependenciesID=7f14be71c38a279cd2a5b583376d47cd 
Number of updated asset objects reloaded before import = 0
Number of asset objects unloaded after import = 1
========================================================================
Received Import Request.
  Time of request: 2026-09-21T17:58:52.2768577Z
  Time since last request: 0.0002301 seconds.
  importAddress: GUID: ae87256f29d9c8b50490f4caf75b2c41 - Path: Packages/com.unity.modules.unitywebrequestwww/package.ModuleCompilationTrigger - Importer: ScriptedImporter/UnityEditor.QuickSearchModule:UnityEditor.Search:ASIAI0B
Importing 'GUID: ae87256f29d9c8b50490f4caf75b2c41 - Path: Packages/com.unity.modules.unitywebrequestwww/package.ModuleCompilationTrigger - Importer: ScriptedImporter/UnityEditor.QuickSearchModule:UnityEditor.Search:ASIAI0B' with importer (ScriptedImporter : UnityEditor.QuickSearchModule:UnityEditor.Search:ASIAI0B)
Imported 'GUID: ae87256f29d9c8b50490f4caf75b2c41' -> (Import Result ID: '37d0457f485df6e2c748ca68815b0839') in 0.002 seconds [static and dynamic dependencies]. Details - ImportResultOutputID=82f21aa85a12849810567becd457bc94 DependenciesID=c48e741d11eda78f24f090cb7e8c153e StaticDependenciesID=3fca0cf587183dd8b4f3376e13fcef2a 
Number of updated asset objects reloaded before import = 0
Number of asset objects unloaded after import = 1
========================================================================
Received Import Request.
  Time of request: 2026-09-21T17:58:52.2793906Z
  Time since last request: 0.000194 seconds.
  importAddress: GUID: 676a3852811f4199813ce7f6dbac6880 - Path: Packages/com.unity.multiplayer.center/Editor/Features/PackageManagement.cs - Importer: ScriptedImporter/UnityEditor.QuickSearchModule:UnityEditor.Search:ASIAI0B
Importing 'GUID: 676a3852811f4199813ce7f6dbac6880 - Path: Packages/com.unity.multiplayer.center/Editor/Features/PackageManagement.cs - Importer: ScriptedImporter/UnityEditor.QuickSearchModule:UnityEditor.Search:ASIAI0B' with importer (ScriptedImporter : UnityEditor.QuickSearchModule:UnityEditor.Search:ASIAI0B)
Imported 'GUID: 676a3852811f4199813ce7f6dbac6880' -> (Import Result ID: '1b31112a2a56d82961b8a2520500a0b8') in 0.003 seconds [static and dynamic dependencies]. Details - ImportResultOutputID=b547fbee55ae7454b538c01e7c98e948 DependenciesID=46d1321b8c21c6e624aa293844ca8788 StaticDependenciesID=b2a9785f68aac599387f733c182793d7 
Number of updated asset objects reloaded before import = 0
Number of asset objects unloaded after import = 0
========================================================================
Received Import Request.
  Time of request: 2026-09-21T17:58:52.2822833Z
  Time since last request: 0.0002035 seconds.
  importAddress: GUID: 052c764978664486a9c04518899ddf57 - Path: Packages/com.unity.multiplayer.center/Editor/MultiplayerCenterWindow/RecommendationTabView.cs - Importer: ScriptedImporter/UnityEditor.QuickSearchModule:UnityEditor.Search:ASIAI0B
Importing 'GUID: 052c764978664486a9c04518899ddf57 - Path: Packages/com.unity.multiplayer.center/Editor/MultiplayerCenterWindow/RecommendationTabView.cs - Importer: ScriptedImporter/UnityEditor.QuickSearchModule:UnityEditor.Search:ASIAI0B' with importer (ScriptedImporter : UnityEditor.QuickSearchModule:UnityEditor.Search:ASIAI0B)
Imported 'GUID: 052c764978664486a9c04518899ddf57' -> (Import Result ID: 'ba9cd11bc418559b9e0dd9a216035a00') in 0.002 seconds [static and dynamic dependencies]. Details - ImportResultOutputID=125a7d0241c14d043f69c43f52066bcd DependenciesID=0cc355b0c4fd4c9dafd0f5767737e341 StaticDependenciesID=00c7541fdf7e204533bbc4d49d02384f 
Number of updated asset objects reloaded before import = 0
Number of asset objects unloaded after import = 0
========================================================================
Received Import Request.
  Time of request: 2026-09-21T17:58:52.2846045Z
  Time since last request: 0.0001932 seconds.
  importAddress: GUID: a31a332ce3485f00f7df8d987302a29c - Path: Packages/com.unity.modules.unitywebrequesttexture/package.ModuleCompilationTrigger - Importer: ScriptedImporter/UnityEditor.QuickSearchModule:UnityEditor.Search:ASIAI0B
Importing 'GUID: a31a332ce3485f00f7df8d987302a29c - Path: Packages/com.unity.modules.unitywebrequesttexture/package.ModuleCompilationTrigger - Importer: ScriptedImporter/UnityEditor.QuickSearchModule:UnityEditor.Search:ASIAI0B' with importer (ScriptedImporter : UnityEditor.QuickSearchModule:UnityEditor.Search:ASIAI0B)
Imported 'GUID: a31a332ce3485f00f7df8d987302a29c' -> (Import Result ID: 'dea2e19a3584e39a8f9a701191031174') in 0.003 seconds [static and dynamic dependencies]. Details - ImportResultOutputID=d04f4f6c839f4b520d55ce63f9fbf6b2 DependenciesID=cb350b31c823d480338fe62d152b019a StaticDependenciesID=584e7103dcb868c7a892ef06bb8c5c74 
Number of updated asset objects reloaded before import = 0
Number of asset objects unloaded after import = 1
========================================================================
Received Import Request.
  Time of request: 2026-09-21T17:58:52.2878268Z
  Time since last request: 0.0002577 seconds.
  importAddress: GUID: d1084186a4004823abee9b87c8ddf198 - Path: Packages/com.unity.multiplayer.center/Editor/MultiplayerCenterWindow/RecommendationViewBottomBar.cs - Importer: ScriptedImporter/UnityEditor.QuickSearchModule:UnityEditor.Search:ASIAI0B
Importing 'GUID: d1084186a4004823abee9b87c8ddf198 - Path: Packages/com.unity.multiplayer.center/Editor/MultiplayerCenterWindow/RecommendationViewBottomBar.cs - Importer: ScriptedImporter/UnityEditor.QuickSearchModule:UnityEditor.Search:ASIAI0B' with importer (ScriptedImporter : UnityEditor.QuickSearchModule:UnityEditor.Search:ASIAI0B)
Imported 'GUID: d1084186a4004823abee9b87c8ddf198' -> (Import Result ID: 'a084dc7b12e412375ceca2bf5f9ed1e3') in 0.003 seconds [static and dynamic dependencies]. Details - ImportResultOutputID=b0c3ff3c2ed03bfae084de2a7d18a368 DependenciesID=8e50a6507029150e45e34665bb5e209e StaticDependenciesID=5a7877b9e72fdb451573a624d4ed26bc 
Number of updated asset objects reloaded before import = 0
Number of asset objects unloaded after import = 0
========================================================================
Received Import Request.
  Time of request: 2026-09-21T17:58:52.291183Z
  Time since last request: 0.0001577 seconds.
  importAddress: GUID: d85e5eeaf8f135aeaaebdc8aa3cff6c3 - Path: Packages/com.unity.modules.umbra/package.json - Importer: ScriptedImporter/UnityEditor.QuickSearchModule:UnityEditor.Search:ASIAI0B
Importing 'GUID: d85e5eeaf8f135aeaaebdc8aa3cff6c3 - Path: Packages/com.unity.modules.umbra/package.json - Importer: ScriptedImporter/UnityEditor.QuickSearchModule:UnityEditor.Search:ASIAI0B' with importer (ScriptedImporter : UnityEditor.QuickSearchModule:UnityEditor.Search:ASIAI0B)
Imported 'GUID: d85e5eeaf8f135aeaaebdc8aa3cff6c3' -> (Import Result ID: '178347515c565f4175c20bb16210b87d') in 0.003 seconds [static and dynamic dependencies]. Details - ImportResultOutputID=50dd3560a726b130947ea624ad709ec0 DependenciesID=9a24efcb8b21c3f50b1617e0f5a702c6 StaticDependenciesID=ecce139ca5f658ff2bf867f4ea85be87 
Number of updated asset objects reloaded before import = 0
Number of asset objects unloaded after import = 1
========================================================================
Received Import Request.
  Time of request: 2026-09-21T17:58:52.2943118Z
  Time since last request: 0.0003007 seconds.
  importAddress: GUID: 84abd2ab34a74600a33a3bb9d72859fe - Path: Packages/com.unity.multiplayer.center/Common/Unity.Multiplayer.Center.Common.asmdef - Importer: ScriptedImporter/UnityEditor.QuickSearchModule:UnityEditor.Search:ASIAI0B
Importing 'GUID: 84abd2ab34a74600a33a3bb9d72859fe - Path: Packages/com.unity.multiplayer.center/Common/Unity.Multiplayer.Center.Common.asmdef - Importer: ScriptedImporter/UnityEditor.QuickSearchModule:UnityEditor.Search:ASIAI0B' with importer (ScriptedImporter : UnityEditor.QuickSearchModule:UnityEditor.Search:ASIAI0B)
Imported 'GUID: 84abd2ab34a74600a33a3bb9d72859fe' -> (Import Result ID: 'a8548911db20be7a15184a08c7f43d5b') in 0.003 seconds [static and dynamic dependencies]. Details - ImportResultOutputID=b87c385cf5bffff53b021514b2fcc86b DependenciesID=b84e361cac77bdce0662e06262b313ad StaticDependenciesID=715ef30cb6ac327ad8d84f18079809ed 
Number of updated asset objects reloaded before import = 0
Number of asset objects unloaded after import = 1
========================================================================
Received Import Request.
  Time of request: 2026-09-21T17:58:52.2977318Z
  Time since last request: 0.0002081 seconds.
  importAddress: GUID: 4b518b37798c97b0f860962cbf615533 - Path: Packages/com.unity.modules.unitywebrequestaudio/package.json - Importer: ScriptedImporter/UnityEditor.QuickSearchModule:UnityEditor.Search:ASIAI0B
Importing 'GUID: 4b518b37798c97b0f860962cbf615533 - Path: Packages/com.unity.modules.unitywebrequestaudio/package.json - Importer: ScriptedImporter/UnityEditor.QuickSearchModule:UnityEditor.Search:ASIAI0B' with importer (ScriptedImporter : UnityEditor.QuickSearchModule:UnityEditor.Search:ASIAI0B)
Imported 'GUID: 4b518b37798c97b0f860962cbf615533' -> (Import Result ID: 'c36a133fed0132727fce20f919ae8ee4') in 0.003 seconds [static and dynamic dependencies]. Details - ImportResultOutputID=d657a13ec30aba817596b8ad233c54f5 DependenciesID=dce7165d938e5db3a779b7698a4bf727 StaticDependenciesID=00a8d4956729dd8a5fb1588e780df1f5 
Number of updated asset objects reloaded before import = 0
Number of asset objects unloaded after import = 1
========================================================================
Received Import Request.
  Time of request: 2026-09-21T17:58:52.3010422Z
  Time since last request: 0.0002364 seconds.
  importAddress: GUID: ec737041edec4a5b93f7953a6ffe9f06 - Path: Packages/com.unity.multiplayer.center/Common/SelectedSolutionsData.cs - Importer: ScriptedImporter/UnityEditor.QuickSearchModule:UnityEditor.Search:ASIAI0B
Importing 'GUID: ec737041edec4a5b93f7953a6ffe9f06 - Path: Packages/com.unity.multiplayer.center/Common/SelectedSolutionsData.cs - Importer: ScriptedImporter/UnityEditor.QuickSearchModule:UnityEditor.Search:ASIAI0B' with importer (ScriptedImporter : UnityEditor.QuickSearchModule:UnityEditor.Search:ASIAI0B)
Imported 'GUID: ec737041edec4a5b93f7953a6ffe9f06' -> (Import Result ID: 'ff9ae9bcf75e5d8f2d52f1fa45d0ed32') in 0.002 seconds [static and dynamic dependencies]. Details - ImportResultOutputID=84946d795e9604bd8dbb09a2352d1734 DependenciesID=a4f799fa016f86e1328429ea8a114025 StaticDependenciesID=ce89ba67e45e4c0817e918a987406a52 
Number of updated asset objects reloaded before import = 0
Number of asset objects unloaded after import = 0
========================================================================
Received Import Request.
  Time of request: 2026-09-21T17:58:52.3038138Z
  Time since last request: 0.0001775 seconds.
  importAddress: GUID: b5930dbc378b45d406aeb881f06b6dfa - Path: Packages/com.unity.modules.physicscore2d/package.json - Importer: ScriptedImporter/UnityEditor.QuickSearchModule:UnityEditor.Search:ASIAI0B
Importing 'GUID: b5930dbc378b45d406aeb881f06b6dfa - Path: Packages/com.unity.modules.physicscore2d/package.json - Importer: ScriptedImporter/UnityEditor.QuickSearchModule:UnityEditor.Search:ASIAI0B' with importer (ScriptedImporter : UnityEditor.QuickSearchModule:UnityEditor.Search:ASIAI0B)
Imported 'GUID: b5930dbc378b45d406aeb881f06b6dfa' -> (Import Result ID: '2b0be9f54a477cd531370a8e57508d98') in 0.002 seconds [static and dynamic dependencies]. Details - ImportResultOutputID=89a2985eb0e647fd7901987d4f18a7b9 DependenciesID=bc44734c406868a53cbd02c32250238c StaticDependenciesID=a3e7f7cf902fd9a37e8aae836c65e383 
Number of updated asset objects reloaded before import = 0
Number of asset objects unloaded after import = 1
========================================================================
Received Import Request.
  Time of request: 2026-09-21T17:58:52.306579Z
  Time since last request: 0.0002536 seconds.
  importAddress: GUID: a1c42005fe7c5d78585a77ce396a5eea - Path: Packages/com.unity.modules.tilemap/package.ModuleCompilationTrigger - Importer: ScriptedImporter/UnityEditor.QuickSearchModule:UnityEditor.Search:ASIAI0B
Importing 'GUID: a1c42005fe7c5d78585a77ce396a5eea - Path: Packages/com.unity.modules.tilemap/package.ModuleCompilationTrigger - Importer: ScriptedImporter/UnityEditor.QuickSearchModule:UnityEditor.Search:ASIAI0B' with importer (ScriptedImporter : UnityEditor.QuickSearchModule:UnityEditor.Search:ASIAI0B)
Imported 'GUID: a1c42005fe7c5d78585a77ce396a5eea' -> (Import Result ID: '44c908435e628133a7defd1154d70f8e') in 0.003 seconds [static and dynamic dependencies]. Details - ImportResultOutputID=f07feb47c25e6a8684a9053c78909823 DependenciesID=81274dbfa3efe804fa86448d37fd589e StaticDependenciesID=66fc2b47e04c8338c377dc74f0d97472 
Number of updated asset objects reloaded before import = 0
Number of asset objects unloaded after import = 1
========================================================================
Received Import Request.
  Time of request: 2026-09-21T17:58:52.3103185Z
  Time since last request: 0.0002891 seconds.
  importAddress: GUID: e9faa4a7023c43c5805642250c703f48 - Path: Packages/com.unity.multiplayer.center/Editor/Analytics/OnboardingSectionAnalyticsProvider.cs - Importer: ScriptedImporter/UnityEditor.QuickSearchModule:UnityEditor.Search:ASIAI0B
Importing 'GUID: e9faa4a7023c43c5805642250c703f48 - Path: Packages/com.unity.multiplayer.center/Editor/Analytics/OnboardingSectionAnalyticsProvider.cs - Importer: ScriptedImporter/UnityEditor.QuickSearchModule:UnityEditor.Search:ASIAI0B' with importer (ScriptedImporter : UnityEditor.QuickSearchModule:UnityEditor.Search:ASIAI0B)
Imported 'GUID: e9faa4a7023c43c5805642250c703f48' -> (Import Result ID: 'c7271ab6bb732f3006bbbd26e3063594') in 0.003 seconds [static and dynamic dependencies]. Details - ImportResultOutputID=7f672c896a42d424fe4793bd15f5beca DependenciesID=8ba1a32d5f7c85e34f43dcc5fa978cb6 StaticDependenciesID=ce717b9d99300ece031eac37f066cef0 
Number of updated asset objects reloaded before import = 0
Number of asset objects unloaded after import = 0
========================================================================
Received Import Request.
  Time of request: 2026-09-21T17:58:52.3132594Z
  Time since last request: 0.0002164 seconds.
  importAddress: GUID: fcbb62ff857b4cf49e74f5f9aca6e8d6 - Path: Packages/com.unity.multiplayer.center/Editor/OnBoarding/SectionsFinder.cs - Importer: ScriptedImporter/UnityEditor.QuickSearchModule:UnityEditor.Search:ASIAI0B
Importing 'GUID: fcbb62ff857b4cf49e74f5f9aca6e8d6 - Path: Packages/com.unity.multiplayer.center/Editor/OnBoarding/SectionsFinder.cs - Importer: ScriptedImporter/UnityEditor.QuickSearchModule:UnityEditor.Search:ASIAI0B' with importer (ScriptedImporter : UnityEditor.QuickSearchModule:UnityEditor.Search:ASIAI0B)
Imported 'GUID: fcbb62ff857b4cf49e74f5f9aca6e8d6' -> (Import Result ID: '39c7e207249d2f98339ddaa7a919d057') in 0.002 seconds [static and dynamic dependencies]. Details - ImportResultOutputID=d51d0088f541f21b4cbb33c07c1f75c9 DependenciesID=fecb4fad78c5a351c216bdb175dd5fc8 StaticDependenciesID=ff9efdbdfcc8aa63589a26752068b340 
Number of updated asset objects reloaded before import = 0
Number of asset objects unloaded after import = 0
========================================================================
Received Import Request.
  Time of request: 2026-09-21T17:58:52.3161725Z
  Time since last request: 0.0003371 seconds.
  importAddress: GUID: cbb1a39d56ce4d9ac1a46ac505893fa7 - Path: Packages/com.unity.modules.terrainphysics/package.ModuleCompilationTrigger - Importer: ScriptedImporter/UnityEditor.QuickSearchModule:UnityEditor.Search:ASIAI0B
Importing 'GUID: cbb1a39d56ce4d9ac1a46ac505893fa7 - Path: Packages/com.unity.modules.terrainphysics/package.ModuleCompilationTrigger - Importer: ScriptedImporter/UnityEditor.QuickSearchModule:UnityEditor.Search:ASIAI0B' with importer (ScriptedImporter : UnityEditor.QuickSearchModule:UnityEditor.Search:ASIAI0B)
Imported 'GUID: cbb1a39d56ce4d9ac1a46ac505893fa7' -> (Import Result ID: 'db9d4a4b6f76a68665d0f15382ee27eb') in 0.003 seconds [static and dynamic dependencies]. Details - ImportResultOutputID=f34129beb9103443e1b7991dc36db5b5 DependenciesID=cb50fa5f525123f4051eff8bc0b8e5ce StaticDependenciesID=c469d4fbad04a620564e94cf21952c03 
Number of updated asset objects reloaded before import = 0
Number of asset objects unloaded after import = 1
========================================================================
Received Import Request.
  Time of request: 2026-09-21T17:58:52.3191196Z
  Time since last request: 0.0002996 seconds.
  importAddress: GUID: cd561f5f687aed43bf280c27a84f79e3 - Path: Packages/com.unity.modules.screencapture/package.ModuleCompilationTrigger - Importer: ScriptedImporter/UnityEditor.QuickSearchModule:UnityEditor.Search:ASIAI0B
Importing 'GUID: cd561f5f687aed43bf280c27a84f79e3 - Path: Packages/com.unity.modules.screencapture/package.ModuleCompilationTrigger - Importer: ScriptedImporter/UnityEditor.QuickSearchModule:UnityEditor.Search:ASIAI0B' with importer (ScriptedImporter : UnityEditor.QuickSearchModule:UnityEditor.Search:ASIAI0B)
Imported 'GUID: cd561f5f687aed43bf280c27a84f79e3' -> (Import Result ID: 'e0a6ec3126448b15bf229500a4df7e40') in 0.003 seconds [static and dynamic dependencies]. Details - ImportResultOutputID=20e2deded868e7739e18e9d57b84d082 DependenciesID=0feaabf7f8945e5a5000d029bbee0583 StaticDependenciesID=037102b3f7b610c69edd339093112fbb 
Number of updated asset objects reloaded before import = 0
Number of asset objects unloaded after import = 1
========================================================================
Received Import Request.
  Time of request: 2026-09-21T17:58:52.3230346Z
  Time since last request: 0.0004947 seconds.
  importAddress: GUID: 1b6246f2248883964991eac9e9b4817c - Path: Packages/com.unity.modules.umbra/package.ModuleCompilationTrigger - Importer: ScriptedImporter/UnityEditor.QuickSearchModule:UnityEditor.Search:ASIAI0B
Importing 'GUID: 1b6246f2248883964991eac9e9b4817c - Path: Packages/com.unity.modules.umbra/package.ModuleCompilationTrigger - Importer: ScriptedImporter/UnityEditor.QuickSearchModule:UnityEditor.Search:ASIAI0B' with importer (ScriptedImporter : UnityEditor.QuickSearchModule:UnityEditor.Search:ASIAI0B)
Imported 'GUID: 1b6246f2248883964991eac9e9b4817c' -> (Import Result ID: 'ec42f6c78b38b36e0f3266def7b9e322') in 0.003 seconds [static and dynamic dependencies]. Details - ImportResultOutputID=f7f6effaa05d2f8459c7ec1c30b20f50 DependenciesID=2ddfc3c5b91a6b1f7df2ca6e70e72a2b StaticDependenciesID=219d1ba77933fb81f2fb890100a8a78b 
Number of updated asset objects reloaded before import = 0
Number of asset objects unloaded after import = 1
========================================================================
Received Import Request.
  Time of request: 2026-09-21T17:58:52.3266747Z
  Time since last request: 0.0003961 seconds.
  importAddress: GUID: c8f6fa942856442b8bd72594d3ce7363 - Path: Packages/com.unity.multiplayer.center/Third Party Notices.md - Importer: ScriptedImporter/UnityEditor.QuickSearchModule:UnityEditor.Search:ASIAI0B
Importing 'GUID: c8f6fa942856442b8bd72594d3ce7363 - Path: Packages/com.unity.multiplayer.center/Third Party Notices.md - Importer: ScriptedImporter/UnityEditor.QuickSearchModule:UnityEditor.Search:ASIAI0B' with importer (ScriptedImporter : UnityEditor.QuickSearchModule:UnityEditor.Search:ASIAI0B)
Imported 'GUID: c8f6fa942856442b8bd72594d3ce7363' -> (Import Result ID: 'b7dac24ea459800d8c9c5a758fe6365d') in 0.003 seconds [static and dynamic dependencies]. Details - ImportResultOutputID=2907b8a580972aec4f4a44f96c75e924 DependenciesID=64c50175455f3fda48bf67bcf382f54f StaticDependenciesID=a6ab4aff30ca5d4964e1dc68619f6145 
Number of updated asset objects reloaded before import = 0
Number of asset objects unloaded after import = 1
========================================================================
Received Import Request.
  Time of request: 2026-09-21T17:58:52.3298714Z
  Time since last request: 0.0002197 seconds.
  importAddress: GUID: 40bf3cec17fa0b49fe04443c8332d638 - Path: Packages/com.unity.modules.jsonserialize/package.json - Importer: ScriptedImporter/UnityEditor.QuickSearchModule:UnityEditor.Search:ASIAI0B
Importing 'GUID: 40bf3cec17fa0b49fe04443c8332d638 - Path: Packages/com.unity.modules.jsonserialize/package.json - Importer: ScriptedImporter/UnityEditor.QuickSearchModule:UnityEditor.Search:ASIAI0B' with importer (ScriptedImporter : UnityEditor.QuickSearchModule:UnityEditor.Search:ASIAI0B)
Imported 'GUID: 40bf3cec17fa0b49fe04443c8332d638' -> (Import Result ID: '2d4d700f39e49d7119d5e46a2ae48c89') in 0.003 seconds [static and dynamic dependencies]. Details - ImportResultOutputID=a97a9324b8bbaf6a72b272861a3d6800 DependenciesID=707f06d4297662a4aa04b95c94776881 StaticDependenciesID=0e4a81f415c513f8532b252122458b6c 
Number of updated asset objects reloaded before import = 0
Number of asset objects unloaded after import = 1
========================================================================
Received Import Request.
  Time of request: 2026-09-21T17:58:52.3328617Z
  Time since last request: 0.0003138 seconds.
  importAddress: GUID: 042dc296246916648e55a43d0eeb2036 - Path: Packages/com.unity.modules.audio/package.ModuleCompilationTrigger - Importer: ScriptedImporter/UnityEditor.QuickSearchModule:UnityEditor.Search:ASIAI0B
Importing 'GUID: 042dc296246916648e55a43d0eeb2036 - Path: Packages/com.unity.modules.audio/package.ModuleCompilationTrigger - Importer: ScriptedImporter/UnityEditor.QuickSearchModule:UnityEditor.Search:ASIAI0B' with importer (ScriptedImporter : UnityEditor.QuickSearchModule:UnityEditor.Search:ASIAI0B)
Imported 'GUID: 042dc296246916648e55a43d0eeb2036' -> (Import Result ID: '458dc25af1f85cb097893ddcd0c44392') in 0.005 seconds [static and dynamic dependencies]. Details - ImportResultOutputID=a22e2f49055bc9eea0af30091f508a89 DependenciesID=9a32c4008509df0b636519d5d44b4bbd StaticDependenciesID=b8c41c602e4fcad7f96fb7205ed15aa8 
Number of updated asset objects reloaded before import = 0
Number of asset objects unloaded after import = 1
========================================================================
Received Import Request.
  Time of request: 2026-09-21T17:58:52.3379521Z
  Time since last request: 0.0002074 seconds.
  importAddress: GUID: d3cbe921f7b3d9a3257e7c61a5761796 - Path: Packages/com.unity.modules.terrainphysics/package.json - Importer: ScriptedImporter/UnityEditor.QuickSearchModule:UnityEditor.Search:ASIAI0B
Importing 'GUID: d3cbe921f7b3d9a3257e7c61a5761796 - Path: Packages/com.unity.modules.terrainphysics/package.json - Importer: ScriptedImporter/UnityEditor.QuickSearchModule:UnityEditor.Search:ASIAI0B' with importer (ScriptedImporter : UnityEditor.QuickSearchModule:UnityEditor.Search:ASIAI0B)
Imported 'GUID: d3cbe921f7b3d9a3257e7c61a5761796' -> (Import Result ID: '29480c2303f1bff5ae9ed0c8363ece15') in 0.003 seconds [static and dynamic dependencies]. Details - ImportResultOutputID=65d35801a5c4a89393eb2c6926b739bd DependenciesID=983ed367871fb6fe90da5cdfd652398b StaticDependenciesID=909b26f53f796a3e238da9f95ee8d31d 
Number of updated asset objects reloaded before import = 0
Number of asset objects unloaded after import = 1
========================================================================
Received Import Request.
  Time of request: 2026-09-21T17:58:52.3413434Z
  Time since last request: 0.0005092 seconds.
  importAddress: GUID: 14e86f88e9a8c9c448d7e7df92f2aeec - Path: Packages/com.unity.modules.physicscore2d/package.ModuleCompilationTrigger - Importer: ScriptedImporter/UnityEditor.QuickSearchModule:UnityEditor.Search:ASIAI0B
Importing 'GUID: 14e86f88e9a8c9c448d7e7df92f2aeec - Path: Packages/com.unity.modules.physicscore2d/package.ModuleCompilationTrigger - Importer: ScriptedImporter/UnityEditor.QuickSearchModule:UnityEditor.Search:ASIAI0B' with importer (ScriptedImporter : UnityEditor.QuickSearchModule:UnityEditor.Search:ASIAI0B)
Imported 'GUID: 14e86f88e9a8c9c448d7e7df92f2aeec' -> (Import Result ID: '3af568735cc3b91f06f3efc446eeacad') in 0.004 seconds [static and dynamic dependencies]. Details - ImportResultOutputID=099e730ca235c49ce986cd12f5ccbcd0 DependenciesID=9d7fdaf336f9781ea747c4c7e30f4dff StaticDependenciesID=83aa4a5358a09b82db6273d92775cffe 
Number of updated asset objects reloaded before import = 0
Number of asset objects unloaded after import = 1
========================================================================
Received Import Request.
  Time of request: 2026-09-21T17:58:52.3461596Z
  Time since last request: 0.0002551 seconds.
  importAddress: GUID: 51566b3736df4282bbe76645014b0cc5 - Path: Packages/com.unity.multiplayer.center/Editor/AssemblyInfo.cs - Importer: ScriptedImporter/UnityEditor.QuickSearchModule:UnityEditor.Search:ASIAI0B
Importing 'GUID: 51566b3736df4282bbe76645014b0cc5 - Path: Packages/com.unity.multiplayer.center/Editor/AssemblyInfo.cs - Importer: ScriptedImporter/UnityEditor.QuickSearchModule:UnityEditor.Search:ASIAI0B' with importer (ScriptedImporter : UnityEditor.QuickSearchModule:UnityEditor.Search:ASIAI0B)
Imported 'GUID: 51566b3736df4282bbe76645014b0cc5' -> (Import Result ID: '075f50f503346793c94bb2896b41a872') in 0.004 seconds [static and dynamic dependencies]. Details - ImportResultOutputID=d258eb7e0de93168f46b0844c3927e63 DependenciesID=038c35530f6f788f28cee77155faba7c StaticDependenciesID=f15166cdab261ded0db4f43ff75deda2 
Number of updated asset objects reloaded before import = 0
Number of asset objects unloaded after import = 0
========================================================================
Received Import Request.
  Time of request: 2026-09-21T17:58:52.3512469Z
  Time since last request: 0.0011992 seconds.
  importAddress: GUID: 4cee1dc929764056ac40ece91efef712 - Path: Packages/com.unity.multiplayer.center/Editor/Analytics/AnalyticsData.cs - Importer: ScriptedImporter/UnityEditor.QuickSearchModule:UnityEditor.Search:ASIAI0B
Importing 'GUID: 4cee1dc929764056ac40ece91efef712 - Path: Packages/com.unity.multiplayer.center/Editor/Analytics/AnalyticsData.cs - Importer: ScriptedImporter/UnityEditor.QuickSearchModule:UnityEditor.Search:ASIAI0B' with importer (ScriptedImporter : UnityEditor.QuickSearchModule:UnityEditor.Search:ASIAI0B)
Imported 'GUID: 4cee1dc929764056ac40ece91efef712' -> (Import Result ID: '7a6b0e5ebf434bf57275558309c7772f') in 0.005 seconds [static and dynamic dependencies]. Details - ImportResultOutputID=4f2148da5b82ba34cb0b60cbe926620c DependenciesID=acff3e4e5fad466b94d8f934887f69d5 StaticDependenciesID=d6a981eecac7b00919bd4a79d46add53 
Number of updated asset objects reloaded before import = 0
Number of asset objects unloaded after import = 0
========================================================================
Received Import Request.
  Time of request: 2026-09-21T17:58:52.3566654Z
  Time since last request: 0.0001566 seconds.
  importAddress: GUID: d0e3ad91972c66f5238f5b9b7d5ae58a - Path: Packages/com.unity.modules.unitywebrequesttexture/package.json - Importer: ScriptedImporter/UnityEditor.QuickSearchModule:UnityEditor.Search:ASIAI0B
Importing 'GUID: d0e3ad91972c66f5238f5b9b7d5ae58a - Path: Packages/com.unity.modules.unitywebrequesttexture/package.json - Importer: ScriptedImporter/UnityEditor.QuickSearchModule:UnityEditor.Search:ASIAI0B' with importer (ScriptedImporter : UnityEditor.QuickSearchModule:UnityEditor.Search:ASIAI0B)
Imported 'GUID: d0e3ad91972c66f5238f5b9b7d5ae58a' -> (Import Result ID: 'b8c47f65ddf29fbe7edf77083a4bac62') in 0.004 seconds [static and dynamic dependencies]. Details - ImportResultOutputID=b96f3f7e631d9a695207f086bab59e7a DependenciesID=150a3ef30c449f73f8257c9ff203b5bd StaticDependenciesID=9e04a784c209b739b816e29a9e397a5a 
Number of updated asset objects reloaded before import = 0
Number of asset objects unloaded after import = 1
========================================================================
Received Import Request.
  Time of request: 2026-09-21T17:58:52.3616847Z
  Time since last request: 0.0004835 seconds.
  importAddress: GUID: 3bbd27b3dd7be4a74aeab8da6b0af5cc - Path: Packages/com.unity.multiplayer.center/CHANGELOG.md - Importer: ScriptedImporter/UnityEditor.QuickSearchModule:UnityEditor.Search:ASIAI0B
Importing 'GUID: 3bbd27b3dd7be4a74aeab8da6b0af5cc - Path: Packages/com.unity.multiplayer.center/CHANGELOG.md - Importer: ScriptedImporter/UnityEditor.QuickSearchModule:UnityEditor.Search:ASIAI0B' with importer (ScriptedImporter : UnityEditor.QuickSearchModule:UnityEditor.Search:ASIAI0B)
Imported 'GUID: 3bbd27b3dd7be4a74aeab8da6b0af5cc' -> (Import Result ID: '87961e2ca2f78bc6aed1c67e11ee3305') in 0.003 seconds [static and dynamic dependencies]. Details - ImportResultOutputID=aa39e4ff78f587dbd7714f0100c0451c DependenciesID=762359b8004f3c4aed0074600363cc87 StaticDependenciesID=784597b1e09ebf972e338a25c40f0211 
Number of updated asset objects reloaded before import = 0
Number of asset objects unloaded after import = 1
========================================================================
Received Import Request.
  Time of request: 2026-09-21T17:58:52.3648344Z
  Time since last request: 0.0004264 seconds.
  importAddress: GUID: 42fe78c8fe682715a2cb531422e6ccb3 - Path: Packages/com.unity.modules.imgui/package.json - Importer: ScriptedImporter/UnityEditor.QuickSearchModule:UnityEditor.Search:ASIAI0B
Importing 'GUID: 42fe78c8fe682715a2cb531422e6ccb3 - Path: Packages/com.unity.modules.imgui/package.json - Importer: ScriptedImporter/UnityEditor.QuickSearchModule:UnityEditor.Search:ASIAI0B' with importer (ScriptedImporter : UnityEditor.QuickSearchModule:UnityEditor.Search:ASIAI0B)
Imported 'GUID: 42fe78c8fe682715a2cb531422e6ccb3' -> (Import Result ID: '09b18d4c5d9cb429affbe48c643ce86c') in 0.003 seconds [static and dynamic dependencies]. Details - ImportResultOutputID=2534ffa18ba75c4a0cbcff67265d60b2 DependenciesID=2727e841bceffd12b781dd7b4b42afdf StaticDependenciesID=780632b9a178a33902f5392619c9500b 
Number of updated asset objects reloaded before import = 0
Number of asset objects unloaded after import = 1
========================================================================
Received Import Request.
  Time of request: 2026-09-21T17:58:52.3677413Z
  Time since last request: 0.0002018 seconds.
  importAddress: GUID: dd20f32039084a12a8e48dffd4d58f48 - Path: Packages/com.unity.multiplayer.center/Editor/Analytics/DebugAnalytics.cs - Importer: ScriptedImporter/UnityEditor.QuickSearchModule:UnityEditor.Search:ASIAI0B
Importing 'GUID: dd20f32039084a12a8e48dffd4d58f48 - Path: Packages/com.unity.multiplayer.center/Editor/Analytics/DebugAnalytics.cs - Importer: ScriptedImporter/UnityEditor.QuickSearchModule:UnityEditor.Search:ASIAI0B' with importer (ScriptedImporter : UnityEditor.QuickSearchModule:UnityEditor.Search:ASIAI0B)
Imported 'GUID: dd20f32039084a12a8e48dffd4d58f48' -> (Import Result ID: '3d40e6a67c960fa44dbe8a8f23876e49') in 0.003 seconds [static and dynamic dependencies]. Details - ImportResultOutputID=e3b594c5d82204ea051bd145a2ec9fb6 DependenciesID=7991e76d0e55b024a6b25abcb632e418 StaticDependenciesID=50f4017e64a0796d1a28be671e856ef8 
Number of updated asset objects reloaded before import = 0
Number of asset objects unloaded after import = 0
========================================================================
Received Import Request.
  Time of request: 2026-09-21T17:58:52.3711219Z
  Time since last request: 0.0002912 seconds.
  importAddress: GUID: e6a135e3ea9cb46795d1b0e05ac3e1e5 - Path: Packages/com.unity.modules.jsonserialize/package.ModuleCompilationTrigger - Importer: ScriptedImporter/UnityEditor.QuickSearchModule:UnityEditor.Search:ASIAI0B
Importing 'GUID: e6a135e3ea9cb46795d1b0e05ac3e1e5 - Path: Packages/com.unity.modules.jsonserialize/package.ModuleCompilationTrigger - Importer: ScriptedImporter/UnityEditor.QuickSearchModule:UnityEditor.Search:ASIAI0B' with importer (ScriptedImporter : UnityEditor.QuickSearchModule:UnityEditor.Search:ASIAI0B)
Imported 'GUID: e6a135e3ea9cb46795d1b0e05ac3e1e5' -> (Import Result ID: '2049f41508571d6df51ff6afcfb145ae') in 0.003 seconds [static and dynamic dependencies]. Details - ImportResultOutputID=913bc08f18b17f3757a319e71b4c6177 DependenciesID=22c050577a77b58aa71555933adbb664 StaticDependenciesID=f0a8c83c7eb8745344ad5a8480e061d4 
Number of updated asset objects reloaded before import = 0
Number of asset objects unloaded after import = 1
========================================================================
Received Import Request.
  Time of request: 2026-09-21T17:58:52.3742112Z
  Time since last request: 0.0003524 seconds.
  importAddress: GUID: 71136fc5cf34f2cc10be0e33c0b08019 - Path: Packages/com.unity.modules.unityanalytics/package.ModuleCompilationTrigger - Importer: ScriptedImporter/UnityEditor.QuickSearchModule:UnityEditor.Search:ASIAI0B
Importing 'GUID: 71136fc5cf34f2cc10be0e33c0b08019 - Path: Packages/com.unity.modules.unityanalytics/package.ModuleCompilationTrigger - Importer: ScriptedImporter/UnityEditor.QuickSearchModule:UnityEditor.Search:ASIAI0B' with importer (ScriptedImporter : UnityEditor.QuickSearchModule:UnityEditor.Search:ASIAI0B)
Imported 'GUID: 71136fc5cf34f2cc10be0e33c0b08019' -> (Import Result ID: 'c0892975baaaed4165d2f3fcdbb2e1e4') in 0.003 seconds [static and dynamic dependencies]. Details - ImportResultOutputID=90d1fdc3299b1eb87ea5ad88ca2eecfd DependenciesID=23655931e852bc6fc7d5ed4c2ddba4c2 StaticDependenciesID=b2cd430e353824172c72e20a2c55c83c 
Number of updated asset objects reloaded before import = 0
Number of asset objects unloaded after import = 1
========================================================================
Received Import Request.
  Time of request: 2026-09-21T17:58:52.3773204Z
  Time since last request: 0.0003261 seconds.
  importAddress: GUID: 8bce0b24c28e45d884acfcf49a3b8945 - Path: Packages/com.unity.multiplayer.center/Editor/Analytics/MultiplayerCenterAnalyticsFactory.cs - Importer: ScriptedImporter/UnityEditor.QuickSearchModule:UnityEditor.Search:ASIAI0B
Importing 'GUID: 8bce0b24c28e45d884acfcf49a3b8945 - Path: Packages/com.unity.multiplayer.center/Editor/Analytics/MultiplayerCenterAnalyticsFactory.cs - Importer: ScriptedImporter/UnityEditor.QuickSearchModule:UnityEditor.Search:ASIAI0B' with importer (ScriptedImporter : UnityEditor.QuickSearchModule:UnityEditor.Search:ASIAI0B)
Imported 'GUID: 8bce0b24c28e45d884acfcf49a3b8945' -> (Import Result ID: '3eb40f3e91b489551a4018cfb4138457') in 0.003 seconds [static and dynamic dependencies]. Details - ImportResultOutputID=7b95c1c9c7eec750d60dcd31ac4581c0 DependenciesID=e2f92c132453861e17604768279e5045 StaticDependenciesID=ecb848d3b85ad99402a5266fdecd931c 
Number of updated asset objects reloaded before import = 0
Number of asset objects unloaded after import = 0
========================================================================
Received Import Request.
  Time of request: 2026-09-21T17:58:52.3809672Z
  Time since last request: 0.0002127 seconds.
  importAddress: GUID: fa27413e9edb06a6058d6c894eca0338 - Path: Packages/com.unity.modules.unitywebrequestwww/package.json - Importer: ScriptedImporter/UnityEditor.QuickSearchModule:UnityEditor.Search:ASIAI0B
Importing 'GUID: fa27413e9edb06a6058d6c894eca0338 - Path: Packages/com.unity.modules.unitywebrequestwww/package.json - Importer: ScriptedImporter/UnityEditor.QuickSearchModule:UnityEditor.Search:ASIAI0B' with importer (ScriptedImporter : UnityEditor.QuickSearchModule:UnityEditor.Search:ASIAI0B)
Imported 'GUID: fa27413e9edb06a6058d6c894eca0338' -> (Import Result ID: '41d45609e7b92ce25e7900c70fc3941e') in 0.003 seconds [static and dynamic dependencies]. Details - ImportResultOutputID=9d384691c78ab396b8fbb600c0479016 DependenciesID=83592593213eb543fd417aa3c4ce0d80 StaticDependenciesID=503565d38ed90976c5f02e3e9a1fd639 
Number of updated asset objects reloaded before import = 0
Number of asset objects unloaded after import = 1
========================================================================
Received Import Request.
  Time of request: 2026-09-21T17:58:52.384766Z
  Time since last request: 0.0003147 seconds.
  importAddress: GUID: d2c2caab1f2642afa6c07dec054fd34f - Path: Packages/com.unity.multiplayer.center/Editor/OnBoarding/GettingStartedTabView.cs - Importer: ScriptedImporter/UnityEditor.QuickSearchModule:UnityEditor.Search:ASIAI0B
Importing 'GUID: d2c2caab1f2642afa6c07dec054fd34f - Path: Packages/com.unity.multiplayer.center/Editor/OnBoarding/GettingStartedTabView.cs - Importer: ScriptedImporter/UnityEditor.QuickSearchModule:UnityEditor.Search:ASIAI0B' with importer (ScriptedImporter : UnityEditor.QuickSearchModule:UnityEditor.Search:ASIAI0B)
Imported 'GUID: d2c2caab1f2642afa6c07dec054fd34f' -> (Import Result ID: 'bace79c82df599973cc4d5326daa207a') in 0.003 seconds [static and dynamic dependencies]. Details - ImportResultOutputID=0216e04cba0718cf6e82fe4451065a6a DependenciesID=ba5daefbb7a5a6bead668f9bfdcef778 StaticDependenciesID=1af041d60434ec004b2e4c3bccd9aff3 
Number of updated asset objects reloaded before import = 0
Number of asset objects unloaded after import = 0
========================================================================
Received Import Request.
  Time of request: 2026-09-21T17:58:52.387911Z
  Time since last request: 0.000232 seconds.
  importAddress: GUID: 322b0121d39f45208a3d933e6926a9d8 - Path: Packages/com.unity.multiplayer.center/Editor/OnBoarding/QuickstartPackageHandling.cs - Importer: ScriptedImporter/UnityEditor.QuickSearchModule:UnityEditor.Search:ASIAI0B
Importing 'GUID: 322b0121d39f45208a3d933e6926a9d8 - Path: Packages/com.unity.multiplayer.center/Editor/OnBoarding/QuickstartPackageHandling.cs - Importer: ScriptedImporter/UnityEditor.QuickSearchModule:UnityEditor.Search:ASIAI0B' with importer (ScriptedImporter : UnityEditor.QuickSearchModule:UnityEditor.Search:ASIAI0B)
Imported 'GUID: 322b0121d39f45208a3d933e6926a9d8' -> (Import Result ID: 'a74b3a8245f249d75bb68d1df8997216') in 0.003 seconds [static and dynamic dependencies]. Details - ImportResultOutputID=18284ac0b70aa657c3885c27eb690c93 DependenciesID=689bdb62dcf34a947b6dbf2aa65f2425 StaticDependenciesID=5b82b0ec4b3602308ef76701036e50d7 
Number of updated asset objects reloaded before import = 0
Number of asset objects unloaded after import = 0
========================================================================
Received Import Request.
  Time of request: 2026-09-21T17:58:52.3910792Z
  Time since last request: 0.0003004 seconds.
  importAddress: GUID: 26a4f29db434fd79025c91f6126382cc - Path: Packages/com.unity.modules.unityanalytics/package.json - Importer: ScriptedImporter/UnityEditor.QuickSearchModule:UnityEditor.Search:ASIAI0B
Importing 'GUID: 26a4f29db434fd79025c91f6126382cc - Path: Packages/com.unity.modules.unityanalytics/package.json - Importer: ScriptedImporter/UnityEditor.QuickSearchModule:UnityEditor.Search:ASIAI0B' with importer (ScriptedImporter : UnityEditor.QuickSearchModule:UnityEditor.Search:ASIAI0B)
Imported 'GUID: 26a4f29db434fd79025c91f6126382cc' -> (Import Result ID: '6c50b7271ac49c6f4137e71493a10dc3') in 0.003 seconds [static and dynamic dependencies]. Details - ImportResultOutputID=abe2e3aff33b9a2307c91b708e8f3143 DependenciesID=9af60d8d7c2828f3ddc08570ee172920 StaticDependenciesID=950c77172bbf7b06aa3514d7daad1688 
Number of updated asset objects reloaded before import = 0
Number of asset objects unloaded after import = 1
========================================================================
Received Import Request.
  Time of request: 2026-09-21T17:58:52.3944177Z
  Time since last request: 0.0002631 seconds.
  importAddress: GUID: 7e006510f5f4425ca971c7de0bfbb77a - Path: Packages/com.unity.multiplayer.center/Editor/MultiplayerCenterWindow/MultiplayerCenterWindow.cs - Importer: ScriptedImporter/UnityEditor.QuickSearchModule:UnityEditor.Search:ASIAI0B
Importing 'GUID: 7e006510f5f4425ca971c7de0bfbb77a - Path: Packages/com.unity.multiplayer.center/Editor/MultiplayerCenterWindow/MultiplayerCenterWindow.cs - Importer: ScriptedImporter/UnityEditor.QuickSearchModule:UnityEditor.Search:ASIAI0B' with importer (ScriptedImporter : UnityEditor.QuickSearchModule:UnityEditor.Search:ASIAI0B)
Imported 'GUID: 7e006510f5f4425ca971c7de0bfbb77a' -> (Import Result ID: 'ba008270344e7d5e0673110ee7495f07') in 0.003 seconds [static and dynamic dependencies]. Details - ImportResultOutputID=9b682db68d6bf80d35d745e5c71ee521 DependenciesID=68f77c39a5d3a757917361fb5cc74afc StaticDependenciesID=fbdb7e51240e3bc07dd44a136a565f65 
Number of updated asset objects reloaded before import = 0
Number of asset objects unloaded after import = 0
========================================================================
Received Import Request.
  Time of request: 2026-09-21T17:58:52.3973466Z
  Time since last request: 0.0002152 seconds.
  importAddress: GUID: fdefed6b790f4373b0feb7d25854d8ac - Path: Packages/com.unity.multiplayer.center/Editor/MultiplayerCenterWindow/TabGroup.cs - Importer: ScriptedImporter/UnityEditor.QuickSearchModule:UnityEditor.Search:ASIAI0B
Importing 'GUID: fdefed6b790f4373b0feb7d25854d8ac - Path: Packages/com.unity.multiplayer.center/Editor/MultiplayerCenterWindow/TabGroup.cs - Importer: ScriptedImporter/UnityEditor.QuickSearchModule:UnityEditor.Search:ASIAI0B' with importer (ScriptedImporter : UnityEditor.QuickSearchModule:UnityEditor.Search:ASIAI0B)
Imported 'GUID: fdefed6b790f4373b0feb7d25854d8ac' -> (Import Result ID: '618ae4e126cfd52cc6ae1a2bcf2845bd') in 0.002 seconds [static and dynamic dependencies]. Details - ImportResultOutputID=89337460dd5615a26d819f55697855c0 DependenciesID=1153c9b93679340b15d79cd600600aef StaticDependenciesID=da956005393a0e01981bbbc20f5b664e 
Number of updated asset objects reloaded before import = 0
Number of asset objects unloaded after import = 0
========================================================================
Received Import Request.
  Time of request: 2026-09-21T17:58:52.4000272Z
  Time since last request: 0.000217 seconds.
  importAddress: GUID: 92a378669877c05c6071d0fed687bb95 - Path: Packages/com.unity.modules.tilemap/package.json - Importer: ScriptedImporter/UnityEditor.QuickSearchModule:UnityEditor.Search:ASIAI0B
Importing 'GUID: 92a378669877c05c6071d0fed687bb95 - Path: Packages/com.unity.modules.tilemap/package.json - Importer: ScriptedImporter/UnityEditor.QuickSearchModule:UnityEditor.Search:ASIAI0B' with importer (ScriptedImporter : UnityEditor.QuickSearchModule:UnityEditor.Search:ASIAI0B)
Imported 'GUID: 92a378669877c05c6071d0fed687bb95' -> (Import Result ID: 'fcec9a0e49e42fc3f5f2d68faf57b70a') in 0.002 seconds [static and dynamic dependencies]. Details - ImportResultOutputID=a397a6ddc1de3e94c94d81016241d0d2 DependenciesID=edb34fc64dad285a4bbaa6f5049d502f StaticDependenciesID=22d9fb4ba7dd23fd8d9c72d5bdbada0e 
Number of updated asset objects reloaded before import = 0
Number of asset objects unloaded after import = 1
========================================================================
Received Import Request.
  Time of request: 2026-09-21T17:58:52.4161871Z
  Time since last request: 0.0135255 seconds.
  importAddress: GUID: 157e1606dfbd48dda6f01acbf49435b0 - Path: Packages/com.unity.multiplayer.center/Editor/MultiplayerCenterWindow/UI/QuestionSection.cs - Importer: ScriptedImporter/UnityEditor.QuickSearchModule:UnityEditor.Search:ASIAI0B
Importing 'GUID: 157e1606dfbd48dda6f01acbf49435b0 - Path: Packages/com.unity.multiplayer.center/Editor/MultiplayerCenterWindow/UI/QuestionSection.cs - Importer: ScriptedImporter/UnityEditor.QuickSearchModule:UnityEditor.Search:ASIAI0B' with importer (ScriptedImporter : UnityEditor.QuickSearchModule:UnityEditor.Search:ASIAI0B)
Imported 'GUID: 157e1606dfbd48dda6f01acbf49435b0' -> (Import Result ID: 'faa9dedd6b864062dee514f11df9ada8') in 0.002 seconds [static and dynamic dependencies]. Details - ImportResultOutputID=421980fe6ade08ac100216461973ebb1 DependenciesID=e816eec880eee2b987e5abeb1e65a4b7 StaticDependenciesID=de10720dea69c03339a94131becdfbc9 
Number of updated asset objects reloaded before import = 0
Number of asset objects unloaded after import = 0
========================================================================
Received Import Request.
  Time of request: 2026-09-21T17:58:52.4188756Z
  Time since last request: 0.0002654 seconds.
  importAddress: GUID: 525a6cca8dd9a4d28875a8fe824710d9 - Path: Packages/com.unity.multiplayer.center/Editor/MultiplayerCenterWindow/UI/Icons/d_Package.png - Importer: ScriptedImporter/UnityEditor.QuickSearchModule:UnityEditor.Search:ASIAI0B
Importing 'GUID: 525a6cca8dd9a4d28875a8fe824710d9 - Path: Packages/com.unity.multiplayer.center/Editor/MultiplayerCenterWindow/UI/Icons/d_Package.png - Importer: ScriptedImporter/UnityEditor.QuickSearchModule:UnityEditor.Search:ASIAI0B' with importer (ScriptedImporter : UnityEditor.QuickSearchModule:UnityEditor.Search:ASIAI0B)
Imported 'GUID: 525a6cca8dd9a4d28875a8fe824710d9' -> (Import Result ID: '777ace75952c8db50e80efba439190f4') in 0.034 seconds [static and dynamic dependencies]. Details - ImportResultOutputID=5576159c1972c89c47dacf7b467543e4 DependenciesID=f02fecb17ac64363ca53268fc3a3edd4 StaticDependenciesID=21ae3d181a7f9aa76b490a72a01662b1 
Number of updated asset objects reloaded before import = 0
Number of asset objects unloaded after import = 1
========================================================================
Received Import Request.
  Time of request: 2026-09-21T17:58:52.4535505Z
  Time since last request: 0.0002497 seconds.
  importAddress: GUID: ca560c7d2a0d4453a50ec4f704ce9ce1 - Path: Packages/com.unity.multiplayer.center/Tests/Editor/UtilsForRecommendationTests.cs - Importer: ScriptedImporter/UnityEditor.QuickSearchModule:UnityEditor.Search:ASIAI0B
Importing 'GUID: ca560c7d2a0d4453a50ec4f704ce9ce1 - Path: Packages/com.unity.multiplayer.center/Tests/Editor/UtilsForRecommendationTests.cs - Importer: ScriptedImporter/UnityEditor.QuickSearchModule:UnityEditor.Search:ASIAI0B' with importer (ScriptedImporter : UnityEditor.QuickSearchModule:UnityEditor.Search:ASIAI0B)
Imported 'GUID: ca560c7d2a0d4453a50ec4f704ce9ce1' -> (Import Result ID: '8223ad2708c8d89169771eeb8f47e78d') in 0.002 seconds [static and dynamic dependencies]. Details - ImportResultOutputID=ebc0db0f4cb57e59b70dd73056b8ce5e DependenciesID=fca739fbc4aabed6b66a353ce6e31fb6 StaticDependenciesID=5316fa51d607ccaad0a41443f693cf21 
Number of updated asset objects reloaded before import = 0
Number of asset objects unloaded after import = 0
========================================================================
Received Import Request.
  Time of request: 2026-09-21T17:58:52.4560492Z
  Time since last request: 0.0002224 seconds.
  importAddress: GUID: 29cbd1c6a8c9419aac357b8d4edbdc84 - Path: Packages/com.unity.multiplayer.center/Tests/Editor/QuickstartTabTests.cs - Importer: ScriptedImporter/UnityEditor.QuickSearchModule:UnityEditor.Search:ASIAI0B
Importing 'GUID: 29cbd1c6a8c9419aac357b8d4edbdc84 - Path: Packages/com.unity.multiplayer.center/Tests/Editor/QuickstartTabTests.cs - Importer: ScriptedImporter/UnityEditor.QuickSearchModule:UnityEditor.Search:ASIAI0B' with importer (ScriptedImporter : UnityEditor.QuickSearchModule:UnityEditor.Search:ASIAI0B)
Imported 'GUID: 29cbd1c6a8c9419aac357b8d4edbdc84' -> (Import Result ID: '90623629248d9c3d7805963b45d24b0b') in 0.003 seconds [static and dynamic dependencies]. Details - ImportResultOutputID=4fe8b7978caac211d94dad554d9f8cf1 DependenciesID=c42d41513426e7bb9889f80d3189602b StaticDependenciesID=7eb3ad024bca673fb20f9d50a5f8ac9a 
Number of updated asset objects reloaded before import = 0
Number of asset objects unloaded after import = 0
========================================================================
Received Import Request.
  Time of request: 2026-09-21T17:58:52.4598542Z
  Time since last request: 0.000229 seconds.
  importAddress: GUID: 3595bcaa1af84e6d92e07f0258a4256c - Path: Packages/com.unity.multiplayer.center/Editor/Questionnaire/PresetData.cs - Importer: ScriptedImporter/UnityEditor.QuickSearchModule:UnityEditor.Search:ASIAI0B
Importing 'GUID: 3595bcaa1af84e6d92e07f0258a4256c - Path: Packages/com.unity.multiplayer.center/Editor/Questionnaire/PresetData.cs - Importer: ScriptedImporter/UnityEditor.QuickSearchModule:UnityEditor.Search:ASIAI0B' with importer (ScriptedImporter : UnityEditor.QuickSearchModule:UnityEditor.Search:ASIAI0B)
Imported 'GUID: 3595bcaa1af84e6d92e07f0258a4256c' -> (Import Result ID: 'f311c6ac4770312fa7e7f43e657fc56f') in 0.002 seconds [static and dynamic dependencies]. Details - ImportResultOutputID=8521fda961a3dd2a413be1ca611008ae DependenciesID=0935806c52db2b641cdf4c7aa0cec5d0 StaticDependenciesID=9b9c5612e650e47535cda507ab69b6a7 
Number of updated asset objects reloaded before import = 0
Number of asset objects unloaded after import = 0
========================================================================
Received Import Request.
  Time of request: 2026-09-21T17:58:52.4623329Z
  Time since last request: 0.0002571 seconds.
  importAddress: GUID: dab91f148d99946e7b3c3a87ecf4b973 - Path: Packages/com.unity.multiplayer.center/Editor/MultiplayerCenterWindow/UI/Icons/d_Loading.png - Importer: ScriptedImporter/UnityEditor.QuickSearchModule:UnityEditor.Search:ASIAI0B
Importing 'GUID: dab91f148d99946e7b3c3a87ecf4b973 - Path: Packages/com.unity.multiplayer.center/Editor/MultiplayerCenterWindow/UI/Icons/d_Loading.png - Importer: ScriptedImporter/UnityEditor.QuickSearchModule:UnityEditor.Search:ASIAI0B' with importer (ScriptedImporter : UnityEditor.QuickSearchModule:UnityEditor.Search:ASIAI0B)
Imported 'GUID: dab91f148d99946e7b3c3a87ecf4b973' -> (Import Result ID: 'dae4c5fc4c0499e9a9df1277e849b105') in 0.005 seconds [static and dynamic dependencies]. Details - ImportResultOutputID=281cb92dc66df6bd533c8dc53d7ad8cf DependenciesID=f49642a55af0a057731051c8d6889390 StaticDependenciesID=00a0eca1fc933570580c293fa4748b62 
Number of updated asset objects reloaded before import = 0
Number of asset objects unloaded after import = 1
========================================================================
Received Import Request.
  Time of request: 2026-09-21T17:58:52.4674756Z
  Time since last request: 0.0002277 seconds.
  importAddress: GUID: cfc5ccd4416341629caf73dd3e318aac - Path: Packages/com.unity.multiplayer.center/Tests/Editor/UtilsForMultiplayerCenterTests.cs - Importer: ScriptedImporter/UnityEditor.QuickSearchModule:UnityEditor.Search:ASIAI0B
Importing 'GUID: cfc5ccd4416341629caf73dd3e318aac - Path: Packages/com.unity.multiplayer.center/Tests/Editor/UtilsForMultiplayerCenterTests.cs - Importer: ScriptedImporter/UnityEditor.QuickSearchModule:UnityEditor.Search:ASIAI0B' with importer (ScriptedImporter : UnityEditor.QuickSearchModule:UnityEditor.Search:ASIAI0B)
Imported 'GUID: cfc5ccd4416341629caf73dd3e318aac' -> (Import Result ID: '536580160551c7c525c0b3c0eee76b99') in 0.003 seconds [static and dynamic dependencies]. Details - ImportResultOutputID=b45e1fbca0c67f18cd7b8b2b985f2d59 DependenciesID=de0b99abd10eabdb711486f4044a989b StaticDependenciesID=86802eb4d02cfae4b3d295a72a3286e1 
Number of updated asset objects reloaded before import = 0
Number of asset objects unloaded after import = 0
========================================================================
Received Import Request.
  Time of request: 2026-09-21T17:58:52.4703932Z
  Time since last request: 0.0002357 seconds.
  importAddress: GUID: 1c3db2c484234a94a19c3acdc2539575 - Path: Packages/com.unity.multiplayer.center/Editor/MultiplayerCenterWindow/UI/StyleClasses.cs - Importer: ScriptedImporter/UnityEditor.QuickSearchModule:UnityEditor.Search:ASIAI0B
Importing 'GUID: 1c3db2c484234a94a19c3acdc2539575 - Path: Packages/com.unity.multiplayer.center/Editor/MultiplayerCenterWindow/UI/StyleClasses.cs - Importer: ScriptedImporter/UnityEditor.QuickSearchModule:UnityEditor.Search:ASIAI0B' with importer (ScriptedImporter : UnityEditor.QuickSearchModule:UnityEditor.Search:ASIAI0B)
Imported 'GUID: 1c3db2c484234a94a19c3acdc2539575' -> (Import Result ID: 'c7b3db003f960aef38837399b0daf9e1') in 0.002 seconds [static and dynamic dependencies]. Details - ImportResultOutputID=31be8158b8def1e2895725d117cf9d66 DependenciesID=5b39d878b3388e90264c7122bfd32140 StaticDependenciesID=ca6e867962153f2776482fb660672d29 
Number of updated asset objects reloaded before import = 0
Number of asset objects unloaded after import = 0
========================================================================
Received Import Request.
  Time of request: 2026-09-21T17:58:52.4730559Z
  Time since last request: 0.0002721 seconds.
  importAddress: GUID: ad1d29f4654194951a3c8bf507914d05 - Path: Packages/com.unity.multiplayer.center/Editor/MultiplayerCenterWindow/UI/Icons/CloudCode.png - Importer: ScriptedImporter/UnityEditor.QuickSearchModule:UnityEditor.Search:ASIAI0B
Importing 'GUID: ad1d29f4654194951a3c8bf507914d05 - Path: Packages/com.unity.multiplayer.center/Editor/MultiplayerCenterWindow/UI/Icons/CloudCode.png - Importer: ScriptedImporter/UnityEditor.QuickSearchModule:UnityEditor.Search:ASIAI0B' with importer (ScriptedImporter : UnityEditor.QuickSearchModule:UnityEditor.Search:ASIAI0B)
Imported 'GUID: ad1d29f4654194951a3c8bf507914d05' -> (Import Result ID: 'd9170aa2499b967fc1c08af7686792dd') in 0.005 seconds [static and dynamic dependencies]. Details - ImportResultOutputID=3d53e68304a0d654a4b4185f2f523828 DependenciesID=4f8b0c21b6cd5102c7c62831459fa2b9 StaticDependenciesID=fb9fec70c247f68f478adee8e5fc14c2 
Number of updated asset objects reloaded before import = 0
Number of asset objects unloaded after import = 1
========================================================================
Received Import Request.
  Time of request: 2026-09-21T17:58:52.4781885Z
  Time since last request: 0.0002319 seconds.
  importAddress: GUID: f1ac2efb1bcd4dfd95dc196ed3c11367 - Path: Packages/com.unity.multiplayer.center/Editor/MultiplayerCenterWindow/UI/light.uss - Importer: ScriptedImporter/UnityEditor.QuickSearchModule:UnityEditor.Search:ASIAI0B
Importing 'GUID: f1ac2efb1bcd4dfd95dc196ed3c11367 - Path: Packages/com.unity.multiplayer.center/Editor/MultiplayerCenterWindow/UI/light.uss - Importer: ScriptedImporter/UnityEditor.QuickSearchModule:UnityEditor.Search:ASIAI0B' with importer (ScriptedImporter : UnityEditor.QuickSearchModule:UnityEditor.Search:ASIAI0B)
Imported 'GUID: f1ac2efb1bcd4dfd95dc196ed3c11367' -> (Import Result ID: '650843905c3e84043513bcf967f10a45') in 0.023 seconds [static and dynamic dependencies]. Details - ImportResultOutputID=3d6c7a83c59324c08405a3d0aaa0afc9 DependenciesID=a767922f0a19de09fffcb2184086e659 StaticDependenciesID=aa4d4857c06e351c211854bd34d38604 
Number of updated asset objects reloaded before import = 0
Number of asset objects unloaded after import = 9
========================================================================
Received Import Request.
  Time of request: 2026-09-21T17:58:52.5018667Z
  Time since last request: 0.0000858 seconds.
  importAddress: GUID: d7711b0cc806d430b8a95f1e33ec3649 - Path: Packages/com.unity.multiplayer.center/Editor/MultiplayerCenterWindow/UI/Icons/CustomNetcode@2x.png - Importer: ScriptedImporter/UnityEditor.QuickSearchModule:UnityEditor.Search:ASIAI0B
Importing 'GUID: d7711b0cc806d430b8a95f1e33ec3649 - Path: Packages/com.unity.multiplayer.center/Editor/MultiplayerCenterWindow/UI/Icons/CustomNetcode@2x.png - Importer: ScriptedImporter/UnityEditor.QuickSearchModule:UnityEditor.Search:ASIAI0B' with importer (ScriptedImporter : UnityEditor.QuickSearchModule:UnityEditor.Search:ASIAI0B)
Imported 'GUID: d7711b0cc806d430b8a95f1e33ec3649' -> (Import Result ID: '6c1c587c7eb1542d316e29a981c25ebf') in 0.006 seconds [static and dynamic dependencies]. Details - ImportResultOutputID=f83641cca67f66ef4af0b9cc5c897d5f DependenciesID=5b3634fda7d9c5ef3aac6928765c68da StaticDependenciesID=83f9656e6fd17e2f61b0ad711c3a1caf 
Number of updated asset objects reloaded before import = 0
Number of asset objects unloaded after import = 1
========================================================================
Received Import Request.
  Time of request: 2026-09-21T17:58:52.5078823Z
  Time since last request: 0.0002405 seconds.
  importAddress: GUID: 7ca5cd79ef39442e599efb761abcbaac - Path: Packages/com.unity.multiplayer.center/Editor/Questionnaire/QuestionnaireData.cs - Importer: ScriptedImporter/UnityEditor.QuickSearchModule:UnityEditor.Search:ASIAI0B
Importing 'GUID: 7ca5cd79ef39442e599efb761abcbaac - Path: Packages/com.unity.multiplayer.center/Editor/Questionnaire/QuestionnaireData.cs - Importer: ScriptedImporter/UnityEditor.QuickSearchModule:UnityEditor.Search:ASIAI0B' with importer (ScriptedImporter : UnityEditor.QuickSearchModule:UnityEditor.Search:ASIAI0B)
Imported 'GUID: 7ca5cd79ef39442e599efb761abcbaac' -> (Import Result ID: '9b815f9367385e4030cf8609dd9709fd') in 0.002 seconds [static and dynamic dependencies]. Details - ImportResultOutputID=5575ebd8f66fabc146aa407dec85a088 DependenciesID=3c56d93c56dce472f915216f01757aeb StaticDependenciesID=ab336376a0ce8de6627a9c9b8a9d4a81 
Number of updated asset objects reloaded before import = 0
Number of asset objects unloaded after import = 0
========================================================================
Received Import Request.
  Time of request: 2026-09-21T17:58:52.5103132Z
  Time since last request: 0.0002824 seconds.
  importAddress: GUID: 787ec048daec145b580d1134da5dd278 - Path: Packages/com.unity.multiplayer.center/Tests/Editor/Unity.Multiplayer.Center.Editor.Tests.asmdef - Importer: ScriptedImporter/UnityEditor.QuickSearchModule:UnityEditor.Search:ASIAI0B
Importing 'GUID: 787ec048daec145b580d1134da5dd278 - Path: Packages/com.unity.multiplayer.center/Tests/Editor/Unity.Multiplayer.Center.Editor.Tests.asmdef - Importer: ScriptedImporter/UnityEditor.QuickSearchModule:UnityEditor.Search:ASIAI0B' with importer (ScriptedImporter : UnityEditor.QuickSearchModule:UnityEditor.Search:ASIAI0B)
Imported 'GUID: 787ec048daec145b580d1134da5dd278' -> (Import Result ID: 'be9384ef2fd6134f584f5a90283363d6') in 0.002 seconds [static and dynamic dependencies]. Details - ImportResultOutputID=c46fd8fc4420c6ffe7176a4d52da4b60 DependenciesID=3ca58defe04b9b302f0003d3dfa0fa36 StaticDependenciesID=b686da3eb2e650b22f3203fc9a5140da 
Number of updated asset objects reloaded before import = 0
Number of asset objects unloaded after import = 1
========================================================================
Received Import Request.
  Time of request: 2026-09-21T17:58:52.5130241Z
  Time since last request: 0.0002049 seconds.
  importAddress: GUID: c2c1cf24bea5410ea530b2c8a875b293 - Path: Packages/com.unity.multiplayer.center/Tests/Editor/AnalyticsUtilsTests.cs - Importer: ScriptedImporter/UnityEditor.QuickSearchModule:UnityEditor.Search:ASIAI0B
Importing 'GUID: c2c1cf24bea5410ea530b2c8a875b293 - Path: Packages/com.unity.multiplayer.center/Tests/Editor/AnalyticsUtilsTests.cs - Importer: ScriptedImporter/UnityEditor.QuickSearchModule:UnityEditor.Search:ASIAI0B' with importer (ScriptedImporter : UnityEditor.QuickSearchModule:UnityEditor.Search:ASIAI0B)
Imported 'GUID: c2c1cf24bea5410ea530b2c8a875b293' -> (Import Result ID: '18efb5534661db0e90e189ad5e3d4e40') in 0.002 seconds [static and dynamic dependencies]. Details - ImportResultOutputID=f0de5b486d4cf8991a44e5708e87f9c0 DependenciesID=f0071a62b39f43e873394f4bf96ec942 StaticDependenciesID=d17e384acbc26ede94e0eefce3effc27 
Number of updated asset objects reloaded before import = 0
Number of asset objects unloaded after import = 0
========================================================================
Received Import Request.
  Time of request: 2026-09-21T17:58:52.5151725Z
  Time since last request: 0.0002019 seconds.
  importAddress: GUID: 0d9328c739784454ad03d404f395a0ab - Path: Packages/com.unity.multiplayer.center/Editor/MultiplayerCenterWindow/UI/ViewUtils.cs - Importer: ScriptedImporter/UnityEditor.QuickSearchModule:UnityEditor.Search:ASIAI0B
Importing 'GUID: 0d9328c739784454ad03d404f395a0ab - Path: Packages/com.unity.multiplayer.center/Editor/MultiplayerCenterWindow/UI/ViewUtils.cs - Importer: ScriptedImporter/UnityEditor.QuickSearchModule:UnityEditor.Search:ASIAI0B' with importer (ScriptedImporter : UnityEditor.QuickSearchModule:UnityEditor.Search:ASIAI0B)
Imported 'GUID: 0d9328c739784454ad03d404f395a0ab' -> (Import Result ID: '423ea2e43684547e376700115e2f5e9e') in 0.002 seconds [static and dynamic dependencies]. Details - ImportResultOutputID=e1a4d89dc5b1ea702ac7f466ed6034fa DependenciesID=95f02fd2e12f396adcbb3c7a6228c65d StaticDependenciesID=6625eddeb7bab95c53605e7a89f00ecf 
Number of updated asset objects reloaded before import = 0
Number of asset objects unloaded after import = 0
========================================================================
Received Import Request.
  Time of request: 2026-09-21T17:58:52.5179855Z
  Time since last request: 0.0002745 seconds.
  importAddress: GUID: 36b51591e13f48b5bed734724d149fb4 - Path: Packages/com.unity.multiplayer.center/Tests/Editor/RecommendationAnalyticsTests.cs - Importer: ScriptedImporter/UnityEditor.QuickSearchModule:UnityEditor.Search:ASIAI0B
Importing 'GUID: 36b51591e13f48b5bed734724d149fb4 - Path: Packages/com.unity.multiplayer.center/Tests/Editor/RecommendationAnalyticsTests.cs - Importer: ScriptedImporter/UnityEditor.QuickSearchModule:UnityEditor.Search:ASIAI0B' with importer (ScriptedImporter : UnityEditor.QuickSearchModule:UnityEditor.Search:ASIAI0B)
Imported 'GUID: 36b51591e13f48b5bed734724d149fb4' -> (Import Result ID: '8faf81caed69a0b9bbdc9d42213ff5c5') in 0.002 seconds [static and dynamic dependencies]. Details - ImportResultOutputID=f4880c422fa781f8ccd1f6d7fb600772 DependenciesID=472957094579f442ccd04c7fbcc46336 StaticDependenciesID=65b7802743048d05e140429bbb8f4547 
Number of updated asset objects reloaded before import = 0
Number of asset objects unloaded after import = 0
========================================================================
Received Import Request.
  Time of request: 2026-09-21T17:58:52.5207808Z
  Time since last request: 0.0002192 seconds.
  importAddress: GUID: 8110dd6ddbc04e58b50978562ce0c00a - Path: Packages/com.unity.multiplayer.center/Tests/Editor/ExpectedPresetRecommendations.cs - Importer: ScriptedImporter/UnityEditor.QuickSearchModule:UnityEditor.Search:ASIAI0B
Importing 'GUID: 8110dd6ddbc04e58b50978562ce0c00a - Path: Packages/com.unity.multiplayer.center/Tests/Editor/ExpectedPresetRecommendations.cs - Importer: ScriptedImporter/UnityEditor.QuickSearchModule:UnityEditor.Search:ASIAI0B' with importer (ScriptedImporter : UnityEditor.QuickSearchModule:UnityEditor.Search:ASIAI0B)
Imported 'GUID: 8110dd6ddbc04e58b50978562ce0c00a' -> (Import Result ID: '90b40c56f8ef1f0be762ad5b50f8c3e8') in 0.004 seconds [static and dynamic dependencies]. Details - ImportResultOutputID=f293fa17c07a1f83261b87a03b124c1a DependenciesID=b1a69b4f01796768c54870d1bb4814ca StaticDependenciesID=f514a50a492787a29671d9fd97217936 
Number of updated asset objects reloaded before import = 0
Number of asset objects unloaded after import = 0
========================================================================
Received Import Request.
  Time of request: 2026-09-21T17:58:52.5247991Z
  Time since last request: 0.000271 seconds.
  importAddress: GUID: 1b4c88814ec6241eb8e327515399c006 - Path: Packages/com.unity.multiplayer.center/Editor/MultiplayerCenterWindow/UI/Icons/d_PackageManager.png - Importer: ScriptedImporter/UnityEditor.QuickSearchModule:UnityEditor.Search:ASIAI0B
Importing 'GUID: 1b4c88814ec6241eb8e327515399c006 - Path: Packages/com.unity.multiplayer.center/Editor/MultiplayerCenterWindow/UI/Icons/d_PackageManager.png - Importer: ScriptedImporter/UnityEditor.QuickSearchModule:UnityEditor.Search:ASIAI0B' with importer (ScriptedImporter : UnityEditor.QuickSearchModule:UnityEditor.Search:ASIAI0B)
Imported 'GUID: 1b4c88814ec6241eb8e327515399c006' -> (Import Result ID: 'dae3acd6c19de8ba933fb7f96f6f423b') in 0.007 seconds [static and dynamic dependencies]. Details - ImportResultOutputID=3221a8a7cd02ff7d57f4b614a1c3000e DependenciesID=89c90b231db39168a585d7e3207e7a78 StaticDependenciesID=aefc36cc645b790b31747850940df3fa 
Number of updated asset objects reloaded before import = 0
Number of asset objects unloaded after import = 1
========================================================================
Received Import Request.
  Time of request: 2026-09-21T17:58:52.5318761Z
  Time since last request: 0.0003304 seconds.
  importAddress: GUID: 6cfa81557736450abfb73264580451c1 - Path: Packages/com.unity.multiplayer.center/Tests/Editor/SectionHeaderTests.cs - Importer: ScriptedImporter/UnityEditor.QuickSearchModule:UnityEditor.Search:ASIAI0B
Importing 'GUID: 6cfa81557736450abfb73264580451c1 - Path: Packages/com.unity.multiplayer.center/Tests/Editor/SectionHeaderTests.cs - Importer: ScriptedImporter/UnityEditor.QuickSearchModule:UnityEditor.Search:ASIAI0B' with importer (ScriptedImporter : UnityEditor.QuickSearchModule:UnityEditor.Search:ASIAI0B)
Imported 'GUID: 6cfa81557736450abfb73264580451c1' -> (Import Result ID: '7f19c022b6bf8ca9b57fa6b7ac4039de') in 0.002 seconds [static and dynamic dependencies]. Details - ImportResultOutputID=2c115e99a9969dc3624911511db003f0 DependenciesID=9c1de5971604b75dbe466af3128c7904 StaticDependenciesID=50f2c80af0455fddee5949db40edc09f 
Number of updated asset objects reloaded before import = 0
Number of asset objects unloaded after import = 0
========================================================================
Received Import Request.
  Time of request: 2026-09-21T17:58:52.5346633Z
  Time since last request: 0.0002877 seconds.
  importAddress: GUID: 52a77c59214a4cb5a43fc7b0e097d832 - Path: Packages/com.unity.multiplayer.center/Editor/Recommendations/RecommendationUtils.cs - Importer: ScriptedImporter/UnityEditor.QuickSearchModule:UnityEditor.Search:ASIAI0B
Importing 'GUID: 52a77c59214a4cb5a43fc7b0e097d832 - Path: Packages/com.unity.multiplayer.center/Editor/Recommendations/RecommendationUtils.cs - Importer: ScriptedImporter/UnityEditor.QuickSearchModule:UnityEditor.Search:ASIAI0B' with importer (ScriptedImporter : UnityEditor.QuickSearchModule:UnityEditor.Search:ASIAI0B)
Imported 'GUID: 52a77c59214a4cb5a43fc7b0e097d832' -> (Import Result ID: '63c10448f36d171ca3a32d51e0814034') in 0.003 seconds [static and dynamic dependencies]. Details - ImportResultOutputID=c04abcf404d9030919d32e99fdf701ef DependenciesID=11d998664ece3902f2bb7545c9ada390 StaticDependenciesID=cbcbb0da759e914a4877fe8f1859a096 
Number of updated asset objects reloaded before import = 0
Number of asset objects unloaded after import = 0
========================================================================
Received Import Request.
  Time of request: 2026-09-21T17:58:52.5384739Z
  Time since last request: 0.0002488 seconds.
  importAddress: GUID: c3d3226643b94888b02e25de0a9de55f - Path: Packages/com.unity.multiplayer.center/Tests/Editor/UserVisibleTextTests.cs - Importer: ScriptedImporter/UnityEditor.QuickSearchModule:UnityEditor.Search:ASIAI0B
Importing 'GUID: c3d3226643b94888b02e25de0a9de55f - Path: Packages/com.unity.multiplayer.center/Tests/Editor/UserVisibleTextTests.cs - Importer: ScriptedImporter/UnityEditor.QuickSearchModule:UnityEditor.Search:ASIAI0B' with importer (ScriptedImporter : UnityEditor.QuickSearchModule:UnityEditor.Search:ASIAI0B)
Imported 'GUID: c3d3226643b94888b02e25de0a9de55f' -> (Import Result ID: 'edda7a007750fb8e21c465551c03ca03') in 0.002 seconds [static and dynamic dependencies]. Details - ImportResultOutputID=d6dc01fa525ce18cbc29ba9c587efa12 DependenciesID=361a049b3431e06a0625de94b58ca18c StaticDependenciesID=1bfa71bf28381d7cb603a808ad11e7ef 
Number of updated asset objects reloaded before import = 0
Number of asset objects unloaded after import = 0
========================================================================
Received Import Request.
  Time of request: 2026-09-21T17:58:52.5413825Z
  Time since last request: 0.000219 seconds.
  importAddress: GUID: a1c995459c0d418c88dd274e04840c5d - Path: Packages/com.unity.multiplayer.center/Editor/Recommendations/RecommenderSystem.cs - Importer: ScriptedImporter/UnityEditor.QuickSearchModule:UnityEditor.Search:ASIAI0B
Importing 'GUID: a1c995459c0d418c88dd274e04840c5d - Path: Packages/com.unity.multiplayer.center/Editor/Recommendations/RecommenderSystem.cs - Importer: ScriptedImporter/UnityEditor.QuickSearchModule:UnityEditor.Search:ASIAI0B' with importer (ScriptedImporter : UnityEditor.QuickSearchModule:UnityEditor.Search:ASIAI0B)
Imported 'GUID: a1c995459c0d418c88dd274e04840c5d' -> (Import Result ID: '1ae1a6ecb0b86ab1de32b521463686a5') in 0.002 seconds [static and dynamic dependencies]. Details - ImportResultOutputID=b269ad61fe56650b291ac9aa71356b97 DependenciesID=b52ab941bc2505c706f806fe339129c3 StaticDependenciesID=e9432e275b491410e7c05d0650cd827a 
Number of updated asset objects reloaded before import = 0
Number of asset objects unloaded after import = 0
========================================================================
Received Import Request.
  Time of request: 2026-09-21T17:58:52.5441027Z
  Time since last request: 0.0002281 seconds.
  importAddress: GUID: e4439b4b4bb24a5eb61c59c5a67aa5a0 - Path: Packages/com.unity.multiplayer.center/Editor/MultiplayerCenterWindow/UI/QuestionViewFactory.cs - Importer: ScriptedImporter/UnityEditor.QuickSearchModule:UnityEditor.Search:ASIAI0B
Importing 'GUID: e4439b4b4bb24a5eb61c59c5a67aa5a0 - Path: Packages/com.unity.multiplayer.center/Editor/MultiplayerCenterWindow/UI/QuestionViewFactory.cs - Importer: ScriptedImporter/UnityEditor.QuickSearchModule:UnityEditor.Search:ASIAI0B' with importer (ScriptedImporter : UnityEditor.QuickSearchModule:UnityEditor.Search:ASIAI0B)
Imported 'GUID: e4439b4b4bb24a5eb61c59c5a67aa5a0' -> (Import Result ID: '4e475d05e9297e50fe2654cf12cf6aad') in 0.003 seconds [static and dynamic dependencies]. Details - ImportResultOutputID=2d5aa18b2235f3c99debade1da3c032c DependenciesID=9d326f2516f0a5563f130c4a2da33813 StaticDependenciesID=5c3462ae9cf95ad8565c4b6bacc04bd6 
Number of updated asset objects reloaded before import = 0
Number of asset objects unloaded after import = 0
========================================================================
Received Import Request.
  Time of request: 2026-09-21T17:58:52.5473507Z
  Time since last request: 0.000271 seconds.
  importAddress: GUID: 38b78df4a34c94fa6a52c90239606ff1 - Path: Packages/com.unity.multiplayer.center/Editor/MultiplayerCenterWindow/UI/Icons/DedicatedServer@2x.png - Importer: ScriptedImporter/UnityEditor.QuickSearchModule:UnityEditor.Search:ASIAI0B
Importing 'GUID: 38b78df4a34c94fa6a52c90239606ff1 - Path: Packages/com.unity.multiplayer.center/Editor/MultiplayerCenterWindow/UI/Icons/DedicatedServer@2x.png - Importer: ScriptedImporter/UnityEditor.QuickSearchModule:UnityEditor.Search:ASIAI0B' with importer (ScriptedImporter : UnityEditor.QuickSearchModule:UnityEditor.Search:ASIAI0B)
Imported 'GUID: 38b78df4a34c94fa6a52c90239606ff1' -> (Import Result ID: '2cfee67b5250513145411be3ae2019f1') in 0.006 seconds [static and dynamic dependencies]. Details - ImportResultOutputID=90b3b879907a02247589dd8fba9d1564 DependenciesID=dffec4efca555408364275a87d340d41 StaticDependenciesID=d083b52cd9b26831e9ba664f66d68066 
Number of updated asset objects reloaded before import = 0
Number of asset objects unloaded after import = 1
========================================================================
Received Import Request.
  Time of request: 2026-09-21T17:58:52.5533725Z
  Time since last request: 0.0002512 seconds.
  importAddress: GUID: 0ddc3b8a12c84454b04e4d6bdd88241c - Path: Packages/com.unity.multiplayer.center/Editor/Recommendations/RecommendationViewData.cs - Importer: ScriptedImporter/UnityEditor.QuickSearchModule:UnityEditor.Search:ASIAI0B
Importing 'GUID: 0ddc3b8a12c84454b04e4d6bdd88241c - Path: Packages/com.unity.multiplayer.center/Editor/Recommendations/RecommendationViewData.cs - Importer: ScriptedImporter/UnityEditor.QuickSearchModule:UnityEditor.Search:ASIAI0B' with importer (ScriptedImporter : UnityEditor.QuickSearchModule:UnityEditor.Search:ASIAI0B)
Imported 'GUID: 0ddc3b8a12c84454b04e4d6bdd88241c' -> (Import Result ID: '59011fe3179867ef4501650c47473d48') in 0.003 seconds [static and dynamic dependencies]. Details - ImportResultOutputID=df4ff3c91e4aecfdcbbfba31713e7934 DependenciesID=67aecacd4d57ca09a3f37781a500cfe9 StaticDependenciesID=670090a4593599b4d26b06c1bda07bca 
Number of updated asset objects reloaded before import = 0
Number of asset objects unloaded after import = 0
========================================================================
Received Import Request.
  Time of request: 2026-09-21T17:58:52.5563142Z
  Time since last request: 0.0002242 seconds.
  importAddress: GUID: a23c0dd570fd44b57a03a8880002fcca - Path: Packages/com.unity.multiplayer.center/Editor/MultiplayerCenterWindow/UI/Icons/CloudCode@2x.png - Importer: ScriptedImporter/UnityEditor.QuickSearchModule:UnityEditor.Search:ASIAI0B
Importing 'GUID: a23c0dd570fd44b57a03a8880002fcca - Path: Packages/com.unity.multiplayer.center/Editor/MultiplayerCenterWindow/UI/Icons/CloudCode@2x.png - Importer: ScriptedImporter/UnityEditor.QuickSearchModule:UnityEditor.Search:ASIAI0B' with importer (ScriptedImporter : UnityEditor.QuickSearchModule:UnityEditor.Search:ASIAI0B)
Imported 'GUID: a23c0dd570fd44b57a03a8880002fcca' -> (Import Result ID: 'cbd02c55eccd68a5c03fbf68f2eae5a5') in 0.005 seconds [static and dynamic dependencies]. Details - ImportResultOutputID=164791840649f9bddb2894c71585a2a1 DependenciesID=c6a0f6ac9d4851fc381a9bfda84e9960 StaticDependenciesID=2f03135395b23ba5fd22df2fd67ab6f5 
Number of updated asset objects reloaded before import = 0
Number of asset objects unloaded after import = 1
========================================================================
Received Import Request.
  Time of request: 2026-09-21T17:58:52.5617321Z
  Time since last request: 0.0002894 seconds.
  importAddress: GUID: 741761e72e6f24446bd8ba03ea3d0261 - Path: Packages/com.unity.multiplayer.center/Editor/MultiplayerCenterWindow/UI/Icons/d_Questionnaire.png - Importer: ScriptedImporter/UnityEditor.QuickSearchModule:UnityEditor.Search:ASIAI0B
Importing 'GUID: 741761e72e6f24446bd8ba03ea3d0261 - Path: Packages/com.unity.multiplayer.center/Editor/MultiplayerCenterWindow/UI/Icons/d_Questionnaire.png - Importer: ScriptedImporter/UnityEditor.QuickSearchModule:UnityEditor.Search:ASIAI0B' with importer (ScriptedImporter : UnityEditor.QuickSearchModule:UnityEditor.Search:ASIAI0B)
Imported 'GUID: 741761e72e6f24446bd8ba03ea3d0261' -> (Import Result ID: '0c89ed3747332a044fab8a5836f5cf94') in 0.007 seconds [static and dynamic dependencies]. Details - ImportResultOutputID=9e8c77ec5b675925e600c46896e5f5b3 DependenciesID=29ecc7496c29123faa594c07867df1bd StaticDependenciesID=c58f427172f65f8bfb1b74d877bd8579 
Number of updated asset objects reloaded before import = 0
Number of asset objects unloaded after import = 1
========================================================================
Received Import Request.
  Time of request: 2026-09-21T17:58:52.5694511Z
  Time since last request: 0.0002372 seconds.
  importAddress: GUID: d63245ece6d8f476c8c7ca24da9937f6 - Path: Packages/com.unity.multiplayer.center/Editor/MultiplayerCenterWindow/UI/Icons/DistributedAuthority.png - Importer: ScriptedImporter/UnityEditor.QuickSearchModule:UnityEditor.Search:ASIAI0B
Importing 'GUID: d63245ece6d8f476c8c7ca24da9937f6 - Path: Packages/com.unity.multiplayer.center/Editor/MultiplayerCenterWindow/UI/Icons/DistributedAuthority.png - Importer: ScriptedImporter/UnityEditor.QuickSearchModule:UnityEditor.Search:ASIAI0B' with importer (ScriptedImporter : UnityEditor.QuickSearchModule:UnityEditor.Search:ASIAI0B)
Imported 'GUID: d63245ece6d8f476c8c7ca24da9937f6' -> (Import Result ID: 'bb40224bf95a26bf4ee13b4d60e38fee') in 0.005 seconds [static and dynamic dependencies]. Details - ImportResultOutputID=661bd2645cf6d1cbb0b721f99d67b160 DependenciesID=5c804551f7f150b9ec23a5ff895db5d1 StaticDependenciesID=f71697b636733608130b0a4059e36f97 
Number of updated asset objects reloaded before import = 0
Number of asset objects unloaded after import = 1
========================================================================
Received Import Request.
  Time of request: 2026-09-21T17:58:52.5754877Z
  Time since last request: 0.0003663 seconds.
  importAddress: GUID: 3fe892784421e47f5aa40c2784a6cb3e - Path: Packages/com.unity.multiplayer.center/Editor/MultiplayerCenterWindow/UI/Icons/DedicatedServer.png - Importer: ScriptedImporter/UnityEditor.QuickSearchModule:UnityEditor.Search:ASIAI0B
Importing 'GUID: 3fe892784421e47f5aa40c2784a6cb3e - Path: Packages/com.unity.multiplayer.center/Editor/MultiplayerCenterWindow/UI/Icons/DedicatedServer.png - Importer: ScriptedImporter/UnityEditor.QuickSearchModule:UnityEditor.Search:ASIAI0B' with importer (ScriptedImporter : UnityEditor.QuickSearchModule:UnityEditor.Search:ASIAI0B)
Imported 'GUID: 3fe892784421e47f5aa40c2784a6cb3e' -> (Import Result ID: 'b9b5fd4ce33bcb5e97e0fb2b8be516af') in 0.006 seconds [static and dynamic dependencies]. Details - ImportResultOutputID=b338fe42e3e69948c65483df3071d028 DependenciesID=9ba834b537dc74aa53e3e81fd7080ae3 StaticDependenciesID=d44d1eec8fc431ad2959a49c5b69f2a4 
Number of updated asset objects reloaded before import = 0
Number of asset objects unloaded after import = 1
========================================================================
Received Import Request.
  Time of request: 2026-09-21T17:58:52.5818824Z
  Time since last request: 0.0002196 seconds.
  importAddress: GUID: 29395f0639574c1fbc8b729aa257fb84 - Path: Packages/com.unity.multiplayer.center/Editor/MultiplayerCenterWindow/UI/Icons/d_Check.png - Importer: ScriptedImporter/UnityEditor.QuickSearchModule:UnityEditor.Search:ASIAI0B
Importing 'GUID: 29395f0639574c1fbc8b729aa257fb84 - Path: Packages/com.unity.multiplayer.center/Editor/MultiplayerCenterWindow/UI/Icons/d_Check.png - Importer: ScriptedImporter/UnityEditor.QuickSearchModule:UnityEditor.Search:ASIAI0B' with importer (ScriptedImporter : UnityEditor.QuickSearchModule:UnityEditor.Search:ASIAI0B)
Imported 'GUID: 29395f0639574c1fbc8b729aa257fb84' -> (Import Result ID: '286733a476089e1c768574d8337808f0') in 0.005 seconds [static and dynamic dependencies]. Details - ImportResultOutputID=3a9f6422e5fab297975c51844cb7b189 DependenciesID=76a04b06904c7b1acd927de3da98e6d2 StaticDependenciesID=7210ac1ad7fdacf28584f54226cada8d 
Number of updated asset objects reloaded before import = 0
Number of asset objects unloaded after import = 1
========================================================================
Received Import Request.
  Time of request: 2026-09-21T17:58:52.5877764Z
  Time since last request: 0.0002877 seconds.
  importAddress: GUID: a659150180ae3489ba41c71780ba3779 - Path: Packages/com.unity.multiplayer.center/Editor/Questionnaire/Questionnaire.questionnaire - Importer: ScriptedImporter/UnityEditor.QuickSearchModule:UnityEditor.Search:ASIAI0B
Importing 'GUID: a659150180ae3489ba41c71780ba3779 - Path: Packages/com.unity.multiplayer.center/Editor/Questionnaire/Questionnaire.questionnaire - Importer: ScriptedImporter/UnityEditor.QuickSearchModule:UnityEditor.Search:ASIAI0B' with importer (ScriptedImporter : UnityEditor.QuickSearchModule:UnityEditor.Search:ASIAI0B)
Imported 'GUID: a659150180ae3489ba41c71780ba3779' -> (Import Result ID: 'bbee8e151cbfaa0e953fd1f7afa1d792') in 0.002 seconds [static and dynamic dependencies]. Details - ImportResultOutputID=ebb66ae7e25b1a6ee9efbe6cc0aa9eab DependenciesID=4f962bfdfdb83e6d394a2de8e30ac955 StaticDependenciesID=e7ca0b407e18d06fc7f43464d2b71471 
Number of updated asset objects reloaded before import = 0
Number of asset objects unloaded after import = 1
========================================================================
Received Import Request.
  Time of request: 2026-09-21T17:58:52.5906595Z
  Time since last request: 0.0002569 seconds.
  importAddress: GUID: b66d076cdcfe3b14388de66307a0e7ff - Path: Packages/com.unity.multiplayer.center/Editor/Recommendations/RecommendationData_6000.0.recommendations - Importer: ScriptedImporter/UnityEditor.QuickSearchModule:UnityEditor.Search:ASIAI0B
Importing 'GUID: b66d076cdcfe3b14388de66307a0e7ff - Path: Packages/com.unity.multiplayer.center/Editor/Recommendations/RecommendationData_6000.0.recommendations - Importer: ScriptedImporter/UnityEditor.QuickSearchModule:UnityEditor.Search:ASIAI0B' with importer (ScriptedImporter : UnityEditor.QuickSearchModule:UnityEditor.Search:ASIAI0B)
Imported 'GUID: b66d076cdcfe3b14388de66307a0e7ff' -> (Import Result ID: 'cd32381042077d6156ffae5ad012a94e') in 0.005 seconds [static and dynamic dependencies]. Details - ImportResultOutputID=b4d8e079793190b4dc9eca82c545fa2c DependenciesID=0a539a71fc3a42ff534493a2f7867d35 StaticDependenciesID=791060459bd4317deda697ae6941b0bc 
Number of updated asset objects reloaded before import = 0
Number of asset objects unloaded after import = 1
========================================================================
Received Import Request.
  Time of request: 2026-09-21T17:58:52.5960656Z
  Time since last request: 0.0003134 seconds.
  importAddress: GUID: c37c4c45cacc46edb43b8c32617b3e34 - Path: Packages/com.unity.multiplayer.center/Tests/Editor/UtilsForGettingStartedTabTests.cs - Importer: ScriptedImporter/UnityEditor.QuickSearchModule:UnityEditor.Search:ASIAI0B
Importing 'GUID: c37c4c45cacc46edb43b8c32617b3e34 - Path: Packages/com.unity.multiplayer.center/Tests/Editor/UtilsForGettingStartedTabTests.cs - Importer: ScriptedImporter/UnityEditor.QuickSearchModule:UnityEditor.Search:ASIAI0B' with importer (ScriptedImporter : UnityEditor.QuickSearchModule:UnityEditor.Search:ASIAI0B)
Imported 'GUID: c37c4c45cacc46edb43b8c32617b3e34' -> (Import Result ID: 'ebc5ea208c324144a9b29a49e9dd15d8') in 0.002 seconds [static and dynamic dependencies]. Details - ImportResultOutputID=65282efdb05fbc48cdad728d33efea5e DependenciesID=b88fb809770befade067fae0203808b3 StaticDependenciesID=5a531e5a6156824de33c01716f5a896e 
Number of updated asset objects reloaded before import = 0
Number of asset objects unloaded after import = 0
========================================================================
Received Import Request.
  Time of request: 2026-09-21T17:58:52.598913Z
  Time since last request: 0.0002242 seconds.
  importAddress: GUID: 77be953cf28de42a4ad8532539fef3f5 - Path: Packages/com.unity.multiplayer.center/Editor/MultiplayerCenterWindow/UI/Icons/d_PackageInstalled.png - Importer: ScriptedImporter/UnityEditor.QuickSearchModule:UnityEditor.Search:ASIAI0B
Importing 'GUID: 77be953cf28de42a4ad8532539fef3f5 - Path: Packages/com.unity.multiplayer.center/Editor/MultiplayerCenterWindow/UI/Icons/d_PackageInstalled.png - Importer: ScriptedImporter/UnityEditor.QuickSearchModule:UnityEditor.Search:ASIAI0B' with importer (ScriptedImporter : UnityEditor.QuickSearchModule:UnityEditor.Search:ASIAI0B)
Imported 'GUID: 77be953cf28de42a4ad8532539fef3f5' -> (Import Result ID: 'f7a7b7a217e483a730e968c2c5311174') in 0.006 seconds [static and dynamic dependencies]. Details - ImportResultOutputID=3378fdce0b09e65a72a659f3acc857da DependenciesID=da08bcf018a12d5eb926d4299fe72b3d StaticDependenciesID=a2658733ce29ef81c885ae135a7c5c1f 
Number of updated asset objects reloaded before import = 0
Number of asset objects unloaded after import = 1
========================================================================
Received Import Request.
  Time of request: 2026-09-21T17:58:52.605293Z
  Time since last request: 0.0003037 seconds.
  importAddress: GUID: 38a11839c22b4e67aa2e508d906edf65 - Path: Packages/com.unity.multiplayer.center/Editor/Recommendations/RecommenderSystemData.cs - Importer: ScriptedImporter/UnityEditor.QuickSearchModule:UnityEditor.Search:ASIAI0B
Importing 'GUID: 38a11839c22b4e67aa2e508d906edf65 - Path: Packages/com.unity.multiplayer.center/Editor/Recommendations/RecommenderSystemData.cs - Importer: ScriptedImporter/UnityEditor.QuickSearchModule:UnityEditor.Search:ASIAI0B' with importer (ScriptedImporter : UnityEditor.QuickSearchModule:UnityEditor.Search:ASIAI0B)
Imported 'GUID: 38a11839c22b4e67aa2e508d906edf65' -> (Import Result ID: '1669501ac53a703d948c95e17e709bc6') in 0.003 seconds [static and dynamic dependencies]. Details - ImportResultOutputID=cf6754e1d03dc983cfbe91e91e546e09 DependenciesID=4d181f666781cf3beb16e810b42d74ec StaticDependenciesID=20ef0a4b701ef8b7acc554a9d10bf185 
Number of updated asset objects reloaded before import = 0
Number of asset objects unloaded after import = 0
========================================================================
Received Import Request.
  Time of request: 2026-09-21T17:58:52.6090818Z
  Time since last request: 0.0002321 seconds.
  importAddress: GUID: 5d117d33f89d41cd9123918383c9b981 - Path: Packages/com.unity.multiplayer.center/Editor/Questionnaire/QuestionnaireEditor.cs - Importer: ScriptedImporter/UnityEditor.QuickSearchModule:UnityEditor.Search:ASIAI0B
Importing 'GUID: 5d117d33f89d41cd9123918383c9b981 - Path: Packages/com.unity.multiplayer.center/Editor/Questionnaire/QuestionnaireEditor.cs - Importer: ScriptedImporter/UnityEditor.QuickSearchModule:UnityEditor.Search:ASIAI0B' with importer (ScriptedImporter : UnityEditor.QuickSearchModule:UnityEditor.Search:ASIAI0B)
Imported 'GUID: 5d117d33f89d41cd9123918383c9b981' -> (Import Result ID: 'bc5e9388ef708144c87a93ce223d7a62') in 0.003 seconds [static and dynamic dependencies]. Details - ImportResultOutputID=27c272c916a2e78fa3cd7d51a99ebb0f DependenciesID=8ea2346ac476afd3eb25185a2a47c3fc StaticDependenciesID=c6ef94fdc78382c7e9109f42c14789e9 
Number of updated asset objects reloaded before import = 0
Number of asset objects unloaded after import = 0
========================================================================
Received Import Request.
  Time of request: 2026-09-21T17:58:52.6119566Z
  Time since last request: 0.00023 seconds.
  importAddress: GUID: b46a48f780f84026b9d1e73ee1b0121d - Path: Packages/com.unity.multiplayer.center/Editor/Recommendations/RecommendationType.cs - Importer: ScriptedImporter/UnityEditor.QuickSearchModule:UnityEditor.Search:ASIAI0B
Importing 'GUID: b46a48f780f84026b9d1e73ee1b0121d - Path: Packages/com.unity.multiplayer.center/Editor/Recommendations/RecommendationType.cs - Importer: ScriptedImporter/UnityEditor.QuickSearchModule:UnityEditor.Search:ASIAI0B' with importer (ScriptedImporter : UnityEditor.QuickSearchModule:UnityEditor.Search:ASIAI0B)
Imported 'GUID: b46a48f780f84026b9d1e73ee1b0121d' -> (Import Result ID: 'b38ead04508a66e10a55bd8114c2f553') in 0.002 seconds [static and dynamic dependencies]. Details - ImportResultOutputID=61fbf08ad19f0f79792e60b95a507add DependenciesID=a68a95a267812a2edf424dea90107791 StaticDependenciesID=cddb30b6e8adb3a11d5a94907f7f405f 
Number of updated asset objects reloaded before import = 0
Number of asset objects unloaded after import = 0
========================================================================
Received Import Request.
  Time of request: 2026-09-21T17:58:52.6143688Z
  Time since last request: 0.0002175 seconds.
  importAddress: GUID: 0354877031b64465ea7e5cafea1a2653 - Path: Packages/com.unity.multiplayer.center/Editor/MultiplayerCenterWindow/UI/Icons/DistributedAuthority@2x.png - Importer: ScriptedImporter/UnityEditor.QuickSearchModule:UnityEditor.Search:ASIAI0B
Importing 'GUID: 0354877031b64465ea7e5cafea1a2653 - Path: Packages/com.unity.multiplayer.center/Editor/MultiplayerCenterWindow/UI/Icons/DistributedAuthority@2x.png - Importer: ScriptedImporter/UnityEditor.QuickSearchModule:UnityEditor.Search:ASIAI0B' with importer (ScriptedImporter : UnityEditor.QuickSearchModule:UnityEditor.Search:ASIAI0B)
Imported 'GUID: 0354877031b64465ea7e5cafea1a2653' -> (Import Result ID: '13b466d67e00dd3443a49b735e52eb25') in 0.005 seconds [static and dynamic dependencies]. Details - ImportResultOutputID=15436a9567a2e3fceae762dcd6ca5035 DependenciesID=43685ea784b189235b24f25544e5c2ba StaticDependenciesID=2b294837373c3fc6c178b6f9903861bb 
Number of updated asset objects reloaded before import = 0
Number of asset objects unloaded after import = 1
========================================================================
Received Import Request.
  Time of request: 2026-09-21T17:58:52.6195111Z
  Time since last request: 0.000244 seconds.
  importAddress: GUID: 7456ea4ba2dcd48d3909b82e610f2048 - Path: Packages/com.unity.multiplayer.center/Tests/Runtime/PlaceholderTest.cs - Importer: ScriptedImporter/UnityEditor.QuickSearchModule:UnityEditor.Search:ASIAI0B
Importing 'GUID: 7456ea4ba2dcd48d3909b82e610f2048 - Path: Packages/com.unity.multiplayer.center/Tests/Runtime/PlaceholderTest.cs - Importer: ScriptedImporter/UnityEditor.QuickSearchModule:UnityEditor.Search:ASIAI0B' with importer (ScriptedImporter : UnityEditor.QuickSearchModule:UnityEditor.Search:ASIAI0B)
Imported 'GUID: 7456ea4ba2dcd48d3909b82e610f2048' -> (Import Result ID: '56d8a05b5fec7afa6a2cceb6f0cb53ee') in 0.002 seconds [static and dynamic dependencies]. Details - ImportResultOutputID=62692af2d62d6054104f533b52dcecf6 DependenciesID=ed9914bd2a5f1876075a82ec8860de8b StaticDependenciesID=54887086541f88226c43f8cb2bfc8ab1 
Number of updated asset objects reloaded before import = 0
Number of asset objects unloaded after import = 0
========================================================================
Received Import Request.
  Time of request: 2026-09-21T17:58:52.6221445Z
  Time since last request: 0.0003236 seconds.
  importAddress: GUID: 89ffa359141b49fea9bfa6a1db3b18be - Path: Packages/com.unity.multiplayer.center/Tests/Editor/AssemblyInfo.cs - Importer: ScriptedImporter/UnityEditor.QuickSearchModule:UnityEditor.Search:ASIAI0B
Importing 'GUID: 89ffa359141b49fea9bfa6a1db3b18be - Path: Packages/com.unity.multiplayer.center/Tests/Editor/AssemblyInfo.cs - Importer: ScriptedImporter/UnityEditor.QuickSearchModule:UnityEditor.Search:ASIAI0B' with importer (ScriptedImporter : UnityEditor.QuickSearchModule:UnityEditor.Search:ASIAI0B)
Imported 'GUID: 89ffa359141b49fea9bfa6a1db3b18be' -> (Import Result ID: '9df7345d0ac4e064bd7d36a4c4d20222') in 0.003 seconds [static and dynamic dependencies]. Details - ImportResultOutputID=f78b16c2c8f2bc3bba6536fea1b6e90d DependenciesID=5e32e8e0295736ee4d34f8816e4b46cc StaticDependenciesID=739d5475101b484c194ab42cb1d30593 
Number of updated asset objects reloaded before import = 0
Number of asset objects unloaded after import = 0
========================================================================
Received Import Request.
  Time of request: 2026-09-21T17:58:52.6256244Z
  Time since last request: 0.0001696 seconds.
  importAddress: GUID: d9beb5106d424f23902054f76d4b673d - Path: Packages/com.unity.multiplayer.center/Editor/Questionnaire/Logic.cs - Importer: ScriptedImporter/UnityEditor.QuickSearchModule:UnityEditor.Search:ASIAI0B
Importing 'GUID: d9beb5106d424f23902054f76d4b673d - Path: Packages/com.unity.multiplayer.center/Editor/Questionnaire/Logic.cs - Importer: ScriptedImporter/UnityEditor.QuickSearchModule:UnityEditor.Search:ASIAI0B' with importer (ScriptedImporter : UnityEditor.QuickSearchModule:UnityEditor.Search:ASIAI0B)
Imported 'GUID: d9beb5106d424f23902054f76d4b673d' -> (Import Result ID: '90589b78a66c2ef9ecafa5d60072f83d') in 0.003 seconds [static and dynamic dependencies]. Details - ImportResultOutputID=2513d42a7bf16d5db4b8f3ce910f3c36 DependenciesID=70822200471ffb2063ffeea3dc3d962b StaticDependenciesID=dd645f69335760a8d7dff8d03eeb4411 
Number of updated asset objects reloaded before import = 0
Number of asset objects unloaded after import = 0
========================================================================
Received Import Request.
  Time of request: 2026-09-21T17:58:52.6292457Z
  Time since last request: 0.0002522 seconds.
  importAddress: GUID: 23342257960b4b618e6f7c444137663c - Path: Packages/com.unity.multiplayer.center/Editor/Recommendations/PreReleaseHandling.cs - Importer: ScriptedImporter/UnityEditor.QuickSearchModule:UnityEditor.Search:ASIAI0B
Importing 'GUID: 23342257960b4b618e6f7c444137663c - Path: Packages/com.unity.multiplayer.center/Editor/Recommendations/PreReleaseHandling.cs - Importer: ScriptedImporter/UnityEditor.QuickSearchModule:UnityEditor.Search:ASIAI0B' with importer (ScriptedImporter : UnityEditor.QuickSearchModule:UnityEditor.Search:ASIAI0B)
Imported 'GUID: 23342257960b4b618e6f7c444137663c' -> (Import Result ID: '109de4df3c43f0d9fab17f9eea169285') in 0.003 seconds [static and dynamic dependencies]. Details - ImportResultOutputID=4f00b1ff80318d64a5c39ec0a8a6edcf DependenciesID=52471061eed7a42d1c54e3eee8a15852 StaticDependenciesID=a01f407390cebd33692cff4f2e2b10a2 
Number of updated asset objects reloaded before import = 0
Number of asset objects unloaded after import = 0
========================================================================
Received Import Request.
  Time of request: 2026-09-21T17:58:52.6324014Z
  Time since last request: 0.0002627 seconds.
  importAddress: GUID: 15513aed5d41411c887ccfe14c103337 - Path: Packages/com.unity.multiplayer.center/Tests/Editor/UserChoicesMigrationTests.cs - Importer: ScriptedImporter/UnityEditor.QuickSearchModule:UnityEditor.Search:ASIAI0B
Importing 'GUID: 15513aed5d41411c887ccfe14c103337 - Path: Packages/com.unity.multiplayer.center/Tests/Editor/UserChoicesMigrationTests.cs - Importer: ScriptedImporter/UnityEditor.QuickSearchModule:UnityEditor.Search:ASIAI0B' with importer (ScriptedImporter : UnityEditor.QuickSearchModule:UnityEditor.Search:ASIAI0B)
Imported 'GUID: 15513aed5d41411c887ccfe14c103337' -> (Import Result ID: '8a1dbd480d605163d085470f91eacf5e') in 0.003 seconds [static and dynamic dependencies]. Details - ImportResultOutputID=7aa856cfee7209db8f5ca327834b3436 DependenciesID=6c3075df6ef07f6c52b80d6068bd941a StaticDependenciesID=f969c1224b592b259c4a809e5f8391f7 
Number of updated asset objects reloaded before import = 0
Number of asset objects unloaded after import = 0
========================================================================
Received Import Request.
  Time of request: 2026-09-21T17:58:52.6362794Z
  Time since last request: 0.0002678 seconds.
  importAddress: GUID: f526d484b0c04a1896c469f31c713786 - Path: Packages/com.unity.multiplayer.center/Editor/Recommendations/Scoring.cs - Importer: ScriptedImporter/UnityEditor.QuickSearchModule:UnityEditor.Search:ASIAI0B
Importing 'GUID: f526d484b0c04a1896c469f31c713786 - Path: Packages/com.unity.multiplayer.center/Editor/Recommendations/Scoring.cs - Importer: ScriptedImporter/UnityEditor.QuickSearchModule:UnityEditor.Search:ASIAI0B' with importer (ScriptedImporter : UnityEditor.QuickSearchModule:UnityEditor.Search:ASIAI0B)
Imported 'GUID: f526d484b0c04a1896c469f31c713786' -> (Import Result ID: 'd3e8bdfd4870805de6dfdb60100508ab') in 0.002 seconds [static and dynamic dependencies]. Details - ImportResultOutputID=c5f535d80e1295c8ba914516628b8769 DependenciesID=1ae369101172790fce0bb5ccec321c2e StaticDependenciesID=fbfd27fba45a11218317f9d675d81a82 
Number of updated asset objects reloaded before import = 0
Number of asset objects unloaded after import = 0
========================================================================
Received Import Request.
  Time of request: 2026-09-21T17:58:52.6390864Z
  Time since last request: 0.0004281 seconds.
  importAddress: GUID: c3677cd9ede84e78b2fff6331c6301da - Path: Packages/com.unity.multiplayer.center/Editor/Questionnaire/QuestionnaireObject.cs - Importer: ScriptedImporter/UnityEditor.QuickSearchModule:UnityEditor.Search:ASIAI0B
Importing 'GUID: c3677cd9ede84e78b2fff6331c6301da - Path: Packages/com.unity.multiplayer.center/Editor/Questionnaire/QuestionnaireObject.cs - Importer: ScriptedImporter/UnityEditor.QuickSearchModule:UnityEditor.Search:ASIAI0B' with importer (ScriptedImporter : UnityEditor.QuickSearchModule:UnityEditor.Search:ASIAI0B)
Imported 'GUID: c3677cd9ede84e78b2fff6331c6301da' -> (Import Result ID: '64665a86c7a2f554474258eaa1374125') in 0.003 seconds [static and dynamic dependencies]. Details - ImportResultOutputID=9e9f2ab19132b2ca71bc4975b84b53ad DependenciesID=44e0dba1df09cb7f10200eab17291e8b StaticDependenciesID=48d2f4619cddccf854873300fb193c0d 
Number of updated asset objects reloaded before import = 0
Number of asset objects unloaded after import = 0
========================================================================
Received Import Request.
  Time of request: 2026-09-21T17:58:52.6427321Z
  Time since last request: 0.0002918 seconds.
  importAddress: GUID: 0efb92c924574ec59b71b9185a6ed8fb - Path: Packages/com.unity.multiplayer.center/Tests/Editor/RecommendationTests.cs - Importer: ScriptedImporter/UnityEditor.QuickSearchModule:UnityEditor.Search:ASIAI0B
Importing 'GUID: 0efb92c924574ec59b71b9185a6ed8fb - Path: Packages/com.unity.multiplayer.center/Tests/Editor/RecommendationTests.cs - Importer: ScriptedImporter/UnityEditor.QuickSearchModule:UnityEditor.Search:ASIAI0B' with importer (ScriptedImporter : UnityEditor.QuickSearchModule:UnityEditor.Search:ASIAI0B)
Imported 'GUID: 0efb92c924574ec59b71b9185a6ed8fb' -> (Import Result ID: '757e09eb90826938e73d09e4899a72ea') in 0.003 seconds [static and dynamic dependencies]. Details - ImportResultOutputID=faa0d801c90f2124037364d6dc5a0eed DependenciesID=84ee4e96553aab78a41f3b622a756dd8 StaticDependenciesID=2d59294d728233c86a5c6d3cd251a0e0 
Number of updated asset objects reloaded before import = 0
Number of asset objects unloaded after import = 0
========================================================================
Received Import Request.
  Time of request: 2026-09-21T17:58:52.646223Z
  Time since last request: 0.0002491 seconds.
  importAddress: GUID: 4f78a544322c742b89e63fb68557b1d2 - Path: Packages/com.unity.multiplayer.center/Editor/MultiplayerCenterWindow/UI/Icons/Check.png - Importer: ScriptedImporter/UnityEditor.QuickSearchModule:UnityEditor.Search:ASIAI0B
Importing 'GUID: 4f78a544322c742b89e63fb68557b1d2 - Path: Packages/com.unity.multiplayer.center/Editor/MultiplayerCenterWindow/UI/Icons/Check.png - Importer: ScriptedImporter/UnityEditor.QuickSearchModule:UnityEditor.Search:ASIAI0B' with importer (ScriptedImporter : UnityEditor.QuickSearchModule:UnityEditor.Search:ASIAI0B)
Imported 'GUID: 4f78a544322c742b89e63fb68557b1d2' -> (Import Result ID: 'b0190cae2fcf68628a07c48d30046f6a') in 0.006 seconds [static and dynamic dependencies]. Details - ImportResultOutputID=520bbe0aa10bb613b02b0fb33653cf29 DependenciesID=b7fc02f97ba89853e19af88f517834fc StaticDependenciesID=458954651be6e66ca1266157cbfe5bf7 
Number of updated asset objects reloaded before import = 0
Number of asset objects unloaded after import = 1
========================================================================
Received Import Request.
  Time of request: 2026-09-21T17:58:52.6523642Z
  Time since last request: 0.0002498 seconds.
  importAddress: GUID: 284da2a38ea043d69e1a38fd8a22bec9 - Path: Packages/com.unity.multiplayer.center/Tests/Editor/RecommenderSystemTests.cs - Importer: ScriptedImporter/UnityEditor.QuickSearchModule:UnityEditor.Search:ASIAI0B
Importing 'GUID: 284da2a38ea043d69e1a38fd8a22bec9 - Path: Packages/com.unity.multiplayer.center/Tests/Editor/RecommenderSystemTests.cs - Importer: ScriptedImporter/UnityEditor.QuickSearchModule:UnityEditor.Search:ASIAI0B' with importer (ScriptedImporter : UnityEditor.QuickSearchModule:UnityEditor.Search:ASIAI0B)
Imported 'GUID: 284da2a38ea043d69e1a38fd8a22bec9' -> (Import Result ID: 'a7ebc3bd99c9a397d050123776f19853') in 0.002 seconds [static and dynamic dependencies]. Details - ImportResultOutputID=29d24dc20496b1d3e580e25d7428b03b DependenciesID=efd265865e40d2e91a23a29e564f0882 StaticDependenciesID=3888d98025086699c3d50cd42c3543da 
Number of updated asset objects reloaded before import = 0
Number of asset objects unloaded after import = 0
========================================================================
Received Import Request.
  Time of request: 2026-09-21T17:58:52.6548979Z
  Time since last request: 0.0002761 seconds.
  importAddress: GUID: dce12af736e0a4a1ba35d6424f897dc9 - Path: Packages/com.unity.multiplayer.center/Editor/MultiplayerCenterWindow/UI/Icons/CustomNetcode.png - Importer: ScriptedImporter/UnityEditor.QuickSearchModule:UnityEditor.Search:ASIAI0B
Importing 'GUID: dce12af736e0a4a1ba35d6424f897dc9 - Path: Packages/com.unity.multiplayer.center/Editor/MultiplayerCenterWindow/UI/Icons/CustomNetcode.png - Importer: ScriptedImporter/UnityEditor.QuickSearchModule:UnityEditor.Search:ASIAI0B' with importer (ScriptedImporter : UnityEditor.QuickSearchModule:UnityEditor.Search:ASIAI0B)
Imported 'GUID: dce12af736e0a4a1ba35d6424f897dc9' -> (Import Result ID: '955f6ebf8531d1692df47d96d22a3a39') in 0.006 seconds [static and dynamic dependencies]. Details - ImportResultOutputID=cf0f3fdb6144a136ffff447bed278616 DependenciesID=d48a9dcfff6dbf8531926a7a10315d6e StaticDependenciesID=22ccd962e316b12c81f06fe36f7abc90 
Number of updated asset objects reloaded before import = 0
Number of asset objects unloaded after import = 1
========================================================================
Received Import Request.
  Time of request: 2026-09-21T17:58:52.6613804Z
  Time since last request: 0.0002494 seconds.
  importAddress: GUID: b2ce704e56cc84fb3b347499263c6244 - Path: Packages/com.unity.multiplayer.center/Editor/MultiplayerCenterWindow/UI/Icons/ClientHosted.png - Importer: ScriptedImporter/UnityEditor.QuickSearchModule:UnityEditor.Search:ASIAI0B
Importing 'GUID: b2ce704e56cc84fb3b347499263c6244 - Path: Packages/com.unity.multiplayer.center/Editor/MultiplayerCenterWindow/UI/Icons/ClientHosted.png - Importer: ScriptedImporter/UnityEditor.QuickSearchModule:UnityEditor.Search:ASIAI0B' with importer (ScriptedImporter : UnityEditor.QuickSearchModule:UnityEditor.Search:ASIAI0B)
Imported 'GUID: b2ce704e56cc84fb3b347499263c6244' -> (Import Result ID: 'adddbd4eecb4acfab2474eba68394f46') in 0.008 seconds [static and dynamic dependencies]. Details - ImportResultOutputID=5b587daef1c1afbfd5e7ce4e9e124f05 DependenciesID=83f21252489f42216f949e47af0186d8 StaticDependenciesID=e395ffc3cf6de1405978fa8f0913f350 
Number of updated asset objects reloaded before import = 0
Number of asset objects unloaded after import = 1
========================================================================
Received Import Request.
  Time of request: 2026-09-21T17:58:52.6703828Z
  Time since last request: 0.000323 seconds.
  importAddress: GUID: bac00d6e07f0b4305bb395363c89d92b - Path: Packages/com.unity.multiplayer.center/Editor/MultiplayerCenterWindow/UI/MultiplayerCenterWindow.uss - Importer: ScriptedImporter/UnityEditor.QuickSearchModule:UnityEditor.Search:ASIAI0B
Importing 'GUID: bac00d6e07f0b4305bb395363c89d92b - Path: Packages/com.unity.multiplayer.center/Editor/MultiplayerCenterWindow/UI/MultiplayerCenterWindow.uss - Importer: ScriptedImporter/UnityEditor.QuickSearchModule:UnityEditor.Search:ASIAI0B' with importer (ScriptedImporter : UnityEditor.QuickSearchModule:UnityEditor.Search:ASIAI0B)
Imported 'GUID: bac00d6e07f0b4305bb395363c89d92b' -> (Import Result ID: 'f72d96fa7b2fb705916c035f8a8c818e') in 0.017 seconds [static and dynamic dependencies]. Details - ImportResultOutputID=76fdeb3ecb4aa7dcec68c6c26dff5f38 DependenciesID=6772d0b9d9accc7bd3d7e778117cf42b StaticDependenciesID=a795f30c82e20357a8dd7e80df498ab0 
Number of updated asset objects reloaded before import = 0
Number of asset objects unloaded after import = 19
========================================================================
Received Import Request.
  Time of request: 2026-09-21T17:58:52.6882559Z
  Time since last request: 0.0000205 seconds.
  importAddress: GUID: b6a02e450cd04bb781e7728f2056251c - Path: Packages/com.unity.multiplayer.center/Editor/Recommendations/RecommenderSystemDataObject.cs - Importer: ScriptedImporter/UnityEditor.QuickSearchModule:UnityEditor.Search:ASIAI0B
Importing 'GUID: b6a02e450cd04bb781e7728f2056251c - Path: Packages/com.unity.multiplayer.center/Editor/Recommendations/RecommenderSystemDataObject.cs - Importer: ScriptedImporter/UnityEditor.QuickSearchModule:UnityEditor.Search:ASIAI0B' with importer (ScriptedImporter : UnityEditor.QuickSearchModule:UnityEditor.Search:ASIAI0B)
Imported 'GUID: b6a02e450cd04bb781e7728f2056251c' -> (Import Result ID: 'c9ac80ac853c215f17ab22eb536acdb2') in 0.003 seconds [static and dynamic dependencies]. Details - ImportResultOutputID=f7592c1bd8ef4763bb4166a15c08929c DependenciesID=3042b01c3e5600330c7d8a06ace1ecd1 StaticDependenciesID=35201db863dafeb10de695f7223d1fcf 
Number of updated asset objects reloaded before import = 0
Number of asset objects unloaded after import = 0
========================================================================
Received Import Request.
  Time of request: 2026-09-21T17:58:52.6916723Z
  Time since last request: 0.0002471 seconds.
  importAddress: GUID: a6fd0c627f5aa48fa81512221e70a11e - Path: Packages/com.unity.multiplayer.center/Editor/MultiplayerCenterWindow/UI/Icons/d_PackageManager@2x.png - Importer: ScriptedImporter/UnityEditor.QuickSearchModule:UnityEditor.Search:ASIAI0B
Importing 'GUID: a6fd0c627f5aa48fa81512221e70a11e - Path: Packages/com.unity.multiplayer.center/Editor/MultiplayerCenterWindow/UI/Icons/d_PackageManager@2x.png - Importer: ScriptedImporter/UnityEditor.QuickSearchModule:UnityEditor.Search:ASIAI0B' with importer (ScriptedImporter : UnityEditor.QuickSearchModule:UnityEditor.Search:ASIAI0B)
Imported 'GUID: a6fd0c627f5aa48fa81512221e70a11e' -> (Import Result ID: 'cafceb4692e16e022fba7170f590157e') in 0.006 seconds [static and dynamic dependencies]. Details - ImportResultOutputID=fd54509a3d815084c4211b10dd37d023 DependenciesID=3213725ee00afe0c87a3d1183f5bab5d StaticDependenciesID=59f982f7c8ac459564cd39a3c7b665bf 
Number of updated asset objects reloaded before import = 0
Number of asset objects unloaded after import = 1
========================================================================
Received Import Request.
  Time of request: 2026-09-21T17:58:52.6981763Z
  Time since last request: 0.0002652 seconds.
  importAddress: GUID: 2664430aff4254d79887d32c3fc1e221 - Path: Packages/com.unity.multiplayer.center/Tests/Runtime/Unity.Multiplayer.Center.Tests.asmdef - Importer: ScriptedImporter/UnityEditor.QuickSearchModule:UnityEditor.Search:ASIAI0B
Importing 'GUID: 2664430aff4254d79887d32c3fc1e221 - Path: Packages/com.unity.multiplayer.center/Tests/Runtime/Unity.Multiplayer.Center.Tests.asmdef - Importer: ScriptedImporter/UnityEditor.QuickSearchModule:UnityEditor.Search:ASIAI0B' with importer (ScriptedImporter : UnityEditor.QuickSearchModule:UnityEditor.Search:ASIAI0B)
Imported 'GUID: 2664430aff4254d79887d32c3fc1e221' -> (Import Result ID: '27796ff000ddbb7837c4828ca0790b28') in 0.008 seconds [static and dynamic dependencies]. Details - ImportResultOutputID=155b12cbff47c05e6dc46ed86ff63108 DependenciesID=05c2c3d69866af044e97ec93f0ecd4e1 StaticDependenciesID=2eaaa627f00617c42ea0d8d71ba05477 
Number of updated asset objects reloaded before import = 0
Number of asset objects unloaded after import = 1
========================================================================
Received Import Request.
  Time of request: 2026-09-21T17:58:52.7064041Z
  Time since last request: 0.000248 seconds.
  importAddress: GUID: 18cde282a8d045bf9d245fdcfaa7271b - Path: Packages/com.unity.multiplayer.center/Editor/Questionnaire/UserChoicesObject.cs - Importer: ScriptedImporter/UnityEditor.QuickSearchModule:UnityEditor.Search:ASIAI0B
Importing 'GUID: 18cde282a8d045bf9d245fdcfaa7271b - Path: Packages/com.unity.multiplayer.center/Editor/Questionnaire/UserChoicesObject.cs - Importer: ScriptedImporter/UnityEditor.QuickSearchModule:UnityEditor.Search:ASIAI0B' with importer (ScriptedImporter : UnityEditor.QuickSearchModule:UnityEditor.Search:ASIAI0B)
Imported 'GUID: 18cde282a8d045bf9d245fdcfaa7271b' -> (Import Result ID: '02967e950884319874f1fdcb45d569c8') in 0.002 seconds [static and dynamic dependencies]. Details - ImportResultOutputID=1a0c0aeb60f98fd11be285c00e4756c9 DependenciesID=8a6c61c00d0a21dff48d51f6c13e955b StaticDependenciesID=113a76108a0c1f9c85114103de4249ff 
Number of updated asset objects reloaded before import = 0
Number of asset objects unloaded after import = 0
========================================================================
Received Import Request.
  Time of request: 2026-09-21T17:58:52.7087282Z
  Time since last request: 0.0001961 seconds.
  importAddress: GUID: 318df756abab5463e9aa361360784865 - Path: Packages/com.unity.multiplayer.center/Editor/MultiplayerCenterWindow/UI/Icons/d_PackageInstalled@2x.png - Importer: ScriptedImporter/UnityEditor.QuickSearchModule:UnityEditor.Search:ASIAI0B
Importing 'GUID: 318df756abab5463e9aa361360784865 - Path: Packages/com.unity.multiplayer.center/Editor/MultiplayerCenterWindow/UI/Icons/d_PackageInstalled@2x.png - Importer: ScriptedImporter/UnityEditor.QuickSearchModule:UnityEditor.Search:ASIAI0B' with importer (ScriptedImporter : UnityEditor.QuickSearchModule:UnityEditor.Search:ASIAI0B)
Imported 'GUID: 318df756abab5463e9aa361360784865' -> (Import Result ID: 'a76d48841d979a06a0889ed8b5396fc4') in 0.008 seconds [static and dynamic dependencies]. Details - ImportResultOutputID=003bdd51d3b78850c3f2eec918f92746 DependenciesID=4fb3d9b425b497ecb59409c95ce03e4c StaticDependenciesID=9ce95b333d8ad19b69abcf348085de59 
Number of updated asset objects reloaded before import = 0
Number of asset objects unloaded after import = 1
========================================================================
Received Import Request.
  Time of request: 2026-09-21T17:58:52.7170054Z
  Time since last request: 0.0002494 seconds.
  importAddress: GUID: 84e4bbd00035e4671bf14e0380a89001 - Path: Packages/com.unity.multiplayer.center/Editor/MultiplayerCenterWindow/UI/Icons/EmptyViewIcon.png - Importer: ScriptedImporter/UnityEditor.QuickSearchModule:UnityEditor.Search:ASIAI0B
Importing 'GUID: 84e4bbd00035e4671bf14e0380a89001 - Path: Packages/com.unity.multiplayer.center/Editor/MultiplayerCenterWindow/UI/Icons/EmptyViewIcon.png - Importer: ScriptedImporter/UnityEditor.QuickSearchModule:UnityEditor.Search:ASIAI0B' with importer (ScriptedImporter : UnityEditor.QuickSearchModule:UnityEditor.Search:ASIAI0B)
Imported 'GUID: 84e4bbd00035e4671bf14e0380a89001' -> (Import Result ID: '1c07e47b447f2fa3399ad7eeec784239') in 0.011 seconds [static and dynamic dependencies]. Details - ImportResultOutputID=95b0ee5b806559b693979948d6b81603 DependenciesID=ada8c4c5d7dfd04cd1139437228e7b50 StaticDependenciesID=49bfeaa864f38470e807345d7e5a738a 
Number of updated asset objects reloaded before import = 0
Number of asset objects unloaded after import = 1
========================================================================
Received Import Request.
  Time of request: 2026-09-21T17:58:52.7280895Z
  Time since last request: 0.000091 seconds.
  importAddress: GUID: 71b3035ad4d343cbbe033e93369d187e - Path: Packages/com.unity.multiplayer.center/Editor/Recommendations/RecommendationAuthoringData.cs - Importer: ScriptedImporter/UnityEditor.QuickSearchModule:UnityEditor.Search:ASIAI0B
Importing 'GUID: 71b3035ad4d343cbbe033e93369d187e - Path: Packages/com.unity.multiplayer.center/Editor/Recommendations/RecommendationAuthoringData.cs - Importer: ScriptedImporter/UnityEditor.QuickSearchModule:UnityEditor.Search:ASIAI0B' with importer (ScriptedImporter : UnityEditor.QuickSearchModule:UnityEditor.Search:ASIAI0B)
Imported 'GUID: 71b3035ad4d343cbbe033e93369d187e' -> (Import Result ID: '427980ce829605296eee67721706e173') in 0.004 seconds [static and dynamic dependencies]. Details - ImportResultOutputID=c8015f5fcdccf7d97db6518d2a639178 DependenciesID=e62bea13f40d896e1db60e71ac99f7a4 StaticDependenciesID=98dc1ea3401db45edb56ab7839525a2e 
Number of updated asset objects reloaded before import = 0
Number of asset objects unloaded after import = 0
========================================================================
Received Import Request.
  Time of request: 2026-09-21T17:58:52.7320587Z
  Time since last request: 0.0002289 seconds.
  importAddress: GUID: 1984cd07fe96417f9e88f5771f6b4b32 - Path: Packages/com.unity.multiplayer.center/Editor/MultiplayerCenterWindow/UI/dark.uss - Importer: ScriptedImporter/UnityEditor.QuickSearchModule:UnityEditor.Search:ASIAI0B
Importing 'GUID: 1984cd07fe96417f9e88f5771f6b4b32 - Path: Packages/com.unity.multiplayer.center/Editor/MultiplayerCenterWindow/UI/dark.uss - Importer: ScriptedImporter/UnityEditor.QuickSearchModule:UnityEditor.Search:ASIAI0B' with importer (ScriptedImporter : UnityEditor.QuickSearchModule:UnityEditor.Search:ASIAI0B)
Imported 'GUID: 1984cd07fe96417f9e88f5771f6b4b32' -> (Import Result ID: '9348082c658eb6ac2cdc782efdc425ea') in 0.008 seconds [static and dynamic dependencies]. Details - ImportResultOutputID=115d63635c30aa57514de46a0063cfad DependenciesID=f59d50eb4f215df468be92955bf934b1 StaticDependenciesID=a25a8a9322e1a393568670533567139e 
Number of updated asset objects reloaded before import = 0
Number of asset objects unloaded after import = 9
========================================================================
Received Import Request.
  Time of request: 2026-09-21T17:58:52.7402641Z
  Time since last request: 0.0001203 seconds.
  importAddress: GUID: bcf305fff4614e26a6979b63e954f6d6 - Path: Packages/com.unity.multiplayer.center/Editor/MultiplayerCenterWindow/UI/QuestionnaireView.cs - Importer: ScriptedImporter/UnityEditor.QuickSearchModule:UnityEditor.Search:ASIAI0B
Importing 'GUID: bcf305fff4614e26a6979b63e954f6d6 - Path: Packages/com.unity.multiplayer.center/Editor/MultiplayerCenterWindow/UI/QuestionnaireView.cs - Importer: ScriptedImporter/UnityEditor.QuickSearchModule:UnityEditor.Search:ASIAI0B' with importer (ScriptedImporter : UnityEditor.QuickSearchModule:UnityEditor.Search:ASIAI0B)
Imported 'GUID: bcf305fff4614e26a6979b63e954f6d6' -> (Import Result ID: 'e67ec519cc3c86b7a1016c98e5a68f40') in 0.003 seconds [static and dynamic dependencies]. Details - ImportResultOutputID=2b9e2b10ae58593c2d3d0bb9e0625b25 DependenciesID=cc9233692aff7733d5887c1c19e373ca StaticDependenciesID=46991ebc8031bc8f56effac36ad6c3ea 
Number of updated asset objects reloaded before import = 0
Number of asset objects unloaded after import = 0
========================================================================
Received Import Request.
  Time of request: 2026-09-21T17:58:52.7436744Z
  Time since last request: 0.0002155 seconds.
  importAddress: GUID: ea491f91a8b84866ad13371715bf90c8 - Path: Packages/com.unity.multiplayer.center/Tests/Editor/LogicTests.cs - Importer: ScriptedImporter/UnityEditor.QuickSearchModule:UnityEditor.Search:ASIAI0B
Importing 'GUID: ea491f91a8b84866ad13371715bf90c8 - Path: Packages/com.unity.multiplayer.center/Tests/Editor/LogicTests.cs - Importer: ScriptedImporter/UnityEditor.QuickSearchModule:UnityEditor.Search:ASIAI0B' with importer (ScriptedImporter : UnityEditor.QuickSearchModule:UnityEditor.Search:ASIAI0B)
Imported 'GUID: ea491f91a8b84866ad13371715bf90c8' -> (Import Result ID: '83cdd8be79d66083051414245be40918') in 0.003 seconds [static and dynamic dependencies]. Details - ImportResultOutputID=c366a589ae3a624a7d2b3047d545c7ee DependenciesID=d0c0502d60a9cd2e80e49379ffdb618b StaticDependenciesID=7eabae889b9f064e94a54f0ff455adcb 
Number of updated asset objects reloaded before import = 0
Number of asset objects unloaded after import = 0
========================================================================
Received Import Request.
  Time of request: 2026-09-21T17:58:52.7471276Z
  Time since last request: 0.0001969 seconds.
  importAddress: GUID: 470a2d15035f44b7b2888a0db0704bff - Path: Packages/com.unity.multiplayer.center/Tests/Editor/TabGroupTests.cs - Importer: ScriptedImporter/UnityEditor.QuickSearchModule:UnityEditor.Search:ASIAI0B
Importing 'GUID: 470a2d15035f44b7b2888a0db0704bff - Path: Packages/com.unity.multiplayer.center/Tests/Editor/TabGroupTests.cs - Importer: ScriptedImporter/UnityEditor.QuickSearchModule:UnityEditor.Search:ASIAI0B' with importer (ScriptedImporter : UnityEditor.QuickSearchModule:UnityEditor.Search:ASIAI0B)
Imported 'GUID: 470a2d15035f44b7b2888a0db0704bff' -> (Import Result ID: '7ecd116119f5751be452577b8f27f4db') in 0.002 seconds [static and dynamic dependencies]. Details - ImportResultOutputID=e49683d4a840057cb5bdd58dda8c6b69 DependenciesID=39960cd09ae20715482725adffceab01 StaticDependenciesID=9ff254a2af558725ae07db00391c45fe 
Number of updated asset objects reloaded before import = 0
Number of asset objects unloaded after import = 0
========================================================================
Received Import Request.
  Time of request: 2026-09-21T17:58:52.7496429Z
  Time since last request: 0.0002369 seconds.
  importAddress: GUID: 2adffcc506285402aa795dee6f3166d0 - Path: Packages/com.unity.multiplayer.center/Editor/MultiplayerCenterWindow/UI/Icons/EmptyViewIcon@2x.png - Importer: ScriptedImporter/UnityEditor.QuickSearchModule:UnityEditor.Search:ASIAI0B
Importing 'GUID: 2adffcc506285402aa795dee6f3166d0 - Path: Packages/com.unity.multiplayer.center/Editor/MultiplayerCenterWindow/UI/Icons/EmptyViewIcon@2x.png - Importer: ScriptedImporter/UnityEditor.QuickSearchModule:UnityEditor.Search:ASIAI0B' with importer (ScriptedImporter : UnityEditor.QuickSearchModule:UnityEditor.Search:ASIAI0B)
Imported 'GUID: 2adffcc506285402aa795dee6f3166d0' -> (Import Result ID: '11b8206e4782da5403bcfbb1e5652ebf') in 0.007 seconds [static and dynamic dependencies]. Details - ImportResultOutputID=33f8170ac5e7ba82daf47ca1bad57870 DependenciesID=9cbfa2e4765e549732587960f8d73f8a StaticDependenciesID=4e66847c497aa06b3c59275403ddacc7 
Number of updated asset objects reloaded before import = 0
Number of asset objects unloaded after import = 1
========================================================================
Received Import Request.
  Time of request: 2026-09-21T17:58:52.7566067Z
  Time since last request: 0.0002286 seconds.
  importAddress: GUID: c7a38e6eccbfc49778cb8b77f594a971 - Path: Packages/com.unity.multiplayer.center/Editor/MultiplayerCenterWindow/UI/Icons/ClientHosted@2x.png - Importer: ScriptedImporter/UnityEditor.QuickSearchModule:UnityEditor.Search:ASIAI0B
Importing 'GUID: c7a38e6eccbfc49778cb8b77f594a971 - Path: Packages/com.unity.multiplayer.center/Editor/MultiplayerCenterWindow/UI/Icons/ClientHosted@2x.png - Importer: ScriptedImporter/UnityEditor.QuickSearchModule:UnityEditor.Search:ASIAI0B' with importer (ScriptedImporter : UnityEditor.QuickSearchModule:UnityEditor.Search:ASIAI0B)
Imported 'GUID: c7a38e6eccbfc49778cb8b77f594a971' -> (Import Result ID: 'cb6635a97e791d219cc38992275b35a5') in 0.005 seconds [static and dynamic dependencies]. Details - ImportResultOutputID=3e67f6048aec5bb570efb17b6dec8b32 DependenciesID=cdde8d795800012f40d3069e4ddcc133 StaticDependenciesID=af6629a98c618519cd4b14cb0b52738f 
Number of updated asset objects reloaded before import = 0
Number of asset objects unloaded after import = 1
========================================================================
Received Import Request.
  Time of request: 2026-09-21T17:58:52.7722175Z
  Time since last request: 0.0102574 seconds.
  importAddress: GUID: 679f9999c6f8f497e806a2d5d0511879 - Path: Packages/com.unity.multiplayer.center/Editor/MultiplayerCenterWindow/UI/Icons/PackageManager.png - Importer: ScriptedImporter/UnityEditor.QuickSearchModule:UnityEditor.Search:ASIAI0B
Importing 'GUID: 679f9999c6f8f497e806a2d5d0511879 - Path: Packages/com.unity.multiplayer.center/Editor/MultiplayerCenterWindow/UI/Icons/PackageManager.png - Importer: ScriptedImporter/UnityEditor.QuickSearchModule:UnityEditor.Search:ASIAI0B' with importer (ScriptedImporter : UnityEditor.QuickSearchModule:UnityEditor.Search:ASIAI0B)
Imported 'GUID: 679f9999c6f8f497e806a2d5d0511879' -> (Import Result ID: '3d29639e5c9e7c7158b5b2c56fb01beb') in 0.005 seconds [static and dynamic dependencies]. Details - ImportResultOutputID=c67cbf8a077d0890bc3f4775fba8b26c DependenciesID=a4f9c0a1ff8ce89464249c6c29ffc741 StaticDependenciesID=7a5421a98ce327e939fc9db71b060c76 
Number of updated asset objects reloaded before import = 0
Number of asset objects unloaded after import = 1
========================================================================
Received Import Request.
  Time of request: 2026-09-21T17:58:52.777698Z
  Time since last request: 0.0002443 seconds.
  importAddress: GUID: 96d14b71b907bb52333b2886e665aba6 - Path: Packages/com.unity.modules.video/package.json - Importer: ScriptedImporter/UnityEditor.QuickSearchModule:UnityEditor.Search:ASIAI0B
Importing 'GUID: 96d14b71b907bb52333b2886e665aba6 - Path: Packages/com.unity.modules.video/package.json - Importer: ScriptedImporter/UnityEditor.QuickSearchModule:UnityEditor.Search:ASIAI0B' with importer (ScriptedImporter : UnityEditor.QuickSearchModule:UnityEditor.Search:ASIAI0B)
Imported 'GUID: 96d14b71b907bb52333b2886e665aba6' -> (Import Result ID: '54636613543bd687e606b87159fadad5') in 0.002 seconds [static and dynamic dependencies]. Details - ImportResultOutputID=59b867082bdcca18e0e39394246e106d DependenciesID=ea357b5aede299133b6654dde55f7825 StaticDependenciesID=bd2286aaf921c17a62e086ccfa81ebe3 
Number of updated asset objects reloaded before import = 0
Number of asset objects unloaded after import = 1
========================================================================
Received Import Request.
  Time of request: 2026-09-21T17:58:52.7804537Z
  Time since last request: 0.0001934 seconds.
  importAddress: GUID: fe6a6957b37b61417b457a1e0541791d - Path: Packages/com.unity.modules.physics2d/package.ModuleCompilationTrigger - Importer: ScriptedImporter/UnityEditor.QuickSearchModule:UnityEditor.Search:ASIAI0B
Importing 'GUID: fe6a6957b37b61417b457a1e0541791d - Path: Packages/com.unity.modules.physics2d/package.ModuleCompilationTrigger - Importer: ScriptedImporter/UnityEditor.QuickSearchModule:UnityEditor.Search:ASIAI0B' with importer (ScriptedImporter : UnityEditor.QuickSearchModule:UnityEditor.Search:ASIAI0B)
Imported 'GUID: fe6a6957b37b61417b457a1e0541791d' -> (Import Result ID: 'd5f452412d344c779443adbfc66d7533') in 0.002 seconds [static and dynamic dependencies]. Details - ImportResultOutputID=60318c0dd1adcf49e4115d0d82a81308 DependenciesID=2861aa5d145244a46593be94dace8bbd StaticDependenciesID=53db3306e48d5bfb34d6cf051c23ccaa 
Number of updated asset objects reloaded before import = 0
Number of asset objects unloaded after import = 1
========================================================================
Received Import Request.
  Time of request: 2026-09-21T17:58:52.7832178Z
  Time since last request: 0.0002473 seconds.
  importAddress: GUID: 5262b119dc3e4259a40e6d93c8ea1048 - Path: Packages/com.unity.multiplayer.center/Editor/MultiplayerCenterWindow/UI/RecommendationView/PackageSelectionView.cs - Importer: ScriptedImporter/UnityEditor.QuickSearchModule:UnityEditor.Search:ASIAI0B
Importing 'GUID: 5262b119dc3e4259a40e6d93c8ea1048 - Path: Packages/com.unity.multiplayer.center/Editor/MultiplayerCenterWindow/UI/RecommendationView/PackageSelectionView.cs - Importer: ScriptedImporter/UnityEditor.QuickSearchModule:UnityEditor.Search:ASIAI0B' with importer (ScriptedImporter : UnityEditor.QuickSearchModule:UnityEditor.Search:ASIAI0B)
Imported 'GUID: 5262b119dc3e4259a40e6d93c8ea1048' -> (Import Result ID: '80f0795050bf643f6d33b6d30ccde895') in 0.002 seconds [static and dynamic dependencies]. Details - ImportResultOutputID=789f15f766796bfe2fa1d9599196ad62 DependenciesID=3d5edf3ae37f020b34af57f22b131ae1 StaticDependenciesID=894e9cef5a3bad88380ce5718c240768 
Number of updated asset objects reloaded before import = 0
Number of asset objects unloaded after import = 0
========================================================================
Received Import Request.
  Time of request: 2026-09-21T17:58:52.7858376Z
  Time since last request: 0.0002396 seconds.
  importAddress: GUID: 4745d06d5a7ca576dcf9e5e67b417652 - Path: Packages/com.unity.modules.accessibility/package.ModuleCompilationTrigger - Importer: ScriptedImporter/UnityEditor.QuickSearchModule:UnityEditor.Search:ASIAI0B
Importing 'GUID: 4745d06d5a7ca576dcf9e5e67b417652 - Path: Packages/com.unity.modules.accessibility/package.ModuleCompilationTrigger - Importer: ScriptedImporter/UnityEditor.QuickSearchModule:UnityEditor.Search:ASIAI0B' with importer (ScriptedImporter : UnityEditor.QuickSearchModule:UnityEditor.Search:ASIAI0B)
Imported 'GUID: 4745d06d5a7ca576dcf9e5e67b417652' -> (Import Result ID: 'c39dfbef2e6eebd560341a6e15d36489') in 0.003 seconds [static and dynamic dependencies]. Details - ImportResultOutputID=8cd0c817bbc158aa5686707084f0f6d5 DependenciesID=341bf8e04cce0b26f056e9f01e13c6a7 StaticDependenciesID=c014c93d02082c0e0dea8a1f2665bd95 
Number of updated asset objects reloaded before import = 0
Number of asset objects unloaded after import = 1
========================================================================
Received Import Request.
  Time of request: 2026-09-21T17:58:52.789426Z
  Time since last request: 0.0002492 seconds.
  importAddress: GUID: f1e4f3f59aa446bfb097357fa8ad4a8b - Path: Packages/com.unity.multiplayer.center/Editor/MultiplayerCenterWindow/UI/RecommendationView/SolutionSelectionView.cs - Importer: ScriptedImporter/UnityEditor.QuickSearchModule:UnityEditor.Search:ASIAI0B
Importing 'GUID: f1e4f3f59aa446bfb097357fa8ad4a8b - Path: Packages/com.unity.multiplayer.center/Editor/MultiplayerCenterWindow/UI/RecommendationView/SolutionSelectionView.cs - Importer: ScriptedImporter/UnityEditor.QuickSearchModule:UnityEditor.Search:ASIAI0B' with importer (ScriptedImporter : UnityEditor.QuickSearchModule:UnityEditor.Search:ASIAI0B)
Imported 'GUID: f1e4f3f59aa446bfb097357fa8ad4a8b' -> (Import Result ID: '1ea9fe37543f142af652ddaef3e3c512') in 0.003 seconds [static and dynamic dependencies]. Details - ImportResultOutputID=b8c4bb5c02bc41538469abd722530e99 DependenciesID=4f05c7218687e87c0eb1c094fe14ce1a StaticDependenciesID=8a0a506e567324a0c9b24618f341f7e1 
Number of updated asset objects reloaded before import = 0
Number of asset objects unloaded after import = 0
========================================================================
Received Import Request.
  Time of request: 2026-09-21T17:58:52.7929011Z
  Time since last request: 0.0002279 seconds.
  importAddress: GUID: 9b1a5759726ef9d39a0ab82047b615f1 - Path: Packages/com.unity.modules.hierarchycore/package.json - Importer: ScriptedImporter/UnityEditor.QuickSearchModule:UnityEditor.Search:ASIAI0B
Importing 'GUID: 9b1a5759726ef9d39a0ab82047b615f1 - Path: Packages/com.unity.modules.hierarchycore/package.json - Importer: ScriptedImporter/UnityEditor.QuickSearchModule:UnityEditor.Search:ASIAI0B' with importer (ScriptedImporter : UnityEditor.QuickSearchModule:UnityEditor.Search:ASIAI0B)
Imported 'GUID: 9b1a5759726ef9d39a0ab82047b615f1' -> (Import Result ID: '0e4ecc375994174a1ae0ed4b1e74d38d') in 0.003 seconds [static and dynamic dependencies]. Details - ImportResultOutputID=cd6b63f513ecb9268f9b6a70b87c55af DependenciesID=f964cab649b8a831b7311c2fecc8de55 StaticDependenciesID=5ba048b6f7d38a3cc7946c998466c016 
Number of updated asset objects reloaded before import = 0
Number of asset objects unloaded after import = 1
========================================================================
Received Import Request.
  Time of request: 2026-09-21T17:58:52.7967285Z
  Time since last request: 0.0002657 seconds.
  importAddress: GUID: c82e859b16636ddd2ca4a1f63fd34938 - Path: Packages/com.unity.modules.androidjni/package.ModuleCompilationTrigger - Importer: ScriptedImporter/UnityEditor.QuickSearchModule:UnityEditor.Search:ASIAI0B
Importing 'GUID: c82e859b16636ddd2ca4a1f63fd34938 - Path: Packages/com.unity.modules.androidjni/package.ModuleCompilationTrigger - Importer: ScriptedImporter/UnityEditor.QuickSearchModule:UnityEditor.Search:ASIAI0B' with importer (ScriptedImporter : UnityEditor.QuickSearchModule:UnityEditor.Search:ASIAI0B)
Imported 'GUID: c82e859b16636ddd2ca4a1f63fd34938' -> (Import Result ID: '9e03f577c4e9cf1a404cee498aa3d23a') in 0.003 seconds [static and dynamic dependencies]. Details - ImportResultOutputID=580027f6dbfd57320803ca95ae1c4d1b DependenciesID=ee0dabc588cbbff240db91323fcc4dbb StaticDependenciesID=f94f62c8b0b0481631001452cb81c3a5 
Number of updated asset objects reloaded before import = 0
Number of asset objects unloaded after import = 1
========================================================================
Received Import Request.
  Time of request: 2026-09-21T17:58:52.8003314Z
  Time since last request: 0.0002672 seconds.
  importAddress: GUID: 0423146d9f51c4563a0f2a8200b6cd38 - Path: Packages/com.unity.multiplayer.center/Editor/MultiplayerCenterWindow/UI/Icons/PackageInstalled@2x.png - Importer: ScriptedImporter/UnityEditor.QuickSearchModule:UnityEditor.Search:ASIAI0B
Importing 'GUID: 0423146d9f51c4563a0f2a8200b6cd38 - Path: Packages/com.unity.multiplayer.center/Editor/MultiplayerCenterWindow/UI/Icons/PackageInstalled@2x.png - Importer: ScriptedImporter/UnityEditor.QuickSearchModule:UnityEditor.Search:ASIAI0B' with importer (ScriptedImporter : UnityEditor.QuickSearchModule:UnityEditor.Search:ASIAI0B)
Imported 'GUID: 0423146d9f51c4563a0f2a8200b6cd38' -> (Import Result ID: '6a639db9c35f98b6b224628d288b7ed4') in 0.008 seconds [static and dynamic dependencies]. Details - ImportResultOutputID=8e1c2121b5bc2d96bb1248100ea9dcfc DependenciesID=bfba920d8f5894a12c040e26f835613a StaticDependenciesID=fac0f7f6fd65f0dbc56a5b9c26115011 
Number of updated asset objects reloaded before import = 0
Number of asset objects unloaded after import = 1
========================================================================
Received Import Request.
  Time of request: 2026-09-21T17:58:52.8089446Z
  Time since last request: 0.0003186 seconds.
  importAddress: GUID: 4c413a81cadcce7038e446e56570117e - Path: Packages/com.unity.modules.adaptiveperformance/package.json - Importer: ScriptedImporter/UnityEditor.QuickSearchModule:UnityEditor.Search:ASIAI0B
Importing 'GUID: 4c413a81cadcce7038e446e56570117e - Path: Packages/com.unity.modules.adaptiveperformance/package.json - Importer: ScriptedImporter/UnityEditor.QuickSearchModule:UnityEditor.Search:ASIAI0B' with importer (ScriptedImporter : UnityEditor.QuickSearchModule:UnityEditor.Search:ASIAI0B)
Imported 'GUID: 4c413a81cadcce7038e446e56570117e' -> (Import Result ID: 'cf42aef3ed1d462319663e3ed9077447') in 0.005 seconds [static and dynamic dependencies]. Details - ImportResultOutputID=337032af53d8b11498ffb7ff4577ffb3 DependenciesID=aed254f961473a3f64d5f9c718addae4 StaticDependenciesID=c377e7a594bd8c731dfc13c08266e5e1 
Number of updated asset objects reloaded before import = 0
Number of asset objects unloaded after import = 1
========================================================================
Received Import Request.
  Time of request: 2026-09-21T17:58:52.8150925Z
  Time since last request: 0.0009263 seconds.
  importAddress: GUID: 8d4bc6bfa28760b29f13174d6b6ea710 - Path: Packages/com.unity.modules.subsystems/package.ModuleCompilationTrigger - Importer: ScriptedImporter/UnityEditor.QuickSearchModule:UnityEditor.Search:ASIAI0B
Importing 'GUID: 8d4bc6bfa28760b29f13174d6b6ea710 - Path: Packages/com.unity.modules.subsystems/package.ModuleCompilationTrigger - Importer: ScriptedImporter/UnityEditor.QuickSearchModule:UnityEditor.Search:ASIAI0B' with importer (ScriptedImporter : UnityEditor.QuickSearchModule:UnityEditor.Search:ASIAI0B)
Imported 'GUID: 8d4bc6bfa28760b29f13174d6b6ea710' -> (Import Result ID: 'd6cd96a3b9b881a86e9a13b5ca541316') in 0.002 seconds [static and dynamic dependencies]. Details - ImportResultOutputID=af91fb2141cdb0cdaf1d98ad1f68b237 DependenciesID=f6519e2137a73bfc4cb1766091e338d6 StaticDependenciesID=9b1c9f384a1d81f346fa5d4fffb8ab57 
Number of updated asset objects reloaded before import = 0
Number of asset objects unloaded after import = 1
========================================================================
Received Import Request.
  Time of request: 2026-09-21T17:58:52.8183846Z
  Time since last request: 0.0006931 seconds.
  importAddress: GUID: 082fbee38a82835433261a5e9c00e267 - Path: Packages/com.unity.modules.cloth/package.ModuleCompilationTrigger - Importer: ScriptedImporter/UnityEditor.QuickSearchModule:UnityEditor.Search:ASIAI0B
Importing 'GUID: 082fbee38a82835433261a5e9c00e267 - Path: Packages/com.unity.modules.cloth/package.ModuleCompilationTrigger - Importer: ScriptedImporter/UnityEditor.QuickSearchModule:UnityEditor.Search:ASIAI0B' with importer (ScriptedImporter : UnityEditor.QuickSearchModule:UnityEditor.Search:ASIAI0B)
Imported 'GUID: 082fbee38a82835433261a5e9c00e267' -> (Import Result ID: '376e0771a4812e87728bd2a7d88dea57') in 0.005 seconds [static and dynamic dependencies]. Details - ImportResultOutputID=ea6fc7b6bbbc8d8d0cced2e13639520e DependenciesID=457c7c417c39975f16dd3173a4d9e77c StaticDependenciesID=61f72a0e512cc017ef7a35526bedfa95 
Number of updated asset objects reloaded before import = 0
Number of asset objects unloaded after import = 1
========================================================================
Received Import Request.
  Time of request: 2026-09-21T17:58:52.8237621Z
  Time since last request: 0.0002212 seconds.
  importAddress: GUID: 51fa60bb2bd1e5bc74e8cc95a7bfd5b7 - Path: Packages/com.unity.modules.ui/package.ModuleCompilationTrigger - Importer: ScriptedImporter/UnityEditor.QuickSearchModule:UnityEditor.Search:ASIAI0B
Importing 'GUID: 51fa60bb2bd1e5bc74e8cc95a7bfd5b7 - Path: Packages/com.unity.modules.ui/package.ModuleCompilationTrigger - Importer: ScriptedImporter/UnityEditor.QuickSearchModule:UnityEditor.Search:ASIAI0B' with importer (ScriptedImporter : UnityEditor.QuickSearchModule:UnityEditor.Search:ASIAI0B)
Imported 'GUID: 51fa60bb2bd1e5bc74e8cc95a7bfd5b7' -> (Import Result ID: 'f75b4008e9bf3f35c3511bfff6b32443') in 0.005 seconds [static and dynamic dependencies]. Details - ImportResultOutputID=16263a676b53881272aafd9cd3c8fcb1 DependenciesID=d9a8b9bcb1c7011d98bf0bc3a0b6fac3 StaticDependenciesID=d53de4e98bd8a6b37041b4c052b1e06c 
Number of updated asset objects reloaded before import = 0
Number of asset objects unloaded after import = 1
========================================================================
Received Import Request.
  Time of request: 2026-09-21T17:58:52.8289369Z
  Time since last request: 0.0002398 seconds.
  importAddress: GUID: 424a8de5def3b46dcb08edd00ad1c7bd - Path: Packages/com.unity.multiplayer.center/Editor/MultiplayerCenterWindow/UI/Icons/Loading.png - Importer: ScriptedImporter/UnityEditor.QuickSearchModule:UnityEditor.Search:ASIAI0B
Importing 'GUID: 424a8de5def3b46dcb08edd00ad1c7bd - Path: Packages/com.unity.multiplayer.center/Editor/MultiplayerCenterWindow/UI/Icons/Loading.png - Importer: ScriptedImporter/UnityEditor.QuickSearchModule:UnityEditor.Search:ASIAI0B' with importer (ScriptedImporter : UnityEditor.QuickSearchModule:UnityEditor.Search:ASIAI0B)
Imported 'GUID: 424a8de5def3b46dcb08edd00ad1c7bd' -> (Import Result ID: '6066f5ef8efc27301babb69112f3d32d') in 0.008 seconds [static and dynamic dependencies]. Details - ImportResultOutputID=9f51824a0e6fe1a2fee9e95bee23016d DependenciesID=0af581ed13eada31a43d35b92d8af8a5 StaticDependenciesID=2b8eceaa365087c82d904e722e39df58 
Number of updated asset objects reloaded before import = 0
Number of asset objects unloaded after import = 1
========================================================================
Received Import Request.
  Time of request: 2026-09-21T17:58:52.837742Z
  Time since last request: 0.0001589 seconds.
  importAddress: GUID: 17f093324b67f5bd57e55b546736750e - Path: Packages/com.unity.modules.particlesystem/package.ModuleCompilationTrigger - Importer: ScriptedImporter/UnityEditor.QuickSearchModule:UnityEditor.Search:ASIAI0B
Importing 'GUID: 17f093324b67f5bd57e55b546736750e - Path: Packages/com.unity.modules.particlesystem/package.ModuleCompilationTrigger - Importer: ScriptedImporter/UnityEditor.QuickSearchModule:UnityEditor.Search:ASIAI0B' with importer (ScriptedImporter : UnityEditor.QuickSearchModule:UnityEditor.Search:ASIAI0B)
Imported 'GUID: 17f093324b67f5bd57e55b546736750e' -> (Import Result ID: '8c5db880567468090d27b7807bea35fd') in 0.005 seconds [static and dynamic dependencies]. Details - ImportResultOutputID=fba1327a9b966d881ee0a528cadb997c DependenciesID=7b020751c873940d676dcc0891c9a1d5 StaticDependenciesID=3e9a2cdd0f4fef2fb8c55371bd140bc9 
Number of updated asset objects reloaded before import = 0
Number of asset objects unloaded after import = 1
========================================================================
Received Import Request.
  Time of request: 2026-09-21T17:58:52.8436409Z
  Time since last request: 0.0002441 seconds.
  importAddress: GUID: 87d720faa37005c08600090e04d8c739 - Path: Packages/com.unity.modules.particlesystem/package.json - Importer: ScriptedImporter/UnityEditor.QuickSearchModule:UnityEditor.Search:ASIAI0B
Importing 'GUID: 87d720faa37005c08600090e04d8c739 - Path: Packages/com.unity.modules.particlesystem/package.json - Importer: ScriptedImporter/UnityEditor.QuickSearchModule:UnityEditor.Search:ASIAI0B' with importer (ScriptedImporter : UnityEditor.QuickSearchModule:UnityEditor.Search:ASIAI0B)
Imported 'GUID: 87d720faa37005c08600090e04d8c739' -> (Import Result ID: '793f9e391de2774bbe71d5f8832a08af') in 0.005 seconds [static and dynamic dependencies]. Details - ImportResultOutputID=c8f8f6711d754e4dcea61f0a45b039b8 DependenciesID=78d5245e62ce7ccd6a3667443b7f0d84 StaticDependenciesID=f3f529571fbbca2a6556dcd1ca39debb 
Number of updated asset objects reloaded before import = 0
Number of asset objects unloaded after import = 1
========================================================================
Received Import Request.
  Time of request: 2026-09-21T17:58:52.8488335Z
  Time since last request: 0.0001892 seconds.
  importAddress: GUID: 83b28bcaaf34b4fd580114fb05d9f160 - Path: Packages/com.unity.multiplayer.center/Editor/MultiplayerCenterWindow/UI/Icons/NGO@2x.png - Importer: ScriptedImporter/UnityEditor.QuickSearchModule:UnityEditor.Search:ASIAI0B
Importing 'GUID: 83b28bcaaf34b4fd580114fb05d9f160 - Path: Packages/com.unity.multiplayer.center/Editor/MultiplayerCenterWindow/UI/Icons/NGO@2x.png - Importer: ScriptedImporter/UnityEditor.QuickSearchModule:UnityEditor.Search:ASIAI0B' with importer (ScriptedImporter : UnityEditor.QuickSearchModule:UnityEditor.Search:ASIAI0B)
Imported 'GUID: 83b28bcaaf34b4fd580114fb05d9f160' -> (Import Result ID: '363a781adb1b91d40eacb94771580a0d') in 0.006 seconds [static and dynamic dependencies]. Details - ImportResultOutputID=6e62113d5b51ff36150f5942d1758e33 DependenciesID=6b5f6872be2919c8e3dddb72f8574ef2 StaticDependenciesID=fa72c235e5e75f06b4d02b815fcac529 
Number of updated asset objects reloaded before import = 0
Number of asset objects unloaded after import = 1
========================================================================
Received Import Request.
  Time of request: 2026-09-21T17:58:52.8553304Z
  Time since last request: 0.000425 seconds.
  importAddress: GUID: e2d09a26ce46dc617b54e49a534ace20 - Path: Packages/com.unity.modules.ai/package.ModuleCompilationTrigger - Importer: ScriptedImporter/UnityEditor.QuickSearchModule:UnityEditor.Search:ASIAI0B
Importing 'GUID: e2d09a26ce46dc617b54e49a534ace20 - Path: Packages/com.unity.modules.ai/package.ModuleCompilationTrigger - Importer: ScriptedImporter/UnityEditor.QuickSearchModule:UnityEditor.Search:ASIAI0B' with importer (ScriptedImporter : UnityEditor.QuickSearchModule:UnityEditor.Search:ASIAI0B)
Imported 'GUID: e2d09a26ce46dc617b54e49a534ace20' -> (Import Result ID: 'de615d41d66bc25fefbcef1154b45a65') in 0.003 seconds [static and dynamic dependencies]. Details - ImportResultOutputID=c64e64a73be320ef12b8e513e354fdab DependenciesID=3612a63d27138bb08158ebf4770e2dbe StaticDependenciesID=3e0f765e6e9048afcdbe19cd3d49e07b 
Number of updated asset objects reloaded before import = 0
Number of asset objects unloaded after import = 1
========================================================================
Received Import Request.
  Time of request: 2026-09-21T17:58:52.8595615Z
  Time since last request: 0.0008353 seconds.
  importAddress: GUID: c88e90bad18cceb5d182d0c805883056 - Path: Packages/com.unity.modules.director/package.ModuleCompilationTrigger - Importer: ScriptedImporter/UnityEditor.QuickSearchModule:UnityEditor.Search:ASIAI0B
Importing 'GUID: c88e90bad18cceb5d182d0c805883056 - Path: Packages/com.unity.modules.director/package.ModuleCompilationTrigger - Importer: ScriptedImporter/UnityEditor.QuickSearchModule:UnityEditor.Search:ASIAI0B' with importer (ScriptedImporter : UnityEditor.QuickSearchModule:UnityEditor.Search:ASIAI0B)
Imported 'GUID: c88e90bad18cceb5d182d0c805883056' -> (Import Result ID: '5215b9aea27152353d5bec4bc07a7536') in 0.003 seconds [static and dynamic dependencies]. Details - ImportResultOutputID=68817b744147e26a2f4dc53a497530b1 DependenciesID=2b67b65a9fded925c4210fe15d328ccb StaticDependenciesID=7e8dfce8c9dff0a16fb23b40211f3ebf 
Number of updated asset objects reloaded before import = 0
Number of asset objects unloaded after import = 1
========================================================================
Received Import Request.
  Time of request: 2026-09-21T17:58:52.8628785Z
  Time since last request: 0.0002439 seconds.
  importAddress: GUID: dd70cd654275d47db807e918055e004f - Path: Packages/com.unity.multiplayer.center/Editor/MultiplayerCenterWindow/UI/Icons/Questionnaire.png - Importer: ScriptedImporter/UnityEditor.QuickSearchModule:UnityEditor.Search:ASIAI0B
Importing 'GUID: dd70cd654275d47db807e918055e004f - Path: Packages/com.unity.multiplayer.center/Editor/MultiplayerCenterWindow/UI/Icons/Questionnaire.png - Importer: ScriptedImporter/UnityEditor.QuickSearchModule:UnityEditor.Search:ASIAI0B' with importer (ScriptedImporter : UnityEditor.QuickSearchModule:UnityEditor.Search:ASIAI0B)
Imported 'GUID: dd70cd654275d47db807e918055e004f' -> (Import Result ID: '28f8285b71fca64c34e78ee16c746962') in 0.008 seconds [static and dynamic dependencies]. Details - ImportResultOutputID=8e5c69d619f93257ba81b0b9f524eafd DependenciesID=74adc6f5ee827f03c70d2cdcef06e665 StaticDependenciesID=b8649359c3f6758c8d4906982c8c7a06 
Number of updated asset objects reloaded before import = 0
Number of asset objects unloaded after import = 1
========================================================================
Received Import Request.
  Time of request: 2026-09-21T17:58:52.8711245Z
  Time since last request: 0.0002169 seconds.
  importAddress: GUID: 906c12bc9cd95d3963c6d58f62522c78 - Path: Packages/com.unity.modules.cloth/package.json - Importer: ScriptedImporter/UnityEditor.QuickSearchModule:UnityEditor.Search:ASIAI0B
Importing 'GUID: 906c12bc9cd95d3963c6d58f62522c78 - Path: Packages/com.unity.modules.cloth/package.json - Importer: ScriptedImporter/UnityEditor.QuickSearchModule:UnityEditor.Search:ASIAI0B' with importer (ScriptedImporter : UnityEditor.QuickSearchModule:UnityEditor.Search:ASIAI0B)
Imported 'GUID: 906c12bc9cd95d3963c6d58f62522c78' -> (Import Result ID: 'b6876e066d31fd90543883f7932656c8') in 0.003 seconds [static and dynamic dependencies]. Details - ImportResultOutputID=a47bd1857c8434809a28409adcab1a4c DependenciesID=ca1a82154de2b50f53301875bf08fdb5 StaticDependenciesID=64695b2a53b6d439ecfc4f0513177740 
Number of updated asset objects reloaded before import = 0
Number of asset objects unloaded after import = 1
========================================================================
Received Import Request.
  Time of request: 2026-09-21T17:58:52.8741963Z
  Time since last request: 0.0001826 seconds.
  importAddress: GUID: a2c71c02b50345e99168bda191ec01b4 - Path: Packages/com.unity.multiplayer.center/Editor/MultiplayerCenterWindow/UI/RecommendationView/RecommendationView.cs - Importer: ScriptedImporter/UnityEditor.QuickSearchModule:UnityEditor.Search:ASIAI0B
Importing 'GUID: a2c71c02b50345e99168bda191ec01b4 - Path: Packages/com.unity.multiplayer.center/Editor/MultiplayerCenterWindow/UI/RecommendationView/RecommendationView.cs - Importer: ScriptedImporter/UnityEditor.QuickSearchModule:UnityEditor.Search:ASIAI0B' with importer (ScriptedImporter : UnityEditor.QuickSearchModule:UnityEditor.Search:ASIAI0B)
Imported 'GUID: a2c71c02b50345e99168bda191ec01b4' -> (Import Result ID: '7482401854239cf2207ef5fcab35e14f') in 0.003 seconds [static and dynamic dependencies]. Details - ImportResultOutputID=5af132486d4fcd5d94d1655ac18e2e1a DependenciesID=57bf557cab96ef6d96ba0bd2f2afba2a StaticDependenciesID=242f4a8269f6eb307dc316b7eee8d663 
Number of updated asset objects reloaded before import = 0
Number of asset objects unloaded after import = 0
========================================================================
Received Import Request.
  Time of request: 2026-09-21T17:58:52.8771322Z
  Time since last request: 0.0002488 seconds.
  importAddress: GUID: 1af35a910338381f753e8a985eb5daab - Path: Packages/com.unity.modules.adaptiveperformance/package.ModuleCompilationTrigger - Importer: ScriptedImporter/UnityEditor.QuickSearchModule:UnityEditor.Search:ASIAI0B
Importing 'GUID: 1af35a910338381f753e8a985eb5daab - Path: Packages/com.unity.modules.adaptiveperformance/package.ModuleCompilationTrigger - Importer: ScriptedImporter/UnityEditor.QuickSearchModule:UnityEditor.Search:ASIAI0B' with importer (ScriptedImporter : UnityEditor.QuickSearchModule:UnityEditor.Search:ASIAI0B)
Imported 'GUID: 1af35a910338381f753e8a985eb5daab' -> (Import Result ID: '6eefd12376461a390b50508469d5abdf') in 0.002 seconds [static and dynamic dependencies]. Details - ImportResultOutputID=12bcedc6189048fd67a07088bfe7452e DependenciesID=ddb0a62d19100443a7408cdd06f6922f StaticDependenciesID=17c723279643ff7ee99d0cdadd5fee61 
Number of updated asset objects reloaded before import = 0
Number of asset objects unloaded after import = 1
========================================================================
Received Import Request.
  Time of request: 2026-09-21T17:58:52.8798534Z
  Time since last request: 0.0002199 seconds.
  importAddress: GUID: 43674d438e19b89d7fe6af07234f3252 - Path: Packages/com.unity.modules.accessibility/package.json - Importer: ScriptedImporter/UnityEditor.QuickSearchModule:UnityEditor.Search:ASIAI0B
Importing 'GUID: 43674d438e19b89d7fe6af07234f3252 - Path: Packages/com.unity.modules.accessibility/package.json - Importer: ScriptedImporter/UnityEditor.QuickSearchModule:UnityEditor.Search:ASIAI0B' with importer (ScriptedImporter : UnityEditor.QuickSearchModule:UnityEditor.Search:ASIAI0B)
Imported 'GUID: 43674d438e19b89d7fe6af07234f3252' -> (Import Result ID: '2874269fe33bcdbf1c5e1c1500a7b3c0') in 0.002 seconds [static and dynamic dependencies]. Details - ImportResultOutputID=ab14baa59cf68fee02845c9de36ddb3a DependenciesID=d01bf05beec3c8d080977064e2b4a8fb StaticDependenciesID=e12f49522e3beb5aea878309c0c081e3 
Number of updated asset objects reloaded before import = 0
Number of asset objects unloaded after import = 1
========================================================================
Received Import Request.
  Time of request: 2026-09-21T17:58:52.8829654Z
  Time since last request: 0.0005951 seconds.
  importAddress: GUID: 2adec19fac7df68adf1fd6eb83197bb1 - Path: Packages/com.unity.modules.wind/package.ModuleCompilationTrigger - Importer: ScriptedImporter/UnityEditor.QuickSearchModule:UnityEditor.Search:ASIAI0B
Importing 'GUID: 2adec19fac7df68adf1fd6eb83197bb1 - Path: Packages/com.unity.modules.wind/package.ModuleCompilationTrigger - Importer: ScriptedImporter/UnityEditor.QuickSearchModule:UnityEditor.Search:ASIAI0B' with importer (ScriptedImporter : UnityEditor.QuickSearchModule:UnityEditor.Search:ASIAI0B)
Imported 'GUID: 2adec19fac7df68adf1fd6eb83197bb1' -> (Import Result ID: '36b36a838c40a6b19043a8144a54ac86') in 0.003 seconds [static and dynamic dependencies]. Details - ImportResultOutputID=368721cf595fdd325c5dbe5fcfcb9d03 DependenciesID=c02510f871f36a104d2f1ab706d37f43 StaticDependenciesID=8614655c4ad192e0bc3fe1d821098cde 
Number of updated asset objects reloaded before import = 0
Number of asset objects unloaded after import = 1
========================================================================
Received Import Request.
  Time of request: 2026-09-21T17:58:52.886122Z
  Time since last request: 0.000213 seconds.
  importAddress: GUID: bfd567a3d1631a761bca9e99fa53d86d - Path: Packages/com.unity.modules.ui/package.json - Importer: ScriptedImporter/UnityEditor.QuickSearchModule:UnityEditor.Search:ASIAI0B
Importing 'GUID: bfd567a3d1631a761bca9e99fa53d86d - Path: Packages/com.unity.modules.ui/package.json - Importer: ScriptedImporter/UnityEditor.QuickSearchModule:UnityEditor.Search:ASIAI0B' with importer (ScriptedImporter : UnityEditor.QuickSearchModule:UnityEditor.Search:ASIAI0B)
Imported 'GUID: bfd567a3d1631a761bca9e99fa53d86d' -> (Import Result ID: 'df34f20b0e6e9bcb2857fd6efc339f73') in 0.002 seconds [static and dynamic dependencies]. Details - ImportResultOutputID=af5291b0429acaeeb7fe600e8d25b02d DependenciesID=109b7a15b1b595bb3257b0aad159fa9a StaticDependenciesID=f67d33bd7a7a1efe4a8afb72fb5704f4 
Number of updated asset objects reloaded before import = 0
Number of asset objects unloaded after import = 1
========================================================================
Received Import Request.
  Time of request: 2026-09-21T17:58:52.888659Z
  Time since last request: 0.0001607 seconds.
  importAddress: GUID: d104359075a97392b803d3d5aebc77f7 - Path: Packages/com.unity.modules.hierarchycore/package.ModuleCompilationTrigger - Importer: ScriptedImporter/UnityEditor.QuickSearchModule:UnityEditor.Search:ASIAI0B
Importing 'GUID: d104359075a97392b803d3d5aebc77f7 - Path: Packages/com.unity.modules.hierarchycore/package.ModuleCompilationTrigger - Importer: ScriptedImporter/UnityEditor.QuickSearchModule:UnityEditor.Search:ASIAI0B' with importer (ScriptedImporter : UnityEditor.QuickSearchModule:UnityEditor.Search:ASIAI0B)
Imported 'GUID: d104359075a97392b803d3d5aebc77f7' -> (Import Result ID: '451868315c2efbd9ef5c69296699087a') in 0.002 seconds [static and dynamic dependencies]. Details - ImportResultOutputID=089f705eda8019060da40be472df0bd0 DependenciesID=11f0a7f2b1c598e2ba231bf57ff5497d StaticDependenciesID=fd3ad529ebdafe90d793345b16b380d8 
Number of updated asset objects reloaded before import = 0
Number of asset objects unloaded after import = 1
========================================================================
Received Import Request.
  Time of request: 2026-09-21T17:58:52.8910701Z
  Time since last request: 0.0001982 seconds.
  importAddress: GUID: f62135e79edb837b2d2ee3c524da864c - Path: Packages/com.unity.modules.video/package.ModuleCompilationTrigger - Importer: ScriptedImporter/UnityEditor.QuickSearchModule:UnityEditor.Search:ASIAI0B
Importing 'GUID: f62135e79edb837b2d2ee3c524da864c - Path: Packages/com.unity.modules.video/package.ModuleCompilationTrigger - Importer: ScriptedImporter/UnityEditor.QuickSearchModule:UnityEditor.Search:ASIAI0B' with importer (ScriptedImporter : UnityEditor.QuickSearchModule:UnityEditor.Search:ASIAI0B)
Imported 'GUID: f62135e79edb837b2d2ee3c524da864c' -> (Import Result ID: 'dfe808df824547fda0447a102170d4ea') in 0.003 seconds [static and dynamic dependencies]. Details - ImportResultOutputID=da4655a3a68db07d4f29588b4b39a650 DependenciesID=b3806bb0990bccd6bc4175047e77f07f StaticDependenciesID=30e3386367855e9b3cf574818f270a6b 
Number of updated asset objects reloaded before import = 0
Number of asset objects unloaded after import = 1
========================================================================
Received Import Request.
  Time of request: 2026-09-21T17:58:52.894294Z
  Time since last request: 0.0002592 seconds.
  importAddress: GUID: 4616b2fa4acd1429e931835b80966c2a - Path: Packages/com.unity.multiplayer.center/Editor/MultiplayerCenterWindow/UI/Icons/PackageInstalled.png - Importer: ScriptedImporter/UnityEditor.QuickSearchModule:UnityEditor.Search:ASIAI0B
Importing 'GUID: 4616b2fa4acd1429e931835b80966c2a - Path: Packages/com.unity.multiplayer.center/Editor/MultiplayerCenterWindow/UI/Icons/PackageInstalled.png - Importer: ScriptedImporter/UnityEditor.QuickSearchModule:UnityEditor.Search:ASIAI0B' with importer (ScriptedImporter : UnityEditor.QuickSearchModule:UnityEditor.Search:ASIAI0B)
Imported 'GUID: 4616b2fa4acd1429e931835b80966c2a' -> (Import Result ID: 'df75ac47577a19d9e8d1d7f6dbcf7d59') in 0.006 seconds [static and dynamic dependencies]. Details - ImportResultOutputID=63282bb2f957ca99689c7c8109eaf6fc DependenciesID=4b2c494a44b38c9f35bdd2b7501183fc StaticDependenciesID=47d85455578b18bef9e9cc669fabed3b 
Number of updated asset objects reloaded before import = 0
Number of asset objects unloaded after import = 1
========================================================================
Received Import Request.
  Time of request: 2026-09-21T17:58:52.9003154Z
  Time since last request: 0.0002236 seconds.
  importAddress: GUID: f7a8357347c80dc69c08d0b1a05e2122 - Path: Packages/com.unity.modules.physics2d/package.json - Importer: ScriptedImporter/UnityEditor.QuickSearchModule:UnityEditor.Search:ASIAI0B
Importing 'GUID: f7a8357347c80dc69c08d0b1a05e2122 - Path: Packages/com.unity.modules.physics2d/package.json - Importer: ScriptedImporter/UnityEditor.QuickSearchModule:UnityEditor.Search:ASIAI0B' with importer (ScriptedImporter : UnityEditor.QuickSearchModule:UnityEditor.Search:ASIAI0B)
Imported 'GUID: f7a8357347c80dc69c08d0b1a05e2122' -> (Import Result ID: 'c540b591bbd1b4c24412645f7b2a10f4') in 0.002 seconds [static and dynamic dependencies]. Details - ImportResultOutputID=74d89988f663b61638afbc18eeafa7b6 DependenciesID=116494955c13a03a72c0870d566dc314 StaticDependenciesID=693da2655c7b99c52a0d03519e91d767 
Number of updated asset objects reloaded before import = 0
Number of asset objects unloaded after import = 1
========================================================================
Received Import Request.
  Time of request: 2026-09-21T17:58:52.9030182Z
  Time since last request: 0.0002372 seconds.
  importAddress: GUID: 05f7f519769978b79b31d063a7fc6fa1 - Path: Packages/com.unity.modules.unitywebrequestassetbundle/package.json - Importer: ScriptedImporter/UnityEditor.QuickSearchModule:UnityEditor.Search:ASIAI0B
Importing 'GUID: 05f7f519769978b79b31d063a7fc6fa1 - Path: Packages/com.unity.modules.unitywebrequestassetbundle/package.json - Importer: ScriptedImporter/UnityEditor.QuickSearchModule:UnityEditor.Search:ASIAI0B' with importer (ScriptedImporter : UnityEditor.QuickSearchModule:UnityEditor.Search:ASIAI0B)
Imported 'GUID: 05f7f519769978b79b31d063a7fc6fa1' -> (Import Result ID: 'd9f1ba714d46eb1ae64e284164c306ad') in 0.003 seconds [static and dynamic dependencies]. Details - ImportResultOutputID=6bcd23fa4bfe894c7aee558e79daea9b DependenciesID=e49d2dcb2a3bfa7bd2bdd01149f66676 StaticDependenciesID=5a403ba353877d1db53816572c7b5f26 
Number of updated asset objects reloaded before import = 0
Number of asset objects unloaded after import = 1
========================================================================
Received Import Request.
  Time of request: 2026-09-21T17:58:52.9063302Z
  Time since last request: 0.0001007 seconds.
  importAddress: GUID: e9669051ff70449b5923861e0e0b8838 - Path: Packages/com.unity.multiplayer.center/Editor/MultiplayerCenterWindow/UI/Icons/N4E.png - Importer: ScriptedImporter/UnityEditor.QuickSearchModule:UnityEditor.Search:ASIAI0B
Importing 'GUID: e9669051ff70449b5923861e0e0b8838 - Path: Packages/com.unity.multiplayer.center/Editor/MultiplayerCenterWindow/UI/Icons/N4E.png - Importer: ScriptedImporter/UnityEditor.QuickSearchModule:UnityEditor.Search:ASIAI0B' with importer (ScriptedImporter : UnityEditor.QuickSearchModule:UnityEditor.Search:ASIAI0B)
Imported 'GUID: e9669051ff70449b5923861e0e0b8838' -> (Import Result ID: 'dc0fb1f65479396bce937e82d70cacda') in 0.006 seconds [static and dynamic dependencies]. Details - ImportResultOutputID=bcda5b6b0a88b928b05511761d237e79 DependenciesID=1d47785ae355894edce8fdb1a597db13 StaticDependenciesID=a2fcaf5abfac2dc34e5cc1004493589d 
Number of updated asset objects reloaded before import = 0
Number of asset objects unloaded after import = 1
========================================================================
Received Import Request.
  Time of request: 2026-09-21T17:58:52.9125334Z
  Time since last request: 0.0002316 seconds.
  importAddress: GUID: 5c1ee4056d0ac7ad3c5a16597fcaa38a - Path: Packages/com.unity.modules.physics/package.ModuleCompilationTrigger - Importer: ScriptedImporter/UnityEditor.QuickSearchModule:UnityEditor.Search:ASIAI0B
Importing 'GUID: 5c1ee4056d0ac7ad3c5a16597fcaa38a - Path: Packages/com.unity.modules.physics/package.ModuleCompilationTrigger - Importer: ScriptedImporter/UnityEditor.QuickSearchModule:UnityEditor.Search:ASIAI0B' with importer (ScriptedImporter : UnityEditor.QuickSearchModule:UnityEditor.Search:ASIAI0B)
Imported 'GUID: 5c1ee4056d0ac7ad3c5a16597fcaa38a' -> (Import Result ID: '954b1161269348a8124c0ddf780ced50') in 0.002 seconds [static and dynamic dependencies]. Details - ImportResultOutputID=c8f350c25b2c17bd98dab772ea34db23 DependenciesID=866be44d1cd1f938abd83f253f5b29ee StaticDependenciesID=834c0b0f298c7616967164616a5f3cb7 
Number of updated asset objects reloaded before import = 0
Number of asset objects unloaded after import = 1
========================================================================
Received Import Request.
  Time of request: 2026-09-21T17:58:52.915171Z
  Time since last request: 0.0001961 seconds.
  importAddress: GUID: 1daed49eec0f94f7ebb36dfef6159884 - Path: Packages/com.unity.multiplayer.center/Editor/MultiplayerCenterWindow/UI/Icons/NoNetcode.png - Importer: ScriptedImporter/UnityEditor.QuickSearchModule:UnityEditor.Search:ASIAI0B
Importing 'GUID: 1daed49eec0f94f7ebb36dfef6159884 - Path: Packages/com.unity.multiplayer.center/Editor/MultiplayerCenterWindow/UI/Icons/NoNetcode.png - Importer: ScriptedImporter/UnityEditor.QuickSearchModule:UnityEditor.Search:ASIAI0B' with importer (ScriptedImporter : UnityEditor.QuickSearchModule:UnityEditor.Search:ASIAI0B)
Imported 'GUID: 1daed49eec0f94f7ebb36dfef6159884' -> (Import Result ID: '06934bfcabb4e2e6bef1771e54e869cb') in 0.004 seconds [static and dynamic dependencies]. Details - ImportResultOutputID=eed0dc07ec81fe504f559f28fd8e032a DependenciesID=57580376cf58788652d6dcc5862bc6af StaticDependenciesID=fe38424ff7d3005e1ee07f94c5730eff 
Number of updated asset objects reloaded before import = 0
Number of asset objects unloaded after import = 1
========================================================================
Received Import Request.
  Time of request: 2026-09-21T17:58:52.9197692Z
  Time since last request: 0.0002151 seconds.
  importAddress: GUID: e5c46c19ce0ce2e0103aa6f82df1043a - Path: Packages/com.unity.modules.vehicles/package.ModuleCompilationTrigger - Importer: ScriptedImporter/UnityEditor.QuickSearchModule:UnityEditor.Search:ASIAI0B
Importing 'GUID: e5c46c19ce0ce2e0103aa6f82df1043a - Path: Packages/com.unity.modules.vehicles/package.ModuleCompilationTrigger - Importer: ScriptedImporter/UnityEditor.QuickSearchModule:UnityEditor.Search:ASIAI0B' with importer (ScriptedImporter : UnityEditor.QuickSearchModule:UnityEditor.Search:ASIAI0B)
Imported 'GUID: e5c46c19ce0ce2e0103aa6f82df1043a' -> (Import Result ID: '77066b709a365c04033a613ddd89670b') in 0.002 seconds [static and dynamic dependencies]. Details - ImportResultOutputID=0d76144277dd1abdb359c77a0620d810 DependenciesID=0de0acf92a8c9637564782215ee51534 StaticDependenciesID=e54a4f5f0b8acda30b08c0f2f6364b69 
Number of updated asset objects reloaded before import = 0
Number of asset objects unloaded after import = 1
========================================================================
Received Import Request.
  Time of request: 2026-09-21T17:58:52.922225Z
  Time since last request: 0.0001609 seconds.
  importAddress: GUID: 830a36a23cf3ab1e61fa47940a6dc35e - Path: Packages/com.unity.modules.imageconversion/package.ModuleCompilationTrigger - Importer: ScriptedImporter/UnityEditor.QuickSearchModule:UnityEditor.Search:ASIAI0B
Importing 'GUID: 830a36a23cf3ab1e61fa47940a6dc35e - Path: Packages/com.unity.modules.imageconversion/package.ModuleCompilationTrigger - Importer: ScriptedImporter/UnityEditor.QuickSearchModule:UnityEditor.Search:ASIAI0B' with importer (ScriptedImporter : UnityEditor.QuickSearchModule:UnityEditor.Search:ASIAI0B)
Imported 'GUID: 830a36a23cf3ab1e61fa47940a6dc35e' -> (Import Result ID: 'd6fc258a33cf43ff7f1a04f13ba84f47') in 0.002 seconds [static and dynamic dependencies]. Details - ImportResultOutputID=492221a4f25ede77db4ddc92ae0860f8 DependenciesID=63c1b72f0069c158eb5f7dcebf25c11b StaticDependenciesID=878a9d4470ccd50d1cb803fdf6c7afd2 
Number of updated asset objects reloaded before import = 0
Number of asset objects unloaded after import = 1
========================================================================
Received Import Request.
  Time of request: 2026-09-21T17:58:52.924724Z
  Time since last request: 0.0001878 seconds.
  importAddress: GUID: db8e609a39b9b231fccc54e5fa4cbd1b - Path: Packages/com.unity.modules.animation/package.ModuleCompilationTrigger - Importer: ScriptedImporter/UnityEditor.QuickSearchModule:UnityEditor.Search:ASIAI0B
Importing 'GUID: db8e609a39b9b231fccc54e5fa4cbd1b - Path: Packages/com.unity.modules.animation/package.ModuleCompilationTrigger - Importer: ScriptedImporter/UnityEditor.QuickSearchModule:UnityEditor.Search:ASIAI0B' with importer (ScriptedImporter : UnityEditor.QuickSearchModule:UnityEditor.Search:ASIAI0B)
Imported 'GUID: db8e609a39b9b231fccc54e5fa4cbd1b' -> (Import Result ID: 'b22af46e5b1041ca6005ee3e1b5c0dfb') in 0.004 seconds [static and dynamic dependencies]. Details - ImportResultOutputID=a12d40e126c3a60857c14e0c5243bcc5 DependenciesID=0ba3e8d8a37b74a98b700240ccdb1ed2 StaticDependenciesID=5c69c52e66fafc7de2c918481044aa2a 
Number of updated asset objects reloaded before import = 0
Number of asset objects unloaded after import = 1
========================================================================
Received Import Request.
  Time of request: 2026-09-21T17:58:52.9291148Z
  Time since last request: 0.0003431 seconds.
  importAddress: GUID: 953fab16d15d5885b3600fcd6388b2ad - Path: Packages/com.unity.modules.imageconversion/package.json - Importer: ScriptedImporter/UnityEditor.QuickSearchModule:UnityEditor.Search:ASIAI0B
Importing 'GUID: 953fab16d15d5885b3600fcd6388b2ad - Path: Packages/com.unity.modules.imageconversion/package.json - Importer: ScriptedImporter/UnityEditor.QuickSearchModule:UnityEditor.Search:ASIAI0B' with importer (ScriptedImporter : UnityEditor.QuickSearchModule:UnityEditor.Search:ASIAI0B)
Imported 'GUID: 953fab16d15d5885b3600fcd6388b2ad' -> (Import Result ID: '9b909cc97d991cdcc7b0bba0d70fab4c') in 0.004 seconds [static and dynamic dependencies]. Details - ImportResultOutputID=1fbf7147c41578fa87333e98ba2ec5d2 DependenciesID=dd06754d9fd38c18e4e6acaad8a0f056 StaticDependenciesID=910c06ba3adebeabd35a6deb950ce21c 
Number of updated asset objects reloaded before import = 0
Number of asset objects unloaded after import = 1
========================================================================
Received Import Request.
  Time of request: 2026-09-21T17:58:52.9334711Z
  Time since last request: 0.0003348 seconds.
  importAddress: GUID: 1a4266815e998967becf686f9c71f0a6 - Path: Packages/com.unity.modules.physics/package.json - Importer: ScriptedImporter/UnityEditor.QuickSearchModule:UnityEditor.Search:ASIAI0B
Importing 'GUID: 1a4266815e998967becf686f9c71f0a6 - Path: Packages/com.unity.modules.physics/package.json - Importer: ScriptedImporter/UnityEditor.QuickSearchModule:UnityEditor.Search:ASIAI0B' with importer (ScriptedImporter : UnityEditor.QuickSearchModule:UnityEditor.Search:ASIAI0B)
Imported 'GUID: 1a4266815e998967becf686f9c71f0a6' -> (Import Result ID: 'eaaac8eb3d3d6362879610d5c66973d9') in 0.005 seconds [static and dynamic dependencies]. Details - ImportResultOutputID=9e5c915d866f0db7ad25724c81ec0990 DependenciesID=ff37ff97e48a3abd6f43184fabb81e45 StaticDependenciesID=ed81ca19a41862fefec5243a398361fe 
Number of updated asset objects reloaded before import = 0
Number of asset objects unloaded after import = 1
========================================================================
Received Import Request.
  Time of request: 2026-09-21T17:58:52.9393447Z
  Time since last request: 0.0005777 seconds.
  importAddress: GUID: 6afb166a156df2d20433d981f4bb2832 - Path: Packages/com.unity.modules.vehicles/package.json - Importer: ScriptedImporter/UnityEditor.QuickSearchModule:UnityEditor.Search:ASIAI0B
Importing 'GUID: 6afb166a156df2d20433d981f4bb2832 - Path: Packages/com.unity.modules.vehicles/package.json - Importer: ScriptedImporter/UnityEditor.QuickSearchModule:UnityEditor.Search:ASIAI0B' with importer (ScriptedImporter : UnityEditor.QuickSearchModule:UnityEditor.Search:ASIAI0B)
Imported 'GUID: 6afb166a156df2d20433d981f4bb2832' -> (Import Result ID: 'c474b5d9a12205295bed32fa97dd258f') in 0.009 seconds [static and dynamic dependencies]. Details - ImportResultOutputID=d213103ff50f96b59c6dd63b39c1ee44 DependenciesID=5bd11b0187e303902f64ad95b477f512 StaticDependenciesID=ffac69359caed7f3b4290840f1115027 
Number of updated asset objects reloaded before import = 0
Number of asset objects unloaded after import = 1
========================================================================
Received Import Request.
  Time of request: 2026-09-21T17:58:52.9487082Z
  Time since last request: 0.0003095 seconds.
  importAddress: GUID: ec02776fe29df900b897106d61977735 - Path: Packages/com.unity.modules.director/package.json - Importer: ScriptedImporter/UnityEditor.QuickSearchModule:UnityEditor.Search:ASIAI0B
Importing 'GUID: ec02776fe29df900b897106d61977735 - Path: Packages/com.unity.modules.director/package.json - Importer: ScriptedImporter/UnityEditor.QuickSearchModule:UnityEditor.Search:ASIAI0B' with importer (ScriptedImporter : UnityEditor.QuickSearchModule:UnityEditor.Search:ASIAI0B)
Imported 'GUID: ec02776fe29df900b897106d61977735' -> (Import Result ID: '6b39d72a02e3891abd2071ea42bce6e2') in 0.005 seconds [static and dynamic dependencies]. Details - ImportResultOutputID=27db7ddfae0610c2c9c37fa3f45e5f4c DependenciesID=df70d5766f5265bfbe61a78cf4b785e5 StaticDependenciesID=1d6263b9d64d4fc39c5ca14a8e419482 
Number of updated asset objects reloaded before import = 0
Number of asset objects unloaded after import = 1
========================================================================
Received Import Request.
  Time of request: 2026-09-21T17:58:52.9540498Z
  Time since last request: 0.0002254 seconds.
  importAddress: GUID: b58a826ca804e4c67bab4283ad5a6102 - Path: Packages/com.unity.multiplayer.center/Editor/MultiplayerCenterWindow/UI/Icons/NoNetcode@2x.png - Importer: ScriptedImporter/UnityEditor.QuickSearchModule:UnityEditor.Search:ASIAI0B
Importing 'GUID: b58a826ca804e4c67bab4283ad5a6102 - Path: Packages/com.unity.multiplayer.center/Editor/MultiplayerCenterWindow/UI/Icons/NoNetcode@2x.png - Importer: ScriptedImporter/UnityEditor.QuickSearchModule:UnityEditor.Search:ASIAI0B' with importer (ScriptedImporter : UnityEditor.QuickSearchModule:UnityEditor.Search:ASIAI0B)
Imported 'GUID: b58a826ca804e4c67bab4283ad5a6102' -> (Import Result ID: '529b266086f31e1ec272a2a471bec798') in 0.007 seconds [static and dynamic dependencies]. Details - ImportResultOutputID=f8b3ffa102041207235d82d67225a855 DependenciesID=8f280324775c975d845b8205a4995722 StaticDependenciesID=893ef2fc7c5783e7c69a66faac44b817 
Number of updated asset objects reloaded before import = 0
Number of asset objects unloaded after import = 1
========================================================================
Received Import Request.
  Time of request: 2026-09-21T17:58:52.9619286Z
  Time since last request: 0.000257 seconds.
  importAddress: GUID: bd1af0a6633ee94ae21c7d1d702cdc12 - Path: Packages/com.unity.modules.androidjni/package.json - Importer: ScriptedImporter/UnityEditor.QuickSearchModule:UnityEditor.Search:ASIAI0B
Importing 'GUID: bd1af0a6633ee94ae21c7d1d702cdc12 - Path: Packages/com.unity.modules.androidjni/package.json - Importer: ScriptedImporter/UnityEditor.QuickSearchModule:UnityEditor.Search:ASIAI0B' with importer (ScriptedImporter : UnityEditor.QuickSearchModule:UnityEditor.Search:ASIAI0B)
Imported 'GUID: bd1af0a6633ee94ae21c7d1d702cdc12' -> (Import Result ID: 'a410a09fed539142cfa0627b1b84b91b') in 0.002 seconds [static and dynamic dependencies]. Details - ImportResultOutputID=92a0aa539ac681dc6d97d75eceee28d6 DependenciesID=d0d78d951b934dba2a2bf3a332d1d3bf StaticDependenciesID=34e8376d2e455ea69cd3a008048457e2 
Number of updated asset objects reloaded before import = 0
Number of asset objects unloaded after import = 1
========================================================================
Received Import Request.
  Time of request: 2026-09-21T17:58:52.9646949Z
  Time since last request: 0.0003083 seconds.
  importAddress: GUID: 7ef8348b8ea834d7e1bc214b07f7fb87 - Path: Packages/com.unity.modules.animation/package.json - Importer: ScriptedImporter/UnityEditor.QuickSearchModule:UnityEditor.Search:ASIAI0B
Importing 'GUID: 7ef8348b8ea834d7e1bc214b07f7fb87 - Path: Packages/com.unity.modules.animation/package.json - Importer: ScriptedImporter/UnityEditor.QuickSearchModule:UnityEditor.Search:ASIAI0B' with importer (ScriptedImporter : UnityEditor.QuickSearchModule:UnityEditor.Search:ASIAI0B)
Imported 'GUID: 7ef8348b8ea834d7e1bc214b07f7fb87' -> (Import Result ID: '0335e6275124eed976ad3e181971b331') in 0.003 seconds [static and dynamic dependencies]. Details - ImportResultOutputID=1df7c6ed7614e5929e3871f09f381db8 DependenciesID=b55e62751e4957dd951a0c6c61010fba StaticDependenciesID=f36cf39a54485882f174aa07386b031c 
Number of updated asset objects reloaded before import = 0
Number of asset objects unloaded after import = 1
========================================================================
Received Import Request.
  Time of request: 2026-09-21T17:58:52.9682836Z
  Time since last request: 0.0002601 seconds.
  importAddress: GUID: 7610600f5c83e01041a6fe849d39279f - Path: Packages/com.unity.modules.unitywebrequestassetbundle/package.ModuleCompilationTrigger - Importer: ScriptedImporter/UnityEditor.QuickSearchModule:UnityEditor.Search:ASIAI0B
Importing 'GUID: 7610600f5c83e01041a6fe849d39279f - Path: Packages/com.unity.modules.unitywebrequestassetbundle/package.ModuleCompilationTrigger - Importer: ScriptedImporter/UnityEditor.QuickSearchModule:UnityEditor.Search:ASIAI0B' with importer (ScriptedImporter : UnityEditor.QuickSearchModule:UnityEditor.Search:ASIAI0B)
Imported 'GUID: 7610600f5c83e01041a6fe849d39279f' -> (Import Result ID: '9223325a4ef4610bca7bd2baecab142f') in 0.002 seconds [static and dynamic dependencies]. Details - ImportResultOutputID=62a26ee9746b7a1c2f5843fcef5d578b DependenciesID=3424ea431de3be623a2784288b74c83d StaticDependenciesID=f23118b5805a03d97d79801493b84397 
Number of updated asset objects reloaded before import = 0
Number of asset objects unloaded after import = 1
========================================================================
Received Import Request.
  Time of request: 2026-09-21T17:58:52.9709823Z
  Time since last request: 0.0001169 seconds.
  importAddress: GUID: f0f13f2ab3d6d13cfc6e4656824bfca8 - Path: Packages/com.unity.modules.ai/package.json - Importer: ScriptedImporter/UnityEditor.QuickSearchModule:UnityEditor.Search:ASIAI0B
Importing 'GUID: f0f13f2ab3d6d13cfc6e4656824bfca8 - Path: Packages/com.unity.modules.ai/package.json - Importer: ScriptedImporter/UnityEditor.QuickSearchModule:UnityEditor.Search:ASIAI0B' with importer (ScriptedImporter : UnityEditor.QuickSearchModule:UnityEditor.Search:ASIAI0B)
Imported 'GUID: f0f13f2ab3d6d13cfc6e4656824bfca8' -> (Import Result ID: 'e04a023fb29e09a0f99a26e95140b9bb') in 0.002 seconds [static and dynamic dependencies]. Details - ImportResultOutputID=a692f5b0fadfa77fd9e4e075ca9df534 DependenciesID=7fa970fe8b2c50b9fa5b70fa3e56212f StaticDependenciesID=649797ca334b97044734aae2c157f260 
Number of updated asset objects reloaded before import = 0
Number of asset objects unloaded after import = 1
========================================================================
Received Import Request.
  Time of request: 2026-09-21T17:58:52.9738279Z
  Time since last request: 0.0002277 seconds.
  importAddress: GUID: 99da7b3894f364efdb5fa1443952a55d - Path: Packages/com.unity.multiplayer.center/Editor/MultiplayerCenterWindow/UI/Icons/NGO.png - Importer: ScriptedImporter/UnityEditor.QuickSearchModule:UnityEditor.Search:ASIAI0B
Importing 'GUID: 99da7b3894f364efdb5fa1443952a55d - Path: Packages/com.unity.multiplayer.center/Editor/MultiplayerCenterWindow/UI/Icons/NGO.png - Importer: ScriptedImporter/UnityEditor.QuickSearchModule:UnityEditor.Search:ASIAI0B' with importer (ScriptedImporter : UnityEditor.QuickSearchModule:UnityEditor.Search:ASIAI0B)
Imported 'GUID: 99da7b3894f364efdb5fa1443952a55d' -> (Import Result ID: '596c3dede366093f1ac81f49b68a808a') in 0.005 seconds [static and dynamic dependencies]. Details - ImportResultOutputID=739a67b8d958c65da7a2b1b8ae5fc7f6 DependenciesID=86b72f5c9971a3e9382786b64ca79f56 StaticDependenciesID=b3fe8cbf4d56c022808f4c23e2bd5ce2 
Number of updated asset objects reloaded before import = 0
Number of asset objects unloaded after import = 1
========================================================================
Received Import Request.
  Time of request: 2026-09-21T17:58:52.9787169Z
  Time since last request: 0.0002346 seconds.
  importAddress: GUID: 281e16dfc02f4a86bf924188eb96b176 - Path: Packages/com.unity.multiplayer.center/Editor/MultiplayerCenterWindow/UI/RecommendationView/RecommendationItemView.cs - Importer: ScriptedImporter/UnityEditor.QuickSearchModule:UnityEditor.Search:ASIAI0B
Importing 'GUID: 281e16dfc02f4a86bf924188eb96b176 - Path: Packages/com.unity.multiplayer.center/Editor/MultiplayerCenterWindow/UI/RecommendationView/RecommendationItemView.cs - Importer: ScriptedImporter/UnityEditor.QuickSearchModule:UnityEditor.Search:ASIAI0B' with importer (ScriptedImporter : UnityEditor.QuickSearchModule:UnityEditor.Search:ASIAI0B)
Imported 'GUID: 281e16dfc02f4a86bf924188eb96b176' -> (Import Result ID: 'e9af3525290f9b48d532017d490ead30') in 0.002 seconds [static and dynamic dependencies]. Details - ImportResultOutputID=d34e9000acb8924363a78d908d77d138 DependenciesID=5da127d5aee484cc89cca1850dc807d7 StaticDependenciesID=a55409e87f9da19d9c60838bbb474345 
Number of updated asset objects reloaded before import = 0
Number of asset objects unloaded after import = 0
========================================================================
Received Import Request.
  Time of request: 2026-09-21T17:58:52.9809618Z
  Time since last request: 0.0002131 seconds.
  importAddress: GUID: b83f06ac0c0696e9563230865ca72b81 - Path: Packages/com.unity.modules.wind/package.json - Importer: ScriptedImporter/UnityEditor.QuickSearchModule:UnityEditor.Search:ASIAI0B
Importing 'GUID: b83f06ac0c0696e9563230865ca72b81 - Path: Packages/com.unity.modules.wind/package.json - Importer: ScriptedImporter/UnityEditor.QuickSearchModule:UnityEditor.Search:ASIAI0B' with importer (ScriptedImporter : UnityEditor.QuickSearchModule:UnityEditor.Search:ASIAI0B)
Imported 'GUID: b83f06ac0c0696e9563230865ca72b81' -> (Import Result ID: '9742f7813af7c17f263dfb082e5fa2dc') in 0.002 seconds [static and dynamic dependencies]. Details - ImportResultOutputID=08a9e7329ad95648cb72d66f9ff76b13 DependenciesID=d56bf3bd8a186ef863956f4ae0e56462 StaticDependenciesID=de7788a12a2a854eb28fc5364983c525 
Number of updated asset objects reloaded before import = 0
Number of asset objects unloaded after import = 1
========================================================================
Received Import Request.
  Time of request: 2026-09-21T17:58:52.9833346Z
  Time since last request: 0.0001914 seconds.
  importAddress: GUID: 2cb589d4e01184d928bb698f06e77561 - Path: Packages/com.unity.multiplayer.center/Editor/MultiplayerCenterWindow/UI/Icons/N4E@2x.png - Importer: ScriptedImporter/UnityEditor.QuickSearchModule:UnityEditor.Search:ASIAI0B
Importing 'GUID: 2cb589d4e01184d928bb698f06e77561 - Path: Packages/com.unity.multiplayer.center/Editor/MultiplayerCenterWindow/UI/Icons/N4E@2x.png - Importer: ScriptedImporter/UnityEditor.QuickSearchModule:UnityEditor.Search:ASIAI0B' with importer (ScriptedImporter : UnityEditor.QuickSearchModule:UnityEditor.Search:ASIAI0B)
Imported 'GUID: 2cb589d4e01184d928bb698f06e77561' -> (Import Result ID: 'd705b711ddbc9daec49dcd5e4a45af52') in 0.004 seconds [static and dynamic dependencies]. Details - ImportResultOutputID=d8a5b81a3409ac22fd4296e2aef4329e DependenciesID=36ae3f1dbef953acbe6e57b1db87cb04 StaticDependenciesID=16d2941548a5983d7fcda72b2da57426 
Number of updated asset objects reloaded before import = 0
Number of asset objects unloaded after import = 1
========================================================================
Received Import Request.
  Time of request: 2026-09-21T17:58:52.9882438Z
  Time since last request: 0.0002948 seconds.
  importAddress: GUID: 9d9689eab72c8480c90679f4dcf18820 - Path: Packages/com.unity.multiplayer.center/Editor/MultiplayerCenterWindow/UI/Icons/Package.png - Importer: ScriptedImporter/UnityEditor.QuickSearchModule:UnityEditor.Search:ASIAI0B
Importing 'GUID: 9d9689eab72c8480c90679f4dcf18820 - Path: Packages/com.unity.multiplayer.center/Editor/MultiplayerCenterWindow/UI/Icons/Package.png - Importer: ScriptedImporter/UnityEditor.QuickSearchModule:UnityEditor.Search:ASIAI0B' with importer (ScriptedImporter : UnityEditor.QuickSearchModule:UnityEditor.Search:ASIAI0B)
Imported 'GUID: 9d9689eab72c8480c90679f4dcf18820' -> (Import Result ID: 'ced7bfa5d681f1897dc9bfcb871ae7a2') in 0.007 seconds [static and dynamic dependencies]. Details - ImportResultOutputID=eba9ce01d8414b4c6ff278cc7365fa07 DependenciesID=604b3d8ee91127d4ce18b409e36baf5e StaticDependenciesID=83eac9ac6e2263cb47fa84a59fbfb72c 
Number of updated asset objects reloaded before import = 0
Number of asset objects unloaded after import = 1
========================================================================
Received Import Request.
  Time of request: 2026-09-21T17:58:52.9958686Z
  Time since last request: 0.0002967 seconds.
  importAddress: GUID: 30b312a167534621b316172253b08723 - Path: Packages/com.unity.modules.subsystems/package.json - Importer: ScriptedImporter/UnityEditor.QuickSearchModule:UnityEditor.Search:ASIAI0B
Importing 'GUID: 30b312a167534621b316172253b08723 - Path: Packages/com.unity.modules.subsystems/package.json - Importer: ScriptedImporter/UnityEditor.QuickSearchModule:UnityEditor.Search:ASIAI0B' with importer (ScriptedImporter : UnityEditor.QuickSearchModule:UnityEditor.Search:ASIAI0B)
Imported 'GUID: 30b312a167534621b316172253b08723' -> (Import Result ID: 'c88bafbd6f38d1ab7e98b38ed082f6ab') in 0.002 seconds [static and dynamic dependencies]. Details - ImportResultOutputID=f14d7f19b56d6ea032d5b8bd4395c851 DependenciesID=07dcbcb0c04640ac193444ab055596c8 StaticDependenciesID=f4879c5cbbf6949013b00a7bd000174e 
Number of updated asset objects reloaded before import = 0
Number of asset objects unloaded after import = 1
========================================================================
Received Import Request.
  Time of request: 2026-09-21T17:58:52.9986951Z
  Time since last request: 0.0002341 seconds.
  importAddress: GUID: 63314900d81e4a15814496af1889cb51 - Path: Packages/com.unity.multiplayer.center/Editor/MultiplayerCenterWindow/UI/RecommendationView/SectionHeader.cs - Importer: ScriptedImporter/UnityEditor.QuickSearchModule:UnityEditor.Search:ASIAI0B
Importing 'GUID: 63314900d81e4a15814496af1889cb51 - Path: Packages/com.unity.multiplayer.center/Editor/MultiplayerCenterWindow/UI/RecommendationView/SectionHeader.cs - Importer: ScriptedImporter/UnityEditor.QuickSearchModule:UnityEditor.Search:ASIAI0B' with importer (ScriptedImporter : UnityEditor.QuickSearchModule:UnityEditor.Search:ASIAI0B)
Imported 'GUID: 63314900d81e4a15814496af1889cb51' -> (Import Result ID: '50937b77332559f42f5a863ad59e412f') in 0.003 seconds [static and dynamic dependencies]. Details - ImportResultOutputID=c56a11cc6bdbde88f5ce7cc9dc6bfbe3 DependenciesID=be4bcf970795b2c40b37595e8d575266 StaticDependenciesID=ef6b7361bbb22f087e021e3ecc7b8ab2 
Number of updated asset objects reloaded before import = 0
Number of asset objects unloaded after import = 0
========================================================================
Received Import Request.
  Time of request: 2026-09-21T17:58:53.0018338Z
  Time since last request: 0.0002183 seconds.
  importAddress: GUID: 9431e8221045c4af189b2fa7174b9e9f - Path: Packages/com.unity.multiplayer.center/Editor/MultiplayerCenterWindow/UI/Icons/PackageManager@2x.png - Importer: ScriptedImporter/UnityEditor.QuickSearchModule:UnityEditor.Search:ASIAI0B
Importing 'GUID: 9431e8221045c4af189b2fa7174b9e9f - Path: Packages/com.unity.multiplayer.center/Editor/MultiplayerCenterWindow/UI/Icons/PackageManager@2x.png - Importer: ScriptedImporter/UnityEditor.QuickSearchModule:UnityEditor.Search:ASIAI0B' with importer (ScriptedImporter : UnityEditor.QuickSearchModule:UnityEditor.Search:ASIAI0B)
Imported 'GUID: 9431e8221045c4af189b2fa7174b9e9f' -> (Import Result ID: '722efc992210385394fff8d690a38ee4') in 0.006 seconds [static and dynamic dependencies]. Details - ImportResultOutputID=46fb2beaf6cc308d81be69aeaaa52dc5 DependenciesID=40f2840b758509d9bfa89af2d8956d0e StaticDependenciesID=295655b7b60722570007e2a6415e8e98 
Number of updated asset objects reloaded before import = 0
Number of asset objects unloaded after import = 1
========================================================================
Received Import Request.
  Time of request: 2026-09-21T17:58:53.0119514Z
  Time since last request: 0.0042786 seconds.
  importAddress: GUID: 3cc1ebf2abb7fef6871ad48f499b6e21 - Path: Packages/com.unity.modules.vectorgraphics/package.ModuleCompilationTrigger - Importer: ScriptedImporter/UnityEditor.QuickSearchModule:UnityEditor.Search:ASIAI0B
Importing 'GUID: 3cc1ebf2abb7fef6871ad48f499b6e21 - Path: Packages/com.unity.modules.vectorgraphics/package.ModuleCompilationTrigger - Importer: ScriptedImporter/UnityEditor.QuickSearchModule:UnityEditor.Search:ASIAI0B' with importer (ScriptedImporter : UnityEditor.QuickSearchModule:UnityEditor.Search:ASIAI0B)
Imported 'GUID: 3cc1ebf2abb7fef6871ad48f499b6e21' -> (Import Result ID: 'a2a2ec0ada4cff3a16a4340d309a3515') in 0.002 seconds [static and dynamic dependencies]. Details - ImportResultOutputID=a1cae185d737bd17ee55796a50e6a1ea DependenciesID=9c5ce4584487faf5ea67a373f125d3a2 StaticDependenciesID=741519ee7592cafaacacd13a7b7f3def 
Number of updated asset objects reloaded before import = 0
Number of asset objects unloaded after import = 1
========================================================================
Received Import Request.
  Time of request: 2026-09-21T17:58:53.0147226Z
  Time since last request: 0.0003137 seconds.
  importAddress: GUID: d2ec2d1228c8e67cdd913cb5609176a2 - Path: Packages/com.unity.modules.unitywebrequest/package.ModuleCompilationTrigger - Importer: ScriptedImporter/UnityEditor.QuickSearchModule:UnityEditor.Search:ASIAI0B
Importing 'GUID: d2ec2d1228c8e67cdd913cb5609176a2 - Path: Packages/com.unity.modules.unitywebrequest/package.ModuleCompilationTrigger - Importer: ScriptedImporter/UnityEditor.QuickSearchModule:UnityEditor.Search:ASIAI0B' with importer (ScriptedImporter : UnityEditor.QuickSearchModule:UnityEditor.Search:ASIAI0B)
Imported 'GUID: d2ec2d1228c8e67cdd913cb5609176a2' -> (Import Result ID: 'ccb710b50665490ffc2c04c0ab88c3b8') in 0.002 seconds [static and dynamic dependencies]. Details - ImportResultOutputID=874838a57f54fc97368cd05573df1b27 DependenciesID=6aacc8ecde87d60c30f0c3f76bb462b7 StaticDependenciesID=92572239c7faf4658758eb8822444c9e 
Number of updated asset objects reloaded before import = 0
Number of asset objects unloaded after import = 1
========================================================================
Received Import Request.
  Time of request: 2026-09-21T17:58:53.0175922Z
  Time since last request: 0.0002434 seconds.
  importAddress: GUID: 3fdd83b151eb8d25c5e2f82fc39dcb04 - Path: Packages/com.unity.modules.unitywebrequest/package.json - Importer: ScriptedImporter/UnityEditor.QuickSearchModule:UnityEditor.Search:ASIAI0B
Importing 'GUID: 3fdd83b151eb8d25c5e2f82fc39dcb04 - Path: Packages/com.unity.modules.unitywebrequest/package.json - Importer: ScriptedImporter/UnityEditor.QuickSearchModule:UnityEditor.Search:ASIAI0B' with importer (ScriptedImporter : UnityEditor.QuickSearchModule:UnityEditor.Search:ASIAI0B)
Imported 'GUID: 3fdd83b151eb8d25c5e2f82fc39dcb04' -> (Import Result ID: '3f5312227c3b150879751fcf7441894f') in 0.002 seconds [static and dynamic dependencies]. Details - ImportResultOutputID=49eb1d0ac2c6abf0282a2d9bb9b24bb5 DependenciesID=c3c03c7cce13949c9888fadca942b964 StaticDependenciesID=2faf0d4aeb0fa8e22dbed1af75baa923 
Number of updated asset objects reloaded before import = 0
Number of asset objects unloaded after import = 1
========================================================================
Received Import Request.
  Time of request: 2026-09-21T17:58:53.0203835Z
  Time since last request: 0.0002155 seconds.
  importAddress: GUID: 78e5667e52329c3ceef41288763404ae - Path: Packages/com.unity.modules.vectorgraphics/package.json - Importer: ScriptedImporter/UnityEditor.QuickSearchModule:UnityEditor.Search:ASIAI0B
Importing 'GUID: 78e5667e52329c3ceef41288763404ae - Path: Packages/com.unity.modules.vectorgraphics/package.json - Importer: ScriptedImporter/UnityEditor.QuickSearchModule:UnityEditor.Search:ASIAI0B' with importer (ScriptedImporter : UnityEditor.QuickSearchModule:UnityEditor.Search:ASIAI0B)
Imported 'GUID: 78e5667e52329c3ceef41288763404ae' -> (Import Result ID: '7059e9768b2225f8af8795d02d5ea83d') in 0.002 seconds [static and dynamic dependencies]. Details - ImportResultOutputID=081061a7f6debdf7a218862bbc2f0403 DependenciesID=de7d0744603b86df69a00b877b4a6eed StaticDependenciesID=bed679317ca9ff21b447b673ca9b1676 
Number of updated asset objects reloaded before import = 0
Number of asset objects unloaded after import = 1
Editor requested this worker to shutdown with reason: Scaling down because of idle timeout
AcceleratorClientConnectionCallback - disconnected - :0
AssetImportWorker is now disconnected from the server
Process exiting
Exiting without the bug reporter. Application will terminate with return code 0