[Licensing::Module] Trying to connect to existing licensing client channel...
Built from '6000.5/staging' branch; Version is '6000.5.7f1 (017862109af0) revision 96354'; Using compiler version '194234433'; Build Type 'Release'
[Licensing::IpcConnector] Successfully connected to: "LicenseClient-matti" at "2026-09-21T17:58:26.5333329Z"
OS: 'Windows 11  (10.0.26200) Professional' Language: 'it' Physical Memory: 32469 MB
BatchMode: 0, IsHumanControllingUs: 1, StartBugReporterOnCrash: 1, Is64bit: 1
System  architecture: x64
Process architecture: x64
Date: 2026-09-21T17:58:26Z
[Licensing::Client] Code 10 while verifying Licensing Client signature (process Id: 4288, path: "C:/Program Files/Unity Hub/UnityLicensingClient_V1/Unity.Licensing.Client.exe")
[Licensing::Module] LicensingClient has failed validation; ignoring
[Licensing::Client] Handshaking with LicensingClient:
  Version:                 1.18.3+d7ffd15
  Session Id:              8c9cacc56042498fbebb72aea92a5fe5
  Correlation Id:          778367ca4d91faeb145c3873a3c88578
  External correlation Id: 8143821549829417223
  Machine Id:              TnnpDm3BnvBUpvUBBtxRxo9BJuQ=
[Licensing::Module] Successfully connected to LicensingClient on channel: "LicenseClient-matti" (connect: 0.00s, validation: 0.00s, handshake: 0.07s)
[Licensing::IpcConnector] Successfully connected to: "LicenseClient-matti-notifications" at "2026-09-21T17:58:26.6037611Z"
[Licensing::Client] Successfully updated the access token
[Licensing::Module] Successfully updated the access token d-arHaSVHY...
[Licensing::Client] Successfully resolved entitlement details
[Licensing::Module] License group:
  Id: 20067440799309-UnityPersXXXX
  Product: Unity Personal
  Type: Assigned
  Expiration: Unlimited
[Licensing::Client] Successfully updated license, isAsync: True, time: 0.00
[Licensing::Client] Successfully resolved entitlement details
[Licensing::Module] Licensing Background thread has ended after 0.08s

COMMAND LINE ARGUMENTS:
C:\Program Files\Unity\Hub\Editor\6000.5.7f1\Editor\Unity.exe
-projectpath
C:\Users\matti\Documents\GitHub\Red-Line
-acceptSoftwareTermsForThisRunOnly
-useHub
-hubIPC
-cloudEnvironment
production
-licensingIpc
LicenseClient-matti
-hubSessionId
cd23ed4a-24ee-4e6e-aebf-ed7ae86474cc
-accessToken
d-arHaSVHYdc3eEA2bidKcqopZcQTJaQeB_A5fovfVE012f
Successfully changed project path to: C:\Users\matti\Documents\GitHub\Red-Line
C:/Users/matti/Documents/GitHub/Red-Line
[UnityMemory] Configuration Parameters - Can be set up in boot.config
    "memorysetup-temp-allocator-size-gi-baking-worker=262144"
    "memorysetup-temp-allocator-size-gi-baking-worker=262144"
    "memorysetup-temp-allocator-size-gi-baking-worker=262144"
    "memorysetup-temp-allocator-size-gi-baking-worker=262144"
    "memorysetup-temp-allocator-size-gi-baking-worker=262144"
    "memorysetup-temp-allocator-size-nav-mesh-worker=65536"
    "memorysetup-temp-allocator-size-audio-worker=65536"
    "memorysetup-temp-allocator-size-cloud-worker=32768"
    "memorysetup-temp-allocator-size-gfx=262144"
    "memorysetup-temp-allocator-size-preload-manager=33554432"
    "memorysetup-allocator-temp-initial-block-size-main=262144"
    "memorysetup-allocator-temp-initial-block-size-worker=262144"
    "memorysetup-temp-allocator-size-job-worker=262144"
    "memorysetup-temp-allocator-size-background-worker=32768"
    "memorysetup-bucket-allocator-granularity=16"
    "memorysetup-bucket-allocator-bucket-count=8"
    "memorysetup-bucket-allocator-block-size=33554432"
    "memorysetup-bucket-allocator-block-count=8"
    "memorysetup-main-allocator-block-size=16777216"
    "memorysetup-thread-allocator-block-size=16777216"
    "memorysetup-main-allocator-mimalloc-enabled=0"
    "memorysetup-gfx-main-allocator-block-size=16777216"
    "memorysetup-gfx-thread-allocator-block-size=16777216"
    "memorysetup-cache-allocator-block-size=4194304"
    "memorysetup-typetree-allocator-block-size=2097152"
    "memorysetup-profiler-bucket-allocator-granularity=16"
    "memorysetup-profiler-bucket-allocator-bucket-count=8"
    "memorysetup-profiler-bucket-allocator-block-size=33554432"
    "memorysetup-profiler-bucket-allocator-block-count=8"
    "memorysetup-profiler-allocator-block-size=16777216"
    "memorysetup-profiler-editor-allocator-block-size=1048576"
    "memorysetup-temp-allocator-size-main=16777216"
    "memorysetup-job-temp-allocator-block-size=2097152"
    "memorysetup-job-temp-allocator-block-size-background=1048576"
    "memorysetup-job-temp-allocator-reduction-small-platforms=262144"
Player connection [25840]  Target information:

Player connection [25840]  * "[IP] 192.168.1.53 [Port] 55504 [Flags] 2 [Guid] 4005894882 [EditorId] 4005894882 [Version] 1048832 [Id] WindowsEditor(7,Trimon3000) [Debug] 1 [PackageName] WindowsEditor [ProjectName] Editor" 

Player connection [25840] Host joined multi-casting on [225.0.0.222:54997]...
Player connection [25840] Host joined alternative multi-casting on [225.0.0.222:34997]...
Input System module state changed to: Initialized.
[Physics::Module] Initialized fallback backend.
[Physics::Module] Id: 0xdecafbad
[Package Manager] Connected to IPC stream "Upm-22712" after 0.1 seconds.
[Licensing::Client] Successfully resolved entitlement details
Library Redirect Path: Library/
Rebuilding Library because the asset database could not be found!
[Physics::Module] Selected backend.
[Physics::Module] Name: PhysX
[Physics::Module] Id: 0xf2b8ea05
[Physics::Module] SDK Version: 4.1.2
[Physics::Module] Integration Version: 1.0.0
[Physics::Module] Threading Mode: Multi-Threaded
Initialize engine version: 6000.5.7f1 (017862109af0)
[Subsystems] Discovering subsystems at path C:/Program Files/Unity/Hub/Editor/6000.5.7f1/Editor/Data/Resources/UnitySubsystems
[Subsystems] Discovering subsystems at path C:/Users/matti/Documents/GitHub/Red-Line/Assets
GfxDevice: creating device client; kGfxThreadingModeThreaded
Direct3D:
    Version:  Direct3D 11.0 [level 11.1]
    Renderer: AMD Radeon RX 7600 (ID=0x7480)
    Vendor:   ATI
    VRAM:     8133 MB
    Driver:   32.0.31041.1004
Initialize mono
Mono path[0] = 'C:/Program Files/Unity/Hub/Editor/6000.5.7f1/Editor/Data/Managed'
Mono path[1] = 'C:/Program Files/Unity/Hub/Editor/6000.5.7f1/Editor/Data/BCLExtensions/runtime/netstandard2.1'
Mono path[2] = 'C:/Program Files/Unity/Hub/Editor/6000.5.7f1/Editor/Data/MonoBleedingEdge/lib/mono/unityjit-win32'
Mono config path = 'C:/Program Files/Unity/Hub/Editor/6000.5.7f1/Editor/Data/MonoBleedingEdge/etc'
Using monoOptions --debugger-agent=transport=dt_socket,embedding=1,server=y,suspend=n,address=127.0.0.1:56712
CodeReloadManager initialized
ImportWorker Server TCP listen port: 0
AcceleratorClientConnectionCallback - disconnected - :0
Begin MonoManager ReloadAssembly
Registering precompiled unity dll's ...
Register platform support module: C:/Program Files/Unity/Hub/Editor/6000.5.7f1/Editor/Data/PlaybackEngines/WebGLSupport/UnityEditor.WebGL.Extensions.dll
Register platform support module: C:/Program Files/Unity/Hub/Editor/6000.5.7f1/Editor/Data/PlaybackEngines/WindowsStandaloneSupport/UnityEditor.WindowsStandalone.Extensions.dll
[Licensing::Client] Successfully resolved entitlement details
Register platform support module: C:/Program Files/Unity/Hub/Editor/6000.5.7f1/Editor/Data/PlaybackEngines/MetroSupport/UnityEditor.UWP.Extensions.dll
Registered in 0.172076 seconds.
Native extension for UWP target not found
Native extension for WindowsStandalone target not found
Native extension for WebGL target not found
Package Manager log level set to [2]
ScheduleIndexationOnStartup MainProcess:False IndexOnStartup:False
Mono: successfully reloaded assembly
- Finished resetting the current domain, in  0.322 seconds
Domain Reload Profiling: 2001ms
	BeginReloadAssembly (192ms)
	RebuildCommonClasses (4ms)
	RebuildNativeTypeToScriptingClass (130ms)
	initialDomainReloadingComplete (346ms)
	LoadAllAssembliesAndSetupDomain (1005ms)
		LoadAssemblies (198ms)
		AnalyzeDomain (938ms)
			TypeCache.Refresh (937ms)
				TypeCache.ScanAssembly (779ms)
	FinalizeReload (324ms)
		SetupLoadedEditorAssemblies (0ms)
			InitializePlatformSupportModulesInManaged (40ms)
			BeforeProcessingInitializeOnLoad (66ms)
			ProcessInitializeOnLoadAttributes (72ms)
			ProcessInitializeOnLoadMethodAttributes (92ms)
[Licensing::Client] Successfully resolved entitlement details
Application.AssetDatabase Initial Refresh Start
[Package Manager] The file [C:\Users\matti\Documents\GitHub\Red-Line\Packages\manifest.json] cannot be found
[Package Manager] The file [C:\Users\matti\Documents\GitHub\Red-Line\Packages\manifest.json] cannot be found
[Package Manager] The file [C:\Users\matti\Documents\GitHub\Red-Line\Packages\manifest.json] cannot be found
[Package Manager] Done resolving packages in 1.13 seconds
[Licensing::Client] Successfully resolved entitlement details
[Package Manager] Lock file was modified
[Package Manager] Registered 37 packages:
  Built-in packages:
    com.unity.multiplayer.center@1.0.1 (location: C:\Users\matti\Documents\GitHub\Red-Line\Library\PackageCache\com.unity.multiplayer.center@b860850997d0)
    com.unity.modules.accessibility@1.0.0 (location: C:\Users\matti\Documents\GitHub\Red-Line\Library\PackageCache\com.unity.modules.accessibility)
    com.unity.modules.adaptiveperformance@1.0.0 (location: C:\Users\matti\Documents\GitHub\Red-Line\Library\PackageCache\com.unity.modules.adaptiveperformance)
    com.unity.modules.ai@1.0.0 (location: C:\Users\matti\Documents\GitHub\Red-Line\Library\PackageCache\com.unity.modules.ai)
    com.unity.modules.androidjni@1.0.0 (location: C:\Users\matti\Documents\GitHub\Red-Line\Library\PackageCache\com.unity.modules.androidjni)
    com.unity.modules.animation@1.0.0 (location: C:\Users\matti\Documents\GitHub\Red-Line\Library\PackageCache\com.unity.modules.animation)
    com.unity.modules.assetbundle@1.0.0 (location: C:\Users\matti\Documents\GitHub\Red-Line\Library\PackageCache\com.unity.modules.assetbundle)
    com.unity.modules.audio@1.0.0 (location: C:\Users\matti\Documents\GitHub\Red-Line\Library\PackageCache\com.unity.modules.audio)
    com.unity.modules.cloth@1.0.0 (location: C:\Users\matti\Documents\GitHub\Red-Line\Library\PackageCache\com.unity.modules.cloth)
    com.unity.modules.director@1.0.0 (location: C:\Users\matti\Documents\GitHub\Red-Line\Library\PackageCache\com.unity.modules.director)
    com.unity.modules.imageconversion@1.0.0 (location: C:\Users\matti\Documents\GitHub\Red-Line\Library\PackageCache\com.unity.modules.imageconversion)
    com.unity.modules.imgui@1.0.0 (location: C:\Users\matti\Documents\GitHub\Red-Line\Library\PackageCache\com.unity.modules.imgui)
    com.unity.modules.jsonserialize@1.0.0 (location: C:\Users\matti\Documents\GitHub\Red-Line\Library\PackageCache\com.unity.modules.jsonserialize)
    com.unity.modules.particlesystem@1.0.0 (location: C:\Users\matti\Documents\GitHub\Red-Line\Library\PackageCache\com.unity.modules.particlesystem)
    com.unity.modules.physics@1.0.0 (location: C:\Users\matti\Documents\GitHub\Red-Line\Library\PackageCache\com.unity.modules.physics)
    com.unity.modules.physics2d@1.0.0 (location: C:\Users\matti\Documents\GitHub\Red-Line\Library\PackageCache\com.unity.modules.physics2d)
    com.unity.modules.physicscore2d@1.0.0 (location: C:\Users\matti\Documents\GitHub\Red-Line\Library\PackageCache\com.unity.modules.physicscore2d)
    com.unity.modules.screencapture@1.0.0 (location: C:\Users\matti\Documents\GitHub\Red-Line\Library\PackageCache\com.unity.modules.screencapture)
    com.unity.modules.terrain@1.0.0 (location: C:\Users\matti\Documents\GitHub\Red-Line\Library\PackageCache\com.unity.modules.terrain)
    com.unity.modules.terrainphysics@1.0.0 (location: C:\Users\matti\Documents\GitHub\Red-Line\Library\PackageCache\com.unity.modules.terrainphysics)
    com.unity.modules.tilemap@1.0.0 (location: C:\Users\matti\Documents\GitHub\Red-Line\Library\PackageCache\com.unity.modules.tilemap)
    com.unity.modules.ui@1.0.0 (location: C:\Users\matti\Documents\GitHub\Red-Line\Library\PackageCache\com.unity.modules.ui)
    com.unity.modules.uielements@1.0.0 (location: C:\Users\matti\Documents\GitHub\Red-Line\Library\PackageCache\com.unity.modules.uielements)
    com.unity.modules.umbra@1.0.0 (location: C:\Users\matti\Documents\GitHub\Red-Line\Library\PackageCache\com.unity.modules.umbra)
    com.unity.modules.unityanalytics@1.0.0 (location: C:\Users\matti\Documents\GitHub\Red-Line\Library\PackageCache\com.unity.modules.unityanalytics)
    com.unity.modules.unitywebrequest@1.0.0 (location: C:\Users\matti\Documents\GitHub\Red-Line\Library\PackageCache\com.unity.modules.unitywebrequest)
    com.unity.modules.unitywebrequestassetbundle@1.0.0 (location: C:\Users\matti\Documents\GitHub\Red-Line\Library\PackageCache\com.unity.modules.unitywebrequestassetbundle)
    com.unity.modules.unitywebrequestaudio@1.0.0 (location: C:\Users\matti\Documents\GitHub\Red-Line\Library\PackageCache\com.unity.modules.unitywebrequestaudio)
    com.unity.modules.unitywebrequesttexture@1.0.0 (location: C:\Users\matti\Documents\GitHub\Red-Line\Library\PackageCache\com.unity.modules.unitywebrequesttexture)
    com.unity.modules.unitywebrequestwww@1.0.0 (location: C:\Users\matti\Documents\GitHub\Red-Line\Library\PackageCache\com.unity.modules.unitywebrequestwww)
    com.unity.modules.vectorgraphics@1.0.0 (location: C:\Users\matti\Documents\GitHub\Red-Line\Library\PackageCache\com.unity.modules.vectorgraphics)
    com.unity.modules.vehicles@1.0.0 (location: C:\Users\matti\Documents\GitHub\Red-Line\Library\PackageCache\com.unity.modules.vehicles)
    com.unity.modules.video@1.0.0 (location: C:\Users\matti\Documents\GitHub\Red-Line\Library\PackageCache\com.unity.modules.video)
    com.unity.modules.wind@1.0.0 (location: C:\Users\matti\Documents\GitHub\Red-Line\Library\PackageCache\com.unity.modules.wind)
    com.unity.modules.xr@1.0.0 (location: C:\Users\matti\Documents\GitHub\Red-Line\Library\PackageCache\com.unity.modules.xr)
    com.unity.modules.subsystems@1.0.0 (location: C:\Users\matti\Documents\GitHub\Red-Line\Library\PackageCache\com.unity.modules.subsystems)
    com.unity.modules.hierarchycore@1.0.0 (location: C:\Users\matti\Documents\GitHub\Red-Line\Library\PackageCache\com.unity.modules.hierarchycore)
[Subsystems] No new subsystems found in resolved package list.
[Package Manager] Done registering packages in 0.00 seconds
AcceleratorClientConnectionCallback - disconnected - :0
[ScriptCompilation] Requested script compilation because: Assembly Definition File(s) changed
[ScriptCompilation] Requested script compilation because: AssetDatabase observed changes in script compilation related files
info: Microsoft.Hosting.Lifetime[14]
      Now listening on: http://localhost:80
info: Microsoft.Hosting.Lifetime[0]
      Application started. Press Ctrl+C to shut down.
info: Microsoft.Hosting.Lifetime[0]
      Hosting environment: Production
info: Microsoft.Hosting.Lifetime[0]
      Content root path: C:\Users\matti\Documents\GitHub\Red-Line
info: Microsoft.AspNetCore.Hosting.Diagnostics[1]
      Request starting HTTP/2 POST http://ilpp/UnityILPP.PostProcessing/Ping - application/grpc -
info: Microsoft.AspNetCore.Routing.EndpointMiddleware[0]
      Executing endpoint 'gRPC - /UnityILPP.PostProcessing/Ping'
info: Microsoft.AspNetCore.Routing.EndpointMiddleware[1]
      Executed endpoint 'gRPC - /UnityILPP.PostProcessing/Ping'
info: Microsoft.AspNetCore.Hosting.Diagnostics[2]
      Request finished HTTP/2 POST http://ilpp/UnityILPP.PostProcessing/Ping - 200 - application/grpc 21.6201ms
Starting: C:\Program Files\Unity\Hub\Editor\6000.5.7f1\Editor\Data\Tools\BuildPipeline\bee_backend.exe --ipc --defer-dag-verification --dagfile="Library/Bee/1900b0aE.dag" --continue-on-failure --profile="Library/Bee/backend1.traceevents" ScriptAssemblies
WorkingDir: C:/Users/matti/Documents/GitHub/Red-Line
ExitCode: 4 Duration: 0s33ms
[             ] Require frontend run.  Library/Bee/1900b0aE.dag couldn't be loaded
Starting: C:\Program Files\Unity\Hub\Editor\6000.5.7f1\Editor\Data\netcorerun\netcorerun.exe "C:\Program Files\Unity\Hub\Editor\6000.5.7f1\Editor\Data\Tools\BuildPipeline\ScriptCompilationBuildProgram.exe" "Library/Bee/1900b0aE.dag.json" "Library/Bee/1900b0aE-inputdata.json" "Library\Bee\buildprogram0.traceevents"
WorkingDir: C:/Users/matti/Documents/GitHub/Red-Line
ExitCode: 0 Duration: 0s950ms
Starting: C:\Program Files\Unity\Hub\Editor\6000.5.7f1\Editor\Data\Tools\BuildPipeline\bee_backend.exe --ipc --defer-dag-verification --dagfile="Library/Bee/1900b0aE.dag" --continue-on-failure --dagfilejson="Library\Bee\1900b0aE.dag.json" --profile="Library/Bee/backend2.traceevents" ScriptAssemblies
WorkingDir: C:/Users/matti/Documents/GitHub/Red-Line
ExitCode: 0 Duration: 4s85ms
Finished compiling graph: 173 nodes, 662 flattened edges (650 ToBuild, 4 ToUse), maximum node priority 24
[  1/170    0s] WriteText Library/Bee/artifacts/1900b0aE.dag/Unity.Multiplayer.Center.Common.UnityAdditionalFile.txt
[  2/170    0s] WriteText Library/Bee/artifacts/1900b0aE.dag/Unity.Multiplayer.Center.Common.rsp2
[  3/170    0s] MovedFromExtractor Library/Bee/artifacts/mvdfrm/UnityEditor.AssetComplianceModule.dll_E6BFF54E188DB44E.mvfrm
[  4/170    0s] MovedFromExtractor Library/Bee/artifacts/mvdfrm/UnityEditor.ContentLoadModule.dll_E5796CD811A9DAE2.mvfrm
[  5/170    0s] MovedFromExtractor Library/Bee/artifacts/mvdfrm/UnityEditor.ClothModule.dll_58A6D590114216FD.mvfrm
[  6/170    0s] MovedFromExtractor Library/Bee/artifacts/mvdfrm/UnityEditor.WindowsStandalone.Extensions.dll_51E76FAEAFB11C00.mvfrm
[  7/170    0s] MovedFromExtractor Library/Bee/artifacts/mvdfrm/UnityEditor.BuildProfileModule.dll_099181191224893C.mvfrm
[  8/170    0s] MovedFromExtractor Library/Bee/artifacts/mvdfrm/Unity.Scripting.dll_6312751106B582E1.mvfrm
[  9/170    0s] MovedFromExtractor Library/Bee/artifacts/mvdfrm/UnityEditor.UWP.Extensions.dll_133CC60230477FAB.mvfrm
[ 10/170    0s] MovedFromExtractor Library/Bee/artifacts/mvdfrm/UnityEditor.AccessibilityModule.dll_C0FFE13D2B701281.mvfrm
[ 11/170    0s] MovedFromExtractor Library/Bee/artifacts/mvdfrm/UnityEditor.AIModule.dll_2999F16C156ED629.mvfrm
[ 12/170    0s] MovedFromExtractor Library/Bee/artifacts/mvdfrm/UnityEditor.AdaptivePerformanceModule.dll_64BD74A290D09BAD.mvfrm
[ 13/170    0s] MovedFromExtractor Library/Bee/artifacts/mvdfrm/UnityEditor.WebGL.Extensions.dll_4D57E384C9B75910.mvfrm
[ 14/170    0s] MovedFromExtractor Library/Bee/artifacts/mvdfrm/UnityEngine.VectorGraphicsModule.dll_5D86FE7A742D1D1A.mvfrm
[ 15/170    0s] MovedFromExtractor Library/Bee/artifacts/mvdfrm/UnityEngine.UnityWebRequestModule.dll_3122AD2B9AA63018.mvfrm
[ 16/170    0s] MovedFromExtractor Library/Bee/artifacts/mvdfrm/UnityEngine.VehiclesModule.dll_B8A125F6FD3A5343.mvfrm
[ 17/170    0s] MovedFromExtractor Library/Bee/artifacts/mvdfrm/UnityEngine.UnityWebRequestWWWModule.dll_E68E8795B4116173.mvfrm
[ 18/170    0s] MovedFromExtractor Library/Bee/artifacts/mvdfrm/UnityEngine.VFXModule.dll_ABC6154FD31E85D0.mvfrm
[ 19/170    0s] MovedFromExtractor Library/Bee/artifacts/mvdfrm/UnityEngine.VirtualTexturingModule.dll_FC0F60CE6D32C5A9.mvfrm
[ 20/170    0s] MovedFromExtractor Library/Bee/artifacts/mvdfrm/UnityEngine.TerrainPhysicsModule.dll_C6BA7118FB69A15E.mvfrm
[ 21/170    0s] MovedFromExtractor Library/Bee/artifacts/mvdfrm/UnityEngine.XRModule.dll_E90D0AB30827E276.mvfrm
[ 22/170    0s] MovedFromExtractor Library/Bee/artifacts/mvdfrm/UnityEngine.dll_A9B10FE8A27D34DA.mvfrm
[ 23/170    0s] MovedFromExtractor Library/Bee/artifacts/mvdfrm/UnityEngine.WindModule.dll_098D7C84D7A7D934.mvfrm
[ 24/170    0s] MovedFromExtractor Library/Bee/artifacts/mvdfrm/UnityEngine.UnityWebRequestTextureModule.dll_8C0BBD74BAAAB337.mvfrm
[ 25/170    0s] MovedFromExtractor Library/Bee/artifacts/mvdfrm/UnityEngine.UnityWebRequestAudioModule.dll_2EC622585E1B4522.mvfrm
[ 26/170    0s] MovedFromExtractor Library/Bee/artifacts/mvdfrm/UnityEngine.VideoModule.dll_DCF4B9642B348463.mvfrm
[ 27/170    0s] MovedFromExtractor Library/Bee/artifacts/mvdfrm/UnityEngine.UnityConsentModule.dll_C3D0A9CA3E9B0551.mvfrm
[ 28/170    0s] MovedFromExtractor Library/Bee/artifacts/mvdfrm/UnityEngine.UnityCurlModule.dll_CF480FAED0628CB9.mvfrm
[ 29/170    0s] MovedFromExtractor Library/Bee/artifacts/mvdfrm/UnityEngine.UnityWebRequestAssetBundleModule.dll_FA63CAE127646D5E.mvfrm
[ 30/170    0s] MovedFromExtractor Library/Bee/artifacts/mvdfrm/UnityEngine.UnityAnalyticsCommonModule.dll_52088BBDF19918E8.mvfrm
[ 31/170    0s] MovedFromExtractor Library/Bee/artifacts/mvdfrm/UnityEngine.UnityConnectModule.dll_F22B129E31906F01.mvfrm
[ 32/170    0s] MovedFromExtractor Library/Bee/artifacts/mvdfrm/UnityEngine.UnityAnalyticsModule.dll_E5DF390F8E4DF8CD.mvfrm
[ 33/170    0s] MovedFromExtractor Library/Bee/artifacts/mvdfrm/UnityEngine.UmbraModule.dll_32BFE111F5C91431.mvfrm
[ 34/170    0s] MovedFromExtractor Library/Bee/artifacts/mvdfrm/UnityEngine.U2DRuntimeModule.dll_8EFD74B6ED4FAE3D.mvfrm
[ 35/170    0s] MovedFromExtractor Library/Bee/artifacts/mvdfrm/UnityEngine.UIModule.dll_637C2128DD330FA0.mvfrm
[ 36/170    0s] MovedFromExtractor Library/Bee/artifacts/mvdfrm/UnityEngine.TextRenderingModule.dll_F07F7C306F47A287.mvfrm
[ 37/170    0s] MovedFromExtractor Library/Bee/artifacts/mvdfrm/UnityEngine.TilemapModule.dll_7ADCC446522AE146.mvfrm
[ 38/170    0s] MovedFromExtractor Library/Bee/artifacts/mvdfrm/UnityEngine.UIElementsModule.dll_C25F855820207427.mvfrm
[ 39/170    0s] MovedFromExtractor Library/Bee/artifacts/mvdfrm/UnityEngine.SubsystemsModule.dll_BE2123F01CF43830.mvfrm
[ 40/170    0s] MovedFromExtractor Library/Bee/artifacts/mvdfrm/UnityEngine.TextCoreTextEngineModule.dll_1BCC4239C451A507.mvfrm
[ 41/170    0s] MovedFromExtractor Library/Bee/artifacts/mvdfrm/UnityEngine.TerrainModule.dll_DBE05CC53A6E003D.mvfrm
[ 42/170    0s] MovedFromExtractor Library/Bee/artifacts/mvdfrm/UnityEditor.Graphs.dll_E035D55896AED9D2.mvfrm
[ 43/170    0s] MovedFromExtractor Library/Bee/artifacts/mvdfrm/UnityEngine.TLSModule.dll_2AE77CE0FCB11C63.mvfrm
[ 44/170    0s] MovedFromExtractor Library/Bee/artifacts/mvdfrm/UnityEngine.SpriteShapeModule.dll_6B8A10810B037B84.mvfrm
[ 45/170    0s] MovedFromExtractor Library/Bee/artifacts/mvdfrm/UnityEngine.SubstanceModule.dll_2D6B7016FB295018.mvfrm
[ 46/170    0s] MovedFromExtractor Library/Bee/artifacts/mvdfrm/UnityEngine.TextCoreFontEngineModule.dll_D3E40BC834CDEBE9.mvfrm
[ 47/170    0s] MovedFromExtractor Library/Bee/artifacts/mvdfrm/UnityEngine.StreamingModule.dll_50C05BCDAFD6520A.mvfrm
[ 48/170    0s] MovedFromExtractor Library/Bee/artifacts/mvdfrm/UnityEngine.SpriteMaskModule.dll_5373BD8E4EAC501D.mvfrm
[ 49/170    0s] MovedFromExtractor Library/Bee/artifacts/mvdfrm/UnityEngine.SharedInternalsModule.dll_A394E45706DF90E9.mvfrm
[ 50/170    0s] MovedFromExtractor Library/Bee/artifacts/mvdfrm/UnityEngine.ShaderVariantAnalyticsModule.dll_4CC5DB256676EEB2.mvfrm
[ 51/170    0s] MovedFromExtractor Library/Bee/artifacts/mvdfrm/UnityEngine.RuntimeInitializeOnLoadManagerInitializerModule.dll_32FB239C5BF3452A.mvfrm
[ 52/170    0s] MovedFromExtractor Library/Bee/artifacts/mvdfrm/UnityEngine.ScreenCaptureModule.dll_C7400A25B8102292.mvfrm
[ 53/170    0s] MovedFromExtractor Library/Bee/artifacts/mvdfrm/UnityEngine.PropertiesModule.dll_97828A3CA0281EDF.mvfrm
[ 54/170    0s] MovedFromExtractor Library/Bee/artifacts/mvdfrm/UnityEngine.RenderAs2DModule.dll_D8BA4CC27F826916.mvfrm
[ 55/170    0s] MovedFromExtractor Library/Bee/artifacts/mvdfrm/UnityEngine.PhysicsBackendPhysXModule.dll_FF60F0E5AED23171.mvfrm
[ 56/170    0s] MovedFromExtractor Library/Bee/artifacts/mvdfrm/UnityEngine.ScriptingModule.dll_B34CC743DFD6497F.mvfrm
[ 57/170    0s] MovedFromExtractor Library/Bee/artifacts/mvdfrm/UnityEngine.PhysicsModule.dll_C199E15664AFB74F.mvfrm
[ 58/170    0s] MovedFromExtractor Library/Bee/artifacts/mvdfrm/UnityEngine.PhysicsCore2DModule.dll_3B04AB10030D8A90.mvfrm
[ 59/170    0s] MovedFromExtractor Library/Bee/artifacts/mvdfrm/UnityEngine.PerformanceReportingModule.dll_B6C9CE79D7B07A8A.mvfrm
[ 60/170    0s] MovedFromExtractor Library/Bee/artifacts/mvdfrm/UnityEngine.Physics2DModule.dll_E8D15E6E014B9261.mvfrm
[ 61/170    0s] MovedFromExtractor Library/Bee/artifacts/mvdfrm/UnityEngine.ParticleSystemModule.dll_C63FC845E226A6D1.mvfrm
[ 62/170    0s] MovedFromExtractor Library/Bee/artifacts/mvdfrm/UnityEngine.MultiplayerModule.dll_D1D0FFB30E28D0F2.mvfrm
[ 63/170    0s] MovedFromExtractor Library/Bee/artifacts/mvdfrm/UnityEngine.InputModule.dll_1E60FCA9DEDA8D62.mvfrm
[ 64/170    0s] MovedFromExtractor Library/Bee/artifacts/mvdfrm/UnityEngine.JSONSerializeModule.dll_AD585CA0A3A3F630.mvfrm
[ 65/170    0s] MovedFromExtractor Library/Bee/artifacts/mvdfrm/UnityEngine.InsightsModule.dll_DAA4F5080D8DD327.mvfrm
[ 66/170    0s] MovedFromExtractor Library/Bee/artifacts/mvdfrm/UnityEngine.MathematicsModule.dll_773D90FFC9D93AAE.mvfrm
[ 67/170    0s] MovedFromExtractor Library/Bee/artifacts/mvdfrm/UnityEngine.MarshallingModule.dll_FA9181BB398970CC.mvfrm
[ 68/170    0s] MovedFromExtractor Library/Bee/artifacts/mvdfrm/UnityEngine.InputForUIModule.dll_6CF9A5178D5D575F.mvfrm
[ 69/170    0s] MovedFromExtractor Library/Bee/artifacts/mvdfrm/UnityEngine.LocalizationModule.dll_C2B4CDF7800C3415.mvfrm
[ 70/170    0s] MovedFromExtractor Library/Bee/artifacts/mvdfrm/UnityEngine.InputLegacyModule.dll_E36DFE44ED52F96B.mvfrm
[ 71/170    0s] MovedFromExtractor Library/Bee/artifacts/mvdfrm/UnityEngine.IdentifiersModule.dll_2AB26B1C17DA1192.mvfrm
[ 72/170    0s] MovedFromExtractor Library/Bee/artifacts/mvdfrm/UnityEngine.IMGUIModule.dll_F04AD4602ED3FC9F.mvfrm
[ 73/170    0s] MovedFromExtractor Library/Bee/artifacts/mvdfrm/UnityEngine.ImageConversionModule.dll_1F83A5818FB19599.mvfrm
[ 74/170    0s] MovedFromExtractor Library/Bee/artifacts/mvdfrm/UnityEngine.HotReloadModule.dll_1D742C833B81B64E.mvfrm
[ 75/170    0s] MovedFromExtractor Library/Bee/artifacts/mvdfrm/UnityEngine.GraphicsStateCollectionSerializerModule.dll_283E2BF72FD2B74E.mvfrm
[ 76/170    0s] MovedFromExtractor Library/Bee/artifacts/mvdfrm/UnityEngine.GridModule.dll_70AFBD4A5EC5F0C2.mvfrm
[ 77/170    0s] MovedFromExtractor Library/Bee/artifacts/mvdfrm/UnityEngine.HierarchyCoreModule.dll_C45B703F1315EE9C.mvfrm
[ 78/170    0s] MovedFromExtractor Library/Bee/artifacts/mvdfrm/UnityEngine.GameCenterModule.dll_6A474AFE2D3CBAA3.mvfrm
[ 79/170    0s] MovedFromExtractor Library/Bee/artifacts/mvdfrm/UnityEngine.GIModule.dll_0044CC091C9AF20E.mvfrm
[ 80/170    0s] MovedFromExtractor Library/Bee/artifacts/mvdfrm/UnityEngine.DirectorModule.dll_40DE2C77831083A8.mvfrm
[ 81/170    0s] MovedFromExtractor Library/Bee/artifacts/mvdfrm/UnityEngine.DSPGraphModule.dll_462F8DE0F57154C9.mvfrm
[ 82/170    0s] MovedFromExtractor Library/Bee/artifacts/mvdfrm/UnityEngine.CrashReportingModule.dll_732D7EF974151B43.mvfrm
[ 83/170    0s] MovedFromExtractor Library/Bee/artifacts/mvdfrm/UnityEngine.CoreModule.dll_933EA15C46715ACB.mvfrm
[ 84/170    0s] MovedFromExtractor Library/Bee/artifacts/mvdfrm/UnityEngine.ContentLoadModule.dll_EB3F3C6723E3EB67.mvfrm
[ 85/170    0s] MovedFromExtractor Library/Bee/artifacts/mvdfrm/UnityEngine.ClusterRendererModule.dll_B391A7D10D8CDDA5.mvfrm
[ 86/170    0s] MovedFromExtractor Library/Bee/artifacts/mvdfrm/UnityEngine.ClusterInputModule.dll_846803A4E890411C.mvfrm
[ 87/170    0s] MovedFromExtractor Library/Bee/artifacts/mvdfrm/UnityEngine.ClothModule.dll_1ED391F442BF47A2.mvfrm
[ 88/170    0s] MovedFromExtractor Library/Bee/artifacts/mvdfrm/UnityEngine.AssetBundleModule.dll_5228E3265561437A.mvfrm
[ 89/170    0s] MovedFromExtractor Library/Bee/artifacts/mvdfrm/UnityEngine.AudioModule.dll_B7EB34F968A268BE.mvfrm
[ 90/170    0s] MovedFromExtractor Library/Bee/artifacts/mvdfrm/UnityEngine.AnimationModule.dll_9C2B6E7D604E9ACC.mvfrm
[ 91/170    0s] MovedFromExtractor Library/Bee/artifacts/mvdfrm/UnityEngine.AndroidJNIModule.dll_3FFA00E366FBC9B2.mvfrm
[ 92/170    0s] MovedFromExtractor Library/Bee/artifacts/mvdfrm/UnityEngine.AdaptivePerformanceModule.dll_254D0958CC15EEB2.mvfrm
[ 93/170    0s] MovedFromExtractor Library/Bee/artifacts/mvdfrm/UnityEngine.ARModule.dll_217B47FEDE0968BD.mvfrm
[ 94/170    0s] MovedFromExtractor Library/Bee/artifacts/mvdfrm/UnityEngine.AccessibilityModule.dll_4D40D364A46895A6.mvfrm
[ 95/170    0s] MovedFromExtractor Library/Bee/artifacts/mvdfrm/UnityEngine.AIModule.dll_680882FB80EC09F4.mvfrm
[ 96/170    0s] MovedFromExtractor Library/Bee/artifacts/mvdfrm/UnityEditor.VideoModule.dll_16C7FCFFF9B753BE.mvfrm
[ 97/170    0s] MovedFromExtractor Library/Bee/artifacts/mvdfrm/UnityEditor.XRModule.dll_AA9E79239CAAAEAB.mvfrm
[ 98/170    0s] MovedFromExtractor Library/Bee/artifacts/mvdfrm/UnityEditor.dll_770CC9104409A7F5.mvfrm
[ 99/170    0s] MovedFromExtractor Library/Bee/artifacts/mvdfrm/UnityEditor.VFXModule.dll_9FA472FC636E77CB.mvfrm
[100/170    0s] MovedFromExtractor Library/Bee/artifacts/mvdfrm/UnityEditor.UmbraModule.dll_6C9324ADC44BE38C.mvfrm
[101/170    0s] MovedFromExtractor Library/Bee/artifacts/mvdfrm/UnityEditor.VectorGraphicsModule.dll_A2629CDF5840890F.mvfrm
[102/170    0s] MovedFromExtractor Library/Bee/artifacts/mvdfrm/UnityEditor.UnityConnectModule.dll_04CB8E8F37086E56.mvfrm
[103/170    0s] MovedFromExtractor Library/Bee/artifacts/mvdfrm/UnityEditor.UIToolkitAuthoringModule.dll_88DB25024056B0DE.mvfrm
[104/170    0s] MovedFromExtractor Library/Bee/artifacts/mvdfrm/UnityEditor.UIElementsSamplesModule.dll_80065DACEAC0A851.mvfrm
[105/170    0s] MovedFromExtractor Library/Bee/artifacts/mvdfrm/UnityEditor.UIBuilderModule.dll_222E9F70F8AA3F5A.mvfrm
[106/170    0s] MovedFromExtractor Library/Bee/artifacts/mvdfrm/UnityEditor.UIElementsModule.dll_C1B118101DDC5ADC.mvfrm
[107/170    0s] MovedFromExtractor Library/Bee/artifacts/mvdfrm/UnityEditor.UIAutomationModule.dll_BA327009AE9851FC.mvfrm
[108/170    0s] MovedFromExtractor Library/Bee/artifacts/mvdfrm/UnityEditor.TreeModule.dll_CDC9C318263184DF.mvfrm
[109/170    0s] MovedFromExtractor Library/Bee/artifacts/mvdfrm/UnityEditor.U2DModule.dll_CB7D1DDF990AD82A.mvfrm
[110/170    0s] MovedFromExtractor Library/Bee/artifacts/mvdfrm/UnityEditor.TilemapModule.dll_88620B9BED1BFA01.mvfrm
[111/170    0s] MovedFromExtractor Library/Bee/artifacts/mvdfrm/UnityEditor.TextCoreTextEngineModule.dll_9D6CC6E6B153E63C.mvfrm
[112/170    0s] MovedFromExtractor Library/Bee/artifacts/mvdfrm/UnityEditor.TextCoreFontEngineModule.dll_5584907521D02D1E.mvfrm
[113/170    0s] MovedFromExtractor Library/Bee/artifacts/mvdfrm/UnityEditor.TextRenderingModule.dll_643E8A08F64F1F62.mvfrm
[114/170    0s] MovedFromExtractor Library/Bee/artifacts/mvdfrm/UnityEditor.SubstanceModule.dll_77857F2E15A99E33.mvfrm
[115/170    0s] MovedFromExtractor Library/Bee/artifacts/mvdfrm/UnityEditor.SpriteMaskModule.dll_52C550464C6836D2.mvfrm
[116/170    0s] MovedFromExtractor Library/Bee/artifacts/mvdfrm/UnityEditor.TerrainModule.dll_E965A41AD55F18F8.mvfrm
[117/170    0s] MovedFromExtractor Library/Bee/artifacts/mvdfrm/UnityEditor.SpriteShapeModule.dll_65C440F1F8C96AFF.mvfrm
[118/170    0s] MovedFromExtractor Library/Bee/artifacts/mvdfrm/UnityEditor.SketchUpModule.dll_2DDC4F474A774838.mvfrm
[119/170    0s] MovedFromExtractor Library/Bee/artifacts/mvdfrm/UnityEditor.ShaderCompilationModule.dll_8BD4C024CDC49D21.mvfrm
[120/170    0s] MovedFromExtractor Library/Bee/artifacts/mvdfrm/UnityEditor.ShaderBuildSettingsModule.dll_6CE3BB4B63CFCCEF.mvfrm
[121/170    0s] MovedFromExtractor Library/Bee/artifacts/mvdfrm/UnityEditor.SceneTemplateModule.dll_1A9B67CDA3F26E09.mvfrm
[122/170    0s] MovedFromExtractor Library/Bee/artifacts/mvdfrm/UnityEditor.ShaderFoundryModule.dll_597B3810C6A1EA97.mvfrm
[123/170    0s] MovedFromExtractor Library/Bee/artifacts/mvdfrm/UnityEditor.SceneViewModule.dll_0C55D55C7B149334.mvfrm
[124/170    0s] MovedFromExtractor Library/Bee/artifacts/mvdfrm/UnityEditor.SafeModeModule.dll_45C769F6FF45AC21.mvfrm
[125/170    0s] MovedFromExtractor Library/Bee/artifacts/mvdfrm/UnityEditor.QuickSearchModule.dll_0E3FB034F2FA8E88.mvfrm
[126/170    0s] MovedFromExtractor Library/Bee/artifacts/mvdfrm/UnityEditor.QuickInstallModule.dll_E870CF5853AAF76F.mvfrm
[127/170    0s] MovedFromExtractor Library/Bee/artifacts/mvdfrm/UnityEditor.PropertiesModule.dll_96D41CF49DE40594.mvfrm
[128/170    0s] MovedFromExtractor Library/Bee/artifacts/mvdfrm/UnityEditor.PlayModeModule.dll_8BBB5BB09E0EBB88.mvfrm
[129/170    0s] MovedFromExtractor Library/Bee/artifacts/mvdfrm/UnityEditor.ProjectAuditorModule.dll_55D011101AD2D826.mvfrm
[130/170    0s] MovedFromExtractor Library/Bee/artifacts/mvdfrm/UnityEditor.PresetsUIModule.dll_890C2B36884A1E2B.mvfrm
[131/170    0s] MovedFromExtractor Library/Bee/artifacts/mvdfrm/UnityEditor.PhysicsCore2DModule.dll_AEC3B8E88A15076B.mvfrm
[132/170    0s] MovedFromExtractor Library/Bee/artifacts/mvdfrm/UnityEditor.MultiplayerModule.dll_CC0B3023FBEEC06D.mvfrm
[133/170    0s] MovedFromExtractor Library/Bee/artifacts/mvdfrm/UnityEditor.PhysicsModule.dll_CF1F28ABFFA0D00A.mvfrm
[134/170    0s] MovedFromExtractor Library/Bee/artifacts/mvdfrm/UnityEditor.MathematicsModule.dll_7177C170B79F2A29.mvfrm
[135/170    0s] MovedFromExtractor Library/Bee/artifacts/mvdfrm/UnityEditor.Physics2DModule.dll_32EB6D851BCBE07C.mvfrm
[136/170    0s] MovedFromExtractor Library/Bee/artifacts/mvdfrm/UnityEditor.MediaModule.dll_BD7E9226B571C0A7.mvfrm
[137/170    0s] MovedFromExtractor Library/Bee/artifacts/mvdfrm/UnityEditor.LightingModule.dll_3FCEE1735231754D.mvfrm
[138/170    0s] MovedFromExtractor Library/Bee/artifacts/mvdfrm/UnityEditor.HierarchyModule.dll_BB19F93043D104E8.mvfrm
[139/170    0s] MovedFromExtractor Library/Bee/artifacts/mvdfrm/UnityEditor.GridModule.dll_4D8EE9F7B6C08597.mvfrm
[140/170    0s] MovedFromExtractor Library/Bee/artifacts/mvdfrm/UnityEditor.GridAndSnapModule.dll_8CE915A91D884F1E.mvfrm
[141/170    0s] MovedFromExtractor Library/Bee/artifacts/mvdfrm/UnityEditor.GraphViewModule.dll_CDA5F25485F1C626.mvfrm
[142/170    0s] MovedFromExtractor Library/Bee/artifacts/mvdfrm/UnityEditor.GraphicsStateCollectionSerializerModule.dll_1F4A5F0762D36DE9.mvfrm
[143/170    0s] WriteText Library/Bee/artifacts/1900b0aE.dag/Unity.Multiplayer.Center.Common.dll.mvfrm.rsp
[144/170    0s] WriteText Library/Bee/artifacts/1900b0aE.dag/Unity.Multiplayer.Center.Common.rsp
[145/170    0s] MovedFromExtractor Library/Bee/artifacts/mvdfrm/UnityEditor.GIModule.dll_C1D63A79B11DBE43.mvfrm
[146/170    0s] MovedFromExtractor Library/Bee/artifacts/mvdfrm/UnityEditor.GenericRemoteModule.dll_570137188D143B80.mvfrm
[147/170    0s] WriteText Library/Bee/artifacts/1900b0aE.dag/Unity.Multiplayer.Center.Editor.rsp2
[148/170    0s] WriteText Library/Bee/artifacts/1900b0aE.dag/Unity.Multiplayer.Center.Editor.UnityAdditionalFile.txt
[149/170    0s] WriteText Library/Bee/artifacts/1900b0aE.dag/Unity.Multiplayer.Center.Editor.dll.mvfrm.rsp
[150/170    0s] WriteText Library/Bee/artifacts/1900b0aE.dag/Unity.Multiplayer.Center.Editor.rsp
[151/170    0s] MovedFromExtractor Library/Bee/artifacts/mvdfrm/UnityEditor.GraphToolkitModule.dll_256E65C402D3B7C1.mvfrm
[152/170    0s] MovedFromExtractor Library/Bee/artifacts/mvdfrm/UnityEditor.EmbreeModule.dll_325107F39E868BE9.mvfrm
[153/170    0s] MovedFromExtractor Library/Bee/artifacts/mvdfrm/UnityEditor.DiagnosticsModule.dll_83302F279A23922F.mvfrm
[154/170    0s] MovedFromExtractor Library/Bee/artifacts/mvdfrm/UnityEditor.EditorToolbarModule.dll_F6FBF70FA505C3D1.mvfrm
[155/170    0s] MovedFromExtractor Library/Bee/artifacts/mvdfrm/UnityEditor.DeviceSimulatorModule.dll_ADE4E55F9DD1D021.mvfrm
[156/170    0s] MovedFromExtractor Library/Bee/artifacts/mvdfrm/UnityEditor.CoreBusinessMetricsModule.dll_E4A86E1CB717CAA7.mvfrm
[157/170    0s] MovedFromExtractor Library/Bee/artifacts/mvdfrm/UnityEditor.CoreModule.dll_701DCE099E6BEFA0.mvfrm
[158/170    0s] MovedFromExtractor Library/Bee/artifacts/mvdfrm/UnityEngine.NVIDIAModule.dll_8A621FDAFC23A697.mvfrm
[159/170    0s] MovedFromExtractor Library/Bee/artifacts/mvdfrm/UnityEngine.HierarchyModule.dll_70FFEA192950B6CD.mvfrm
[160/170    0s] MovedFromExtractor Library/Bee/artifacts/mvdfrm/UnityEngine.AMDModule.dll_2C57B97BD580A110.mvfrm
[161/170    0s] MovedFromExtractor-Combine Library/Bee/artifacts/1900b0aE.dag/Unity.Multiplayer.Center.Common.dll.mvfrm
[161/170    0s] Csc Library/Bee/artifacts/1900b0aE.dag/Unity.Multiplayer.Center.Common.dll (+2 others) [CacheHit e361f891bf38c3e0ff5d5578a8a77fea00000000000000000000000000000006]
[162/170    0s] Csc Library/Bee/artifacts/1900b0aE.dag/Unity.Multiplayer.Center.Common.dll (+2 others)
[164/170    0s] CopyFiles Library/ScriptAssemblies/Unity.Multiplayer.Center.Common.pdb
[165/170    0s] CopyFiles Library/ScriptAssemblies/Unity.Multiplayer.Center.Common.dll
[166/170    0s] MovedFromExtractor Library/Bee/artifacts/mvdfrm/Unity.Multiplayer.Center.Common.ref.dll_EE36537354EA42C8.mvfrm
[167/170    0s] MovedFromExtractor-Combine Library/Bee/artifacts/1900b0aE.dag/Unity.Multiplayer.Center.Editor.dll.mvfrm
[166/170    0s] Csc Library/Bee/artifacts/1900b0aE.dag/Unity.Multiplayer.Center.Editor.dll (+2 others) [CacheHit f6a8e1f1c46cecdab9b24d098ba6affc00000000000000000000000000000006]
[168/170    0s] Csc Library/Bee/artifacts/1900b0aE.dag/Unity.Multiplayer.Center.Editor.dll (+2 others)
[170/170    0s] CopyFiles Library/ScriptAssemblies/Unity.Multiplayer.Center.Editor.pdb
[171/170    0s] CopyFiles Library/ScriptAssemblies/Unity.Multiplayer.Center.Editor.dll
*** Tundra build success (4.07 seconds), 167 items updated, 170 evaluated
AssetDatabase: script compilation time: 5.606184s
Begin MonoManager ReloadAssembly
Total cache size 152657588
Total cache size after purge 152657588, took 00:00:00.1696819
Importing 'GUID: 00000000000000001000000000000000 - Path: Assets' with importer (DefaultImporter)
Imported 'GUID: 00000000000000001000000000000000' -> (Import Result ID: 'd4b99c274a2bfd195a0fab07a219813d') in 0.010 seconds [static dependencies only]. Details - ImportResultOutputID=931399766a3d35f20ee4474945b75a67 DependenciesID=b70de132a7282aafa7414a97dcffc9e1 StaticDependenciesID=f5f353ad10b41c84dbd766055d9989c6 
Importing 'GUID: 00000000000000002000000000000000 - Path: ProjectSettings/InputManager.asset' with importer (LibraryAssetImporter)
Imported 'GUID: 00000000000000002000000000000000' -> (Import Result ID: '122dd9edfa1375de805a66904857642d') in 0.002 seconds [static dependencies only]. Details - ImportResultOutputID=0290babc70dea6fa2c98f564a251f1f8 DependenciesID=e13aed5572a9dfc6d157cca70707a022 StaticDependenciesID=233ebbccf2adc0a5c1ca8885eb2bc052 
Importing 'GUID: 00000000000000003000000000000000 - Path: ProjectSettings/TagManager.asset' with importer (LibraryAssetImporter)
Imported 'GUID: 00000000000000003000000000000000' -> (Import Result ID: 'e7f16330ab18354fa5c6c22588bd6b9e') in 0.000 seconds [static dependencies only]. Details - ImportResultOutputID=fd6696bcbef029973bb12ace65e33982 DependenciesID=f35365170e5d58c444badbe1c8e8a4fc StaticDependenciesID=bcd866a7c3956a26e77b74cfbc6210b0 
Importing 'GUID: 00000000000000004000000000000000 - Path: ProjectSettings/ProjectSettings.asset' with importer (LibraryAssetImporter)
Imported 'GUID: 00000000000000004000000000000000' -> (Import Result ID: 'e176dbad519be8b04a793042fc90e6a9') in 0.000 seconds [static dependencies only]. Details - ImportResultOutputID=276a810dac73e1f29404d5e5f692e214 DependenciesID=dc9711279e19dacf189462422f64db79 StaticDependenciesID=75df080997a5a840a9bbd07c2e255ca0 
Importing 'GUID: 00000000000000006000000000000000 - Path: ProjectSettings/AudioManager.asset' with importer (LibraryAssetImporter)
Imported 'GUID: 00000000000000006000000000000000' -> (Import Result ID: '222655a7ee09c701162a4a03301f329d') in 0.000 seconds [static dependencies only]. Details - ImportResultOutputID=acca44841ee8003c72d524064efb6e35 DependenciesID=1c867fc2eb1e33cbab379e9914026e24 StaticDependenciesID=c60a58a77039892abca1222b4524d2f6 
Importing 'GUID: 00000000000000007000000000000000 - Path: ProjectSettings/TimeManager.asset' with importer (LibraryAssetImporter)
Imported 'GUID: 00000000000000007000000000000000' -> (Import Result ID: 'b7cea43959c5a70f6cafb9d7bbf07204') in 0.000 seconds [static dependencies only]. Details - ImportResultOutputID=bcbe57e6eed4f14d697ceae3e9a4ee48 DependenciesID=b41fcbca90521a4ef76dc45abd5ee30f StaticDependenciesID=de80ff743d967013c06205e8643638c7 
Importing 'GUID: 00000000000000008000000000000000 - Path: ProjectSettings/DynamicsManager.asset' with importer (LibraryAssetImporter)
Imported 'GUID: 00000000000000008000000000000000' -> (Import Result ID: '01117e187546a80035e1d4d46e76d0d3') in 0.000 seconds [static dependencies only]. Details - ImportResultOutputID=af765d07e318cf68f695edacf91778bd DependenciesID=a72988d2a4e3c003a30c86e53a954198 StaticDependenciesID=7292a8773e09fece8a4831b39fe2006c 
Importing 'GUID: 00000000000000009000000000000000 - Path: ProjectSettings/QualitySettings.asset' with importer (LibraryAssetImporter)
Imported 'GUID: 00000000000000009000000000000000' -> (Import Result ID: '88b1caad7788adf2b3f6920226537fe1') in 0.000 seconds [static dependencies only]. Details - ImportResultOutputID=7b12711da11c94ad897442b4820d3f7b DependenciesID=253c850b96121a2945831e0885510615 StaticDependenciesID=3c048ebdf1fe67a565e3878bb03d32b6 
Importing 'GUID: 0000000000000000b000000000000000 - Path: ProjectSettings/EditorBuildSettings.asset' with importer (LibraryAssetImporter)
Imported 'GUID: 0000000000000000b000000000000000' -> (Import Result ID: '2e292a13dea8a88f7a8fdfa7e245ba03') in 0.000 seconds [static dependencies only]. Details - ImportResultOutputID=4647dd083cfc32cebcd7526e8846440c DependenciesID=3dbde5f0d39015c9d271c66bfeeb76cc StaticDependenciesID=bb1b3efeaa1814676e759f4b719a3637 
Importing 'GUID: 0000000000000000c000000000000000 - Path: ProjectSettings/EditorSettings.asset' with importer (LibraryAssetImporter)
Imported 'GUID: 0000000000000000c000000000000000' -> (Import Result ID: '27524ee8e486f2ffa050ba352ec7e2de') in 0.000 seconds [static dependencies only]. Details - ImportResultOutputID=fc08cc28cef36a03227c22ef67b54535 DependenciesID=a67e6951b1ff849fa93892b67cc04f3f StaticDependenciesID=6659f09da2fad0badc637a74ebfda2e2 
Importing 'GUID: 00000000000000004100000000000000 - Path: ProjectSettings/NavMeshAreas.asset' with importer (LibraryAssetImporter)
Imported 'GUID: 00000000000000004100000000000000' -> (Import Result ID: '46b5ec913a38468a6faec06896eae508') in 0.000 seconds [static dependencies only]. Details - ImportResultOutputID=90afd57cd2fd79df9534381ff5673272 DependenciesID=45d1aa60824ee9d69c2ca37e825a726b StaticDependenciesID=768cfffea40bf388eb2d762e3a890cea 
Importing 'GUID: 00000000000000005100000000000000 - Path: ProjectSettings/Physics2DSettings.asset' with importer (LibraryAssetImporter)
Imported 'GUID: 00000000000000005100000000000000' -> (Import Result ID: 'f668ca342e7e36520c736e6ebc6d382e') in 0.000 seconds [static dependencies only]. Details - ImportResultOutputID=51a8098361d5b0c1ab07bfc06e51f152 DependenciesID=cd9e79e3e3be26effd12085751c8f2bc StaticDependenciesID=4736f57993cccbae888eab25ec373e17 
Importing 'GUID: 00000000000000006100000000000000 - Path: ProjectSettings/GraphicsSettings.asset' with importer (LibraryAssetImporter)
Imported 'GUID: 00000000000000006100000000000000' -> (Import Result ID: '5bb79f5634c411213397437dc71f837f') in 0.000 seconds [static dependencies only]. Details - ImportResultOutputID=f9600466f06a676b7a4f639f6629ea48 DependenciesID=472884dae36dd4fa4029e0bfee54bb70 StaticDependenciesID=ce3f9b9b0558aee0455f15fbe1679d2d 
Importing 'GUID: 00000000000000007100000000000000 - Path: ProjectSettings/ClusterInputManager.asset' with importer (LibraryAssetImporter)
Imported 'GUID: 00000000000000007100000000000000' -> (Import Result ID: '6012ce5603f09e577aed0b98e99b19f6') in 0.000 seconds [static dependencies only]. Details - ImportResultOutputID=8ce0cedd10b8cd8471ed9838bfc872ed DependenciesID=2eeb3818bb72d92466f5f953bb62736b StaticDependenciesID=c84399ef936c24c7ddc46cfba0d9b6f9 
Importing 'GUID: 0000000000000000a100000000000000 - Path: ProjectSettings/UnityConnectSettings.asset' with importer (LibraryAssetImporter)
Imported 'GUID: 0000000000000000a100000000000000' -> (Import Result ID: '33ae2595f4bf6fdbcda99d991731ec59') in 0.000 seconds [static dependencies only]. Details - ImportResultOutputID=1989c27f310e62ee2c72d63f16a698d0 DependenciesID=95e5490b10cfbf0a98389d7a454554a7 StaticDependenciesID=e5799262eb4150d572a91320e9a15e14 
Importing 'GUID: 0000000000000000b100000000000000 - Path: ProjectSettings/PresetManager.asset' with importer (LibraryAssetImporter)
Imported 'GUID: 0000000000000000b100000000000000' -> (Import Result ID: '28ecaa07aa0626f067ead5bd138d0a69') in 0.000 seconds [static dependencies only]. Details - ImportResultOutputID=d271a469f14af9d29dbd89abc966f7ef DependenciesID=8e056439a10f7126afa94c46042b091c StaticDependenciesID=7b53acc339a522b0da4196921a41418e 
Importing 'GUID: 0000000000000000c100000000000000 - Path: ProjectSettings/VFXManager.asset' with importer (LibraryAssetImporter)
Imported 'GUID: 0000000000000000c100000000000000' -> (Import Result ID: '500a0c5a3eb90d0a1d5ec47a16bbfe30') in 0.000 seconds [static dependencies only]. Details - ImportResultOutputID=d5b1cc1b236d3087c4a5fc9e9cb18618 DependenciesID=ffec35c0b81aa3428ad4fd0a1cdbca40 StaticDependenciesID=73a7f55396d42bbd23b84f522c611c91 
Importing 'GUID: 0000000000000000d100000000000000 - Path: ProjectSettings/VersionControlSettings.asset' with importer (LibraryAssetImporter)
Imported 'GUID: 0000000000000000d100000000000000' -> (Import Result ID: '81e35fcbfa4800506724c99876c7088b') in 0.000 seconds [static dependencies only]. Details - ImportResultOutputID=0a19189542c4b1aa9afad4d76b36cbef DependenciesID=29b26ee47832bf1b39596302c61ef4b2 StaticDependenciesID=b5510de9c562b6e15681a7bd79c2c32e 
Importing 'GUID: 0000000000000000f100000000000000 - Path: ProjectSettings/MemorySettings.asset' with importer (LibraryAssetImporter)
Imported 'GUID: 0000000000000000f100000000000000' -> (Import Result ID: '0f1581ae83325c6e5d0e8c4cb170be96') in 0.000 seconds [static dependencies only]. Details - ImportResultOutputID=078c9215d0d3f7dcc6c2ea9c2e21e93e DependenciesID=bb7f7f7d6491522ddc09486deb395807 StaticDependenciesID=38dc31482a1c8109a46f25220dfbe454 
Importing 'GUID: 00000000000000000200000000000000 - Path: ProjectSettings/MultiplayerManager.asset' with importer (LibraryAssetImporter)
Imported 'GUID: 00000000000000000200000000000000' -> (Import Result ID: '6e3bb7f61b2e132c4c79fbeb19a1d328') in 0.000 seconds [static dependencies only]. Details - ImportResultOutputID=cc8bc420ff0fb13a9534be625b324364 DependenciesID=64d1db0c7eff66154c45d867da4ad13d StaticDependenciesID=5a00061f5d03ec70885cdd29485be38f 
Importing 'GUID: 00000000000000001200000000000000 - Path: ProjectSettings/PhysicsCoreProjectSettings2D.asset' with importer (LibraryAssetImporter)
Imported 'GUID: 00000000000000001200000000000000' -> (Import Result ID: '7db99f4ef78df8eea254cce16e190be4') in 0.000 seconds [static dependencies only]. Details - ImportResultOutputID=07b8874da21d0d67c4347d012422ba62 DependenciesID=c35a41b4dbc5a4a21cd219ec06d595b2 StaticDependenciesID=d7f6b6ebc14df93041ab7a97c0c9c64b 
Importing 'GUID: 00000000000000002300000000000000 - Path: Library/BuildInstructions' with importer (DefaultImporter)
Imported 'GUID: 00000000000000002300000000000000' -> (Import Result ID: 'd414f514f549833c39aae7152c59aeb3') in 0.001 seconds [static dependencies only]. Details - ImportResultOutputID=d2da4dbe7433590953d90148eb4e1f22 DependenciesID=f91b153018f3a82b66ea2319cf957f42 StaticDependenciesID=ef352f98b66d8f5b312774c3ee71f599 
Importing 'GUID: c060426bfd6e82575228df6656368eaa - Path: Packages/com.unity.modules.imgui' with importer (DefaultImporter)
Imported 'GUID: c060426bfd6e82575228df6656368eaa' -> (Import Result ID: 'cf02847ceec7d2872cfd3abefa14549b') in 0.001 seconds [static dependencies only]. Details - ImportResultOutputID=dcc23da4b16b268ee6e83200b7ebb805 DependenciesID=2086ddccde2e6fbd24cff6207f712388 StaticDependenciesID=dcfbfa33c460c8bce2fbeaa89284fa4b 
Importing 'GUID: 1158e311a3101950348dcecb1bebc42d - Path: Packages/com.unity.modules.animation' with importer (DefaultImporter)
Imported 'GUID: 1158e311a3101950348dcecb1bebc42d' -> (Import Result ID: 'e37b81a46bcef9cbe7d6da2c7722799c') in 0.001 seconds [static dependencies only]. Details - ImportResultOutputID=7f760e80e4376f4e2af6163c51483957 DependenciesID=33f806035b03395b7cd71586c052efa7 StaticDependenciesID=d58e4e925b4477ec3fc56266dda92cb7 
Importing 'GUID: 515638b803bef8599dbd6d5c8bdaa53e - Path: Packages/com.unity.modules.xr' with importer (DefaultImporter)
Imported 'GUID: 515638b803bef8599dbd6d5c8bdaa53e' -> (Import Result ID: 'f58d699fd78b48df6f7b684ee0fec26b') in 0.001 seconds [static dependencies only]. Details - ImportResultOutputID=4287b6c9de175897d57f5d0f89be5f52 DependenciesID=70fc0679b0d07239c2400ea969970978 StaticDependenciesID=14dc3a32c9be63acfb43cbd973f867b9 
Importing 'GUID: b219c86ce508e478367c0a46e1aa9fe4 - Path: Packages/com.unity.modules.assetbundle' with importer (DefaultImporter)
Imported 'GUID: b219c86ce508e478367c0a46e1aa9fe4' -> (Import Result ID: 'e407681b1bca06d4ee80ffd67027d990') in 0.001 seconds [static dependencies only]. Details - ImportResultOutputID=89494b4b6b631d330268aeb9dacd9e16 DependenciesID=49321cd40391b47dca923c46a0b51cd4 StaticDependenciesID=f0921b01574508825a731309420aac3e 
Importing 'GUID: 04c6898809c37620ac863cc2a5d7c4d0 - Path: Packages/com.unity.modules.vectorgraphics' with importer (DefaultImporter)
Imported 'GUID: 04c6898809c37620ac863cc2a5d7c4d0' -> (Import Result ID: '7bdc20d0b18267a5e9124ff29a87609f') in 0.001 seconds [static dependencies only]. Details - ImportResultOutputID=3855432a71b0a738524e2b907e4a06f1 DependenciesID=c7668d1b1f42ace2a16d41bf0365eaac StaticDependenciesID=db47898b496856ae70e47157d5480627 
Importing 'GUID: 5469ef0820152a4ae45d400fdc4626e4 - Path: Packages/com.unity.modules.screencapture' with importer (DefaultImporter)
Imported 'GUID: 5469ef0820152a4ae45d400fdc4626e4' -> (Import Result ID: '1e9d2faeef0c157dc048cd69028c8f55') in 0.001 seconds [static dependencies only]. Details - ImportResultOutputID=883c2ddc1cc8ab47552769d7d10ec20e DependenciesID=e8d1b1ac77d92bb2a277bde4b7864921 StaticDependenciesID=2d36e1f7d4053f2b93ff7495a5c1dde9 
Importing 'GUID: c4df1124e2787ee0c8d1a911de17ee73 - Path: Packages/com.unity.modules.cloth' with importer (DefaultImporter)
Imported 'GUID: c4df1124e2787ee0c8d1a911de17ee73' -> (Import Result ID: 'f703972abcd8febed3f7f9df75e5b803') in 0.001 seconds [static dependencies only]. Details - ImportResultOutputID=02c3e07e14f3716325ca51811cb4ad59 DependenciesID=2a5f4431052ca721706216f2f8a6ee32 StaticDependenciesID=b75deedee1f8f832d07395b027bce037 
Importing 'GUID: 850c54ee0b9e1aa740b1c67792eb1f26 - Path: Packages/com.unity.modules.imageconversion' with importer (DefaultImporter)
Imported 'GUID: 850c54ee0b9e1aa740b1c67792eb1f26' -> (Import Result ID: '2973994bee36aa97d9443168268f47e9') in 0.001 seconds [static dependencies only]. Details - ImportResultOutputID=5e29084e34474b819d3f42b6f87fa2f1 DependenciesID=d080164e34df1d295815550b352c546e StaticDependenciesID=ead3b0fca67d215d683803a221eebd27 
Importing 'GUID: 95f85adeda79e994f011eb2152cf4fc9 - Path: Packages/com.unity.modules.terrainphysics' with importer (DefaultImporter)
Imported 'GUID: 95f85adeda79e994f011eb2152cf4fc9' -> (Import Result ID: '6b3d168146bf8e99412fa9e0055a7282') in 0.001 seconds [static dependencies only]. Details - ImportResultOutputID=066c7237bacce3d1fed9fa88ce895dc2 DependenciesID=e017dd36d9f1bed8083509adb3604cab StaticDependenciesID=d0d45621b6c1d9f84f4da190cee09523 
Importing 'GUID: c522a644a29fcab2eaf63298c118a65b - Path: Packages/com.unity.modules.unitywebrequest' with importer (DefaultImporter)
Imported 'GUID: c522a644a29fcab2eaf63298c118a65b' -> (Import Result ID: '6f13bdefcd37409ac301686699b63ea3') in 0.001 seconds [static dependencies only]. Details - ImportResultOutputID=bd84e5c0828c0c958fda12361a6931c4 DependenciesID=b06d11930b7a96881eb3a24d68d1c685 StaticDependenciesID=7c352e29047f83b2302c120040a82237 
Importing 'GUID: d5f0b0adc6826e9dd3b72e292e8438be - Path: Packages/com.unity.modules.unitywebrequestassetbundle' with importer (DefaultImporter)
Imported 'GUID: d5f0b0adc6826e9dd3b72e292e8438be' -> (Import Result ID: 'ccae98511501a3691a4f28c9305395d0') in 0.002 seconds [static dependencies only]. Details - ImportResultOutputID=28545450f0f8fe7184e75065d2eaebce DependenciesID=40d41d9cefabd5f5eb8b5cfd4ef24fd9 StaticDependenciesID=d6e47b92f5e066bd6d04c17b2d205096 
Importing 'GUID: 56b94a5b6990c879bb0f057719d1064b - Path: Packages/com.unity.modules.subsystems' with importer (DefaultImporter)
Imported 'GUID: 56b94a5b6990c879bb0f057719d1064b' -> (Import Result ID: '529ebfa03ce4541f897f33e6f5074f1d') in 0.002 seconds [static dependencies only]. Details - ImportResultOutputID=0e619aa1d83b61217ae2e97dfc45d4e9 DependenciesID=925e5732c1c98f399754db5bb23eb76d StaticDependenciesID=6c3bc4fc02fdaa9feb3eece9fe8a9cec 
Importing 'GUID: d6c6a000a805f00649b36b542e8426c2 - Path: Packages/com.unity.modules.unityanalytics' with importer (DefaultImporter)
Imported 'GUID: d6c6a000a805f00649b36b542e8426c2' -> (Import Result ID: '1c0e803e42edb58e775fdf8c1ada7c9a') in 0.001 seconds [static dependencies only]. Details - ImportResultOutputID=bf660bcbf114683b66648691531e6d07 DependenciesID=89197de4bd5cc31d5c7bae3fe24cbcde StaticDependenciesID=3a4a7534c9788a0496ca97804124d881 
Importing 'GUID: d6db7caf2e852b75ebb9c6098418179c - Path: Packages/com.unity.modules.physics' with importer (DefaultImporter)
Imported 'GUID: d6db7caf2e852b75ebb9c6098418179c' -> (Import Result ID: '17efe42b4d253215f7ce1c4062aa0c38') in 0.001 seconds [static dependencies only]. Details - ImportResultOutputID=ca9e398e0fe23d8852b03b4ef733b883 DependenciesID=e2c39f0a5de8ad2594cb338b7658e6b8 StaticDependenciesID=c62fb84fdcd1e94d00277c1c40c3739f 
Importing 'GUID: 376c84ea405e0f2b80562c23bb977216 - Path: Packages/com.unity.modules.physics2d' with importer (DefaultImporter)
Imported 'GUID: 376c84ea405e0f2b80562c23bb977216' -> (Import Result ID: 'e16f02c29d3dea367ecb900153c73915') in 0.001 seconds [static dependencies only]. Details - ImportResultOutputID=3c523e0fa92287aeca10533038c4ad8c DependenciesID=6bb4f8083248eac4b0dc6f99b652bbce StaticDependenciesID=f9ac984a12928ed37980ddae896e5092 
Importing 'GUID: b77b1ad9c05af0412725856c6c53b037 - Path: Packages/com.unity.modules.wind' with importer (DefaultImporter)
Imported 'GUID: b77b1ad9c05af0412725856c6c53b037' -> (Import Result ID: '694b941601afae996ece1a250d52d92b') in 0.002 seconds [static dependencies only]. Details - ImportResultOutputID=20914c3eb4d4a40f977811ac372be123 DependenciesID=d21b8e17cfb8e89fe6ce6b17ce9c8244 StaticDependenciesID=46ac7d1af46c22898a1232f313b934ef 
Importing 'GUID: 2808ba6bccb2478ec9c7209d8bf1f3cc - Path: Packages/com.unity.modules.uielements' with importer (DefaultImporter)
Imported 'GUID: 2808ba6bccb2478ec9c7209d8bf1f3cc' -> (Import Result ID: '5e5dfe08c6a00c900cfe4fcfce3b78a1') in 0.002 seconds [static dependencies only]. Details - ImportResultOutputID=43ac9c1bd0c2e88ddb17cc3ac3d457f4 DependenciesID=6331dea1aa9bb31237c64de3af52db43 StaticDependenciesID=59202ada8d9ed2d8790f39d1af247fa9 
Importing 'GUID: 38e3a8976f0b9c586b6dfbcef4e4066c - Path: Packages/com.unity.modules.unitywebrequestaudio' with importer (DefaultImporter)
Imported 'GUID: 38e3a8976f0b9c586b6dfbcef4e4066c' -> (Import Result ID: 'c54f3cdcd0a0a53c728a8f6a4bf8e805') in 0.001 seconds [static dependencies only]. Details - ImportResultOutputID=fa5586dfb87647a6c685707600b86782 DependenciesID=d3b8e77c9c0813b337d35585e0cd8dac StaticDependenciesID=48a2720e21e8eb8eca255939c5f3eb1d 
Importing 'GUID: 48b10b41f58d5b49717f376cda59eeb8 - Path: Packages/com.unity.modules.particlesystem' with importer (DefaultImporter)
Imported 'GUID: 48b10b41f58d5b49717f376cda59eeb8' -> (Import Result ID: '2ca99f43dcc60f64cbde6b09dd836276') in 0.001 seconds [static dependencies only]. Details - ImportResultOutputID=bbc465d3d6faacd80c5d2d6b9e298635 DependenciesID=c5895581a6d08af4451e2d20e825f0d5 StaticDependenciesID=81558f2015053653d61c0994543e82b3 
Importing 'GUID: 783ee1c8fd4414848db1be97aacf44fb - Path: Packages/com.unity.modules.accessibility' with importer (DefaultImporter)
Imported 'GUID: 783ee1c8fd4414848db1be97aacf44fb' -> (Import Result ID: '22792940adc4c731e445dc78eb9fe3fd') in 0.001 seconds [static dependencies only]. Details - ImportResultOutputID=9ceb99a21b9f1e61183206a57a741925 DependenciesID=c59f06feebd4b2d44b2d489c588f040a StaticDependenciesID=0c3b582cc644fab2b6544ebc50675bbc 
Importing 'GUID: 09e28640d754a611467eebfb261ed749 - Path: Packages/com.unity.modules.tilemap' with importer (DefaultImporter)
Imported 'GUID: 09e28640d754a611467eebfb261ed749' -> (Import Result ID: '56df1fb7932ed758e22709161024465f') in 0.001 seconds [static dependencies only]. Details - ImportResultOutputID=84462fd97657c416dad9f0a01ba73192 DependenciesID=09aca3cc367571eb90d49da11da39372 StaticDependenciesID=f2c3c73202e22cf06daeb9dd58ae6eae 
Importing 'GUID: 39728903e57c60021f80449a8bbc0096 - Path: Packages/com.unity.modules.ui' with importer (DefaultImporter)
Imported 'GUID: 39728903e57c60021f80449a8bbc0096' -> (Import Result ID: 'aafd74a4e55e642d1ea0f795f6444b28') in 0.001 seconds [static dependencies only]. Details - ImportResultOutputID=d7a4a57fb3c24edd8687328a72cff587 DependenciesID=5ad4483b2dacaca3bc3cdbfd4283033a StaticDependenciesID=6f9d30d0da8c720154437b2dbfc538a9 
Importing 'GUID: 995c08a3305ff9f0dab5e86f340bd9a7 - Path: Packages/com.unity.modules.androidjni' with importer (DefaultImporter)
Imported 'GUID: 995c08a3305ff9f0dab5e86f340bd9a7' -> (Import Result ID: '701f2d40c085a88e5be25bb90837fc1e') in 0.001 seconds [static dependencies only]. Details - ImportResultOutputID=30c3e7dc197ceabd471c943bc8eba608 DependenciesID=425c20ce60374642a724cdff7fd24253 StaticDependenciesID=ad97d0fc3477242b18c560757f4d1e58 
Importing 'GUID: b975297a992381c1f3257d0e96892c8a - Path: Packages/com.unity.modules.adaptiveperformance' with importer (DefaultImporter)
Imported 'GUID: b975297a992381c1f3257d0e96892c8a' -> (Import Result ID: 'a2e6bef6ef548c7d281ffe438d4bf9e6') in 0.001 seconds [static dependencies only]. Details - ImportResultOutputID=7f7b3e23eb4697a89925ff793958e5e5 DependenciesID=704994437ad72b75b63f683e3e2c8b77 StaticDependenciesID=7c76e8507c36e23af3851bdc0b54b4ca 
Importing 'GUID: e9a46d0940097b5c2c483622a7effc59 - Path: Packages/com.unity.multiplayer.center' with importer (DefaultImporter)
Imported 'GUID: e9a46d0940097b5c2c483622a7effc59' -> (Import Result ID: 'f7ec3aed5a8d9d5c70e3654fc2a88a73') in 0.001 seconds [static dependencies only]. Details - ImportResultOutputID=f3046c93bbe9d773216fbea661ffa254 DependenciesID=54b960739866031de6bdfbe96a52d173 StaticDependenciesID=b2e1c9948d369bc0141389d8e41ae6ea 
Importing 'GUID: 6b81377a4453ba7362eb3322f9bcc6c6 - Path: Packages/com.unity.modules.hierarchycore' with importer (DefaultImporter)
Imported 'GUID: 6b81377a4453ba7362eb3322f9bcc6c6' -> (Import Result ID: 'd64e3c92d05cb8ab57cf9c34e8c0ee27') in 0.001 seconds [static dependencies only]. Details - ImportResultOutputID=75a6fa83ac96f5339da373cd4f5c6e37 DependenciesID=6193b8beab5ea5a327f9266eedb6d024 StaticDependenciesID=ffdda4d53d222e5716e68e647a732ae5 
Importing 'GUID: 1cf2469083ffa484da4d78dd70d708e8 - Path: Packages/com.unity.modules.vehicles' with importer (DefaultImporter)
Imported 'GUID: 1cf2469083ffa484da4d78dd70d708e8' -> (Import Result ID: '2e9fd9e9a5feffab1804123071ae561d') in 0.001 seconds [static dependencies only]. Details - ImportResultOutputID=62c710cd8c5682c589eec3677adcbda2 DependenciesID=e94622adfb7f30fcccb41278fb8cae22 StaticDependenciesID=1bd9500d6d7a6d96ac8ece40c813da97 
Importing 'GUID: 9c7c268fa6492449654839df69f2a2f4 - Path: Packages/com.unity.modules.umbra' with importer (DefaultImporter)
Imported 'GUID: 9c7c268fa6492449654839df69f2a2f4' -> (Import Result ID: 'c7c253ce33f96826bbf020e0df6ad6fb') in 0.001 seconds [static dependencies only]. Details - ImportResultOutputID=bf70ea01e70089eaf818b9fb19bb1807 DependenciesID=c796db5b8e8e1a9c947b5787f1a433df StaticDependenciesID=4ba5eab75bdc6e2df485b4ad7729e499 
Importing 'GUID: dcc8c6e92b172a65719af5ddf47dd968 - Path: Packages/com.unity.modules.unitywebrequestwww' with importer (DefaultImporter)
Imported 'GUID: dcc8c6e92b172a65719af5ddf47dd968' -> (Import Result ID: 'a3ca17c250abe56342bc7797897bf6a5') in 0.001 seconds [static dependencies only]. Details - ImportResultOutputID=1475fc509da6d933479c8ee5d6c4eeff DependenciesID=1ec5b0b7427f7eeba4f1c41dd9bc4cfe StaticDependenciesID=00265576cf1e789283eaa13f6ba70983 
Importing 'GUID: fc3a810351931f5e6183e16b9beb5563 - Path: Packages/com.unity.modules.jsonserialize' with importer (DefaultImporter)
Imported 'GUID: fc3a810351931f5e6183e16b9beb5563' -> (Import Result ID: 'f04351d90ee6b1c15aa201371d89b674') in 0.001 seconds [static dependencies only]. Details - ImportResultOutputID=65186f4186bf0f33d3946d1d6d75958c DependenciesID=fbc4bd1e3869dc653079edeac718e537 StaticDependenciesID=c1a4d4946c0840cd0516fcb984a36b78 
Importing 'GUID: 2d142b475fbfb8cf12ba3a795194300a - Path: Packages/com.unity.modules.director' with importer (DefaultImporter)
Imported 'GUID: 2d142b475fbfb8cf12ba3a795194300a' -> (Import Result ID: 'f82206d58857516a2f7d10df0de25ca9') in 0.001 seconds [static dependencies only]. Details - ImportResultOutputID=ba08ff1508e195419df3d8b0ff8d3bd4 DependenciesID=cb7a2942f5dee664122b699c70fb1a1e StaticDependenciesID=e5174e6782a309cc2e662ba686aba5d3 
Importing 'GUID: 2d6ba5cbe47e6ad3c87474c56174d4e0 - Path: Packages/com.unity.modules.audio' with importer (DefaultImporter)
Imported 'GUID: 2d6ba5cbe47e6ad3c87474c56174d4e0' -> (Import Result ID: '3234866a3fa377a9f9a0ce8dd981be90') in 0.001 seconds [static dependencies only]. Details - ImportResultOutputID=8643a11ddcb415e1ae77356bdcd0e31f DependenciesID=3297e30e726f0a1e5ba9c81d00653637 StaticDependenciesID=0c545176e25f7b531d70d9899c8b8ef9 
Importing 'GUID: ede0462698a4a5643aa9872c074acd38 - Path: Packages/com.unity.modules.video' with importer (DefaultImporter)
Imported 'GUID: ede0462698a4a5643aa9872c074acd38' -> (Import Result ID: '4a9e59f79bcbaddc73d6ed9b1cb022ad') in 0.001 seconds [static dependencies only]. Details - ImportResultOutputID=f060305cf9a7601b6327f110dec53cf0 DependenciesID=2eb252c728b0513f8a06cb80138758c9 StaticDependenciesID=9adc8e4bff2d24a6cd335db28a76c689 
Importing 'GUID: fd871a8be47119612f7c254e96a822b7 - Path: Packages/com.unity.modules.ai' with importer (DefaultImporter)
Imported 'GUID: fd871a8be47119612f7c254e96a822b7' -> (Import Result ID: '9a8589b3beb3a049c84630a73f6ad835') in 0.001 seconds [static dependencies only]. Details - ImportResultOutputID=0bf4624736b8f9ba8d25427695ddd8c6 DependenciesID=00785bf0aee44637bb0bb65f025524ad StaticDependenciesID=025eb2cbf874ac313592e4ff09b996f2 
Importing 'GUID: 5e22a8d6e557a1b3cae09054b0b5f9d8 - Path: Packages/com.unity.modules.physicscore2d' with importer (DefaultImporter)
Imported 'GUID: 5e22a8d6e557a1b3cae09054b0b5f9d8' -> (Import Result ID: 'e0e8f312b2fe13782c9caa272b2c9c39') in 0.001 seconds [static dependencies only]. Details - ImportResultOutputID=8aeec98806d48c587b06189bc919a668 DependenciesID=32fd957f9eeccda095201a26672be198 StaticDependenciesID=7ff60e0e23b48986f2028c36c5321a4f 
Importing 'GUID: 6e1c8b97ec8aa0464e92506ffe099558 - Path: Packages/com.unity.modules.terrain' with importer (DefaultImporter)
Imported 'GUID: 6e1c8b97ec8aa0464e92506ffe099558' -> (Import Result ID: 'e2b6838e2ec31f4ed09302d8afc94b5d') in 0.001 seconds [static dependencies only]. Details - ImportResultOutputID=81f0943dd12638364c9481b7c44326f7 DependenciesID=86c234645905e553a0c1d2c0171e06cb StaticDependenciesID=dfd1b763e9befbb4d593a41aecf32557 
Importing 'GUID: 6f1c7ebc8ac78cb951be24c238cbd3ba - Path: Packages/com.unity.modules.unitywebrequesttexture' with importer (DefaultImporter)
Imported 'GUID: 6f1c7ebc8ac78cb951be24c238cbd3ba' -> (Import Result ID: 'dc5a6902bac92eaeb7da79a7ee7c0445') in 0.001 seconds [static dependencies only]. Details - ImportResultOutputID=f756e1201c1cee903471ba41f17534ce DependenciesID=9c3425c6cf7e4c1387cd8661023d2522 StaticDependenciesID=baf7643e8208e171f7d2f4245768752b 
Importing 'GUID: 72aad6ae0dafb492cbf852432441bb38 - Path: Packages/com.unity.multiplayer.center/Editor' with importer (DefaultImporter)
Imported 'GUID: 72aad6ae0dafb492cbf852432441bb38' -> (Import Result ID: 'd544db8e635d7b45b55c750ef4a1709d') in 0.001 seconds [static dependencies only]. Details - ImportResultOutputID=fd813adfe6f53e0e5a3fd1bde50dd9b3 DependenciesID=bda332fa8d13046d94ce23fbe4e373fe StaticDependenciesID=2e5ad470682bc241fa1aea1ca4f583a5 
Importing 'GUID: f247964bd405431fbd31840f97bef608 - Path: Packages/com.unity.multiplayer.center/Common' with importer (DefaultImporter)
Imported 'GUID: f247964bd405431fbd31840f97bef608' -> (Import Result ID: '109c822527fb283013d9061a8493a91d') in 0.002 seconds [static dependencies only]. Details - ImportResultOutputID=758923f3b917a744e934a49667168e4f DependenciesID=bd38b39f570e1522dd16e75ac8e0cc4e StaticDependenciesID=ffea94c4ea4c461cb0813b37eb337d4c 
Importing 'GUID: baf75c9d3de4941df9ee5f3dd1d3bc34 - Path: Packages/com.unity.multiplayer.center/Tests' with importer (DefaultImporter)
Imported 'GUID: baf75c9d3de4941df9ee5f3dd1d3bc34' -> (Import Result ID: 'a4508947fb65bf2a108807c970601f09') in 0.001 seconds [static dependencies only]. Details - ImportResultOutputID=472be40ede228cb93594a902416e88d6 DependenciesID=bccfaf786bfd27efe69476880f4fff0a StaticDependenciesID=a53a72b999cd3da2d73e422a72b6bc28 
Importing 'GUID: 21f32d2f4add49b3b11fadb6889a2156 - Path: Packages/com.unity.multiplayer.center/Editor/Analytics' with importer (DefaultImporter)
Imported 'GUID: 21f32d2f4add49b3b11fadb6889a2156' -> (Import Result ID: 'a77d95b141ede6a5414a9e2eddbadace') in 0.001 seconds [static dependencies only]. Details - ImportResultOutputID=7627045f4445b3bccda132ac184a65c4 DependenciesID=b914b512b239e5cc4658c8f67a171ad6 StaticDependenciesID=91df97da6beb6f55a84b3dae8cae5ffd 
Importing 'GUID: 22d3dbf8d488d49d2b1130d698010dee - Path: Packages/com.unity.multiplayer.center/Editor/Features' with importer (DefaultImporter)
Imported 'GUID: 22d3dbf8d488d49d2b1130d698010dee' -> (Import Result ID: '8f2a6acf8bd149afa0ff4a220df80e81') in 0.001 seconds [static dependencies only]. Details - ImportResultOutputID=fb074caa7d2abd29e270db3a9b71e3a9 DependenciesID=ba5e61c294467286e03f6ea9a7246714 StaticDependenciesID=c18103a73fe9079eeb1f700f43a6d5b2 
Importing 'GUID: 96c71b811fa50403690b154e216fe217 - Path: Packages/com.unity.multiplayer.center/Tests/Editor' with importer (DefaultImporter)
Imported 'GUID: 96c71b811fa50403690b154e216fe217' -> (Import Result ID: '14ac7904047ddd2cfbfdf1651649cfdf') in 0.001 seconds [static dependencies only]. Details - ImportResultOutputID=c9c8f2de7834bb2ffb0da4bb4f2955fa DependenciesID=6bcb6dd62fb9a72a8f4df030dfea25dc StaticDependenciesID=b03f0c3af7ff39d2dea96f113c952c6d 
Importing 'GUID: 1726448925bf4bd1af6ca883bae8ff3f - Path: Packages/com.unity.multiplayer.center/Editor/OnBoarding' with importer (DefaultImporter)
Imported 'GUID: 1726448925bf4bd1af6ca883bae8ff3f' -> (Import Result ID: '18163f018dea809ea51f345717b65aa2') in 0.001 seconds [static dependencies only]. Details - ImportResultOutputID=14950a62abf6548e54801ab788e1f49c DependenciesID=d0590ceb4857f99b30a1f301ee701372 StaticDependenciesID=e3d00d36fdf0be4c57a0e78a8650ae47 
Importing 'GUID: 97646f506bf040e9bd4568124c8b425e - Path: Packages/com.unity.multiplayer.center/Editor/Recommendations' with importer (DefaultImporter)
Imported 'GUID: 97646f506bf040e9bd4568124c8b425e' -> (Import Result ID: 'cc248bd01438e442e9b8f5146f177bb0') in 0.001 seconds [static dependencies only]. Details - ImportResultOutputID=56d8246ba8918c014e8884d34d60ce31 DependenciesID=92925428a0398750964272fed67fd056 StaticDependenciesID=c9e57a3d54cd35ff5ecb38a752f6c0ce 
Importing 'GUID: a7f089ed51c2345ffb7ac0bc3562453f - Path: Packages/com.unity.multiplayer.center/Editor/Questionnaire' with importer (DefaultImporter)
Imported 'GUID: a7f089ed51c2345ffb7ac0bc3562453f' -> (Import Result ID: '0b1a1139265754ccc16fbd866ddae770') in 0.001 seconds [static dependencies only]. Details - ImportResultOutputID=961ee9ffe5dc2d5b9b5d9f6c51e99710 DependenciesID=4a5feade6cc74bd66ea11eaf1bfd50a8 StaticDependenciesID=8758ac2ff21b659dacf635dafd267164 
Importing 'GUID: 7a7dcde6448847648629a13d746ce966 - Path: Packages/com.unity.multiplayer.center/Editor/MultiplayerCenterWindow' with importer (DefaultImporter)
Imported 'GUID: 7a7dcde6448847648629a13d746ce966' -> (Import Result ID: '98d6fd46b98428ec34e67aaadecfbc6c') in 0.001 seconds [static dependencies only]. Details - ImportResultOutputID=f055dd0afc5a900e3f0e5d75be0487c5 DependenciesID=814fecef7b81af7f651ae388265aa55d StaticDependenciesID=28cd004e7ab0081fe5892fea98e65fbf 
Importing 'GUID: 8e4d240cf158245a9945c4df01d83bc1 - Path: Packages/com.unity.multiplayer.center/Tests/Runtime' with importer (DefaultImporter)
Imported 'GUID: 8e4d240cf158245a9945c4df01d83bc1' -> (Import Result ID: 'c26908bd6f3348bd96d3a1aa86f92e90') in 0.001 seconds [static dependencies only]. Details - ImportResultOutputID=8d471bf8668065aa423a9a6138166117 DependenciesID=57ae9c80888174121ff54d12b032787b StaticDependenciesID=9754452aef8d924eb569d1ea3f5a9074 
Importing 'GUID: 9bd34ec3fe8f4aed936c3a0cf2f32e56 - Path: Packages/com.unity.multiplayer.center/Editor/MultiplayerCenterWindow/UI' with importer (DefaultImporter)
Imported 'GUID: 9bd34ec3fe8f4aed936c3a0cf2f32e56' -> (Import Result ID: '12802fda37706c0e2a26dfd050555474') in 0.001 seconds [static dependencies only]. Details - ImportResultOutputID=ccc1a09d4a030f52c953d2f3937aac55 DependenciesID=edd3d46d24ac0b48686a6331d44ba3ed StaticDependenciesID=118c9915218bd0cdd9cea484a34a1c77 
Importing 'GUID: 34a09eb4d6e8d44989194a25525c5147 - Path: Packages/com.unity.multiplayer.center/Editor/MultiplayerCenterWindow/UI/Icons' with importer (DefaultImporter)
Imported 'GUID: 34a09eb4d6e8d44989194a25525c5147' -> (Import Result ID: '4497b0f944c6387a72be21d4dbdd613c') in 0.001 seconds [static dependencies only]. Details - ImportResultOutputID=09fc5dce3344b58f3587b00bf4b13d7d DependenciesID=27cb1beb948d38490010ecdc74c4f083 StaticDependenciesID=b54ef10dcdbf9713e68405bc9a24b45a 
Importing 'GUID: eab7f42d361b483aaa760c5909002312 - Path: Packages/com.unity.multiplayer.center/Editor/MultiplayerCenterWindow/UI/RecommendationView' with importer (DefaultImporter)
Imported 'GUID: eab7f42d361b483aaa760c5909002312' -> (Import Result ID: '0085aaed1f64d854252dc470bde24ca5') in 0.001 seconds [static dependencies only]. Details - ImportResultOutputID=378cb1e8c5b18b814304dca778da9b61 DependenciesID=f43d09e2a49a84ffca6b90eb1526d3a1 StaticDependenciesID=5f479f26982f2640c26d8560c7c132a1 
Importing 'GUID: 84abd2ab34a74600a33a3bb9d72859fe - Path: Packages/com.unity.multiplayer.center/Common/Unity.Multiplayer.Center.Common.asmdef' with importer (AssemblyDefinitionImporter)
Imported 'GUID: 84abd2ab34a74600a33a3bb9d72859fe' -> (Import Result ID: 'f89618a79a93a73a49d308209c4c25b9') in 0.001 seconds [static dependencies only]. Details - ImportResultOutputID=ac464dd06d5a61d0a978410378529929 DependenciesID=af696ac2b963465e752aa7759edd3606 StaticDependenciesID=c8e2c5d4ebab5c3329cf298460da67c5 
Importing 'GUID: 2664430aff4254d79887d32c3fc1e221 - Path: Packages/com.unity.multiplayer.center/Tests/Runtime/Unity.Multiplayer.Center.Tests.asmdef' with importer (AssemblyDefinitionImporter)
Imported 'GUID: 2664430aff4254d79887d32c3fc1e221' -> (Import Result ID: 'a11eedb1d3b3e4096fe2710093e7cf88') in 0.002 seconds [static dependencies only]. Details - ImportResultOutputID=95a86e32d35475cb5d001317bedd07f9 DependenciesID=de1ba7a375ac689391697901c16b4616 StaticDependenciesID=9befd1f6202b62f76859bc688011f0f8 
Importing 'GUID: 787ec048daec145b580d1134da5dd278 - Path: Packages/com.unity.multiplayer.center/Tests/Editor/Unity.Multiplayer.Center.Editor.Tests.asmdef' with importer (AssemblyDefinitionImporter)
Imported 'GUID: 787ec048daec145b580d1134da5dd278' -> (Import Result ID: 'bbe717dc8d533b7470f24301b5cc9c42') in 0.001 seconds [static dependencies only]. Details - ImportResultOutputID=5633ff3ec6bb0acbf28d7a77a2b8f7bf DependenciesID=bc5d900284f0df0231a3b606e0193b1d StaticDependenciesID=4255616505a6c5bd1c7ac30b4332d8b4 
Importing 'GUID: be17709716f1648caa5de6d0c38103ed - Path: Packages/com.unity.multiplayer.center/Editor/Unity.Multiplayer.Center.Editor.asmdef' with importer (AssemblyDefinitionImporter)
Imported 'GUID: be17709716f1648caa5de6d0c38103ed' -> (Import Result ID: '0948e38ad23ca75da83bd15011262fd8') in 0.001 seconds [static dependencies only]. Details - ImportResultOutputID=10fe3792e6d1c78b2e7ea8dd1292fc3b DependenciesID=539fe8f05cbb283f3d3ab470ef0bef6d StaticDependenciesID=85f90e9d9ed2135368d3728f28639b9e 
Importing 'GUID: 51fa60bb2bd1e5bc74e8cc95a7bfd5b7 - Path: Packages/com.unity.modules.ui/package.ModuleCompilationTrigger' with importer (DefaultImporter)
Imported 'GUID: 51fa60bb2bd1e5bc74e8cc95a7bfd5b7' -> (Import Result ID: 'be512cbaf64ea92a8c61a9860d5593e0') in 0.023 seconds [static dependencies only]. Details - ImportResultOutputID=97b097896283fafd162f5103b6da9350 DependenciesID=e379836f04c341386ee5af5817637ee4 StaticDependenciesID=c2aff6c152a6da981347289118cef558 
Importing 'GUID: 71136fc5cf34f2cc10be0e33c0b08019 - Path: Packages/com.unity.modules.unityanalytics/package.ModuleCompilationTrigger' with importer (DefaultImporter)
Imported 'GUID: 71136fc5cf34f2cc10be0e33c0b08019' -> (Import Result ID: '4f553d0c7846bb8488f1e47c7cc378ed') in 0.001 seconds [static dependencies only]. Details - ImportResultOutputID=aad00463857b0f3e239972e5a10e3f79 DependenciesID=6ac68746640fd51569a9c6747167e4b7 StaticDependenciesID=0a465c3a9c3618e9383ffbc63a09a41f 
Importing 'GUID: a1c42005fe7c5d78585a77ce396a5eea - Path: Packages/com.unity.modules.tilemap/package.ModuleCompilationTrigger' with importer (DefaultImporter)
Imported 'GUID: a1c42005fe7c5d78585a77ce396a5eea' -> (Import Result ID: '2f3b857d1b663667ca17da0ecdb9c8a1') in 0.001 seconds [static dependencies only]. Details - ImportResultOutputID=7c7d529048f5d74f6d499dae097a185f DependenciesID=b23b0d0112b94f64697303ce5948ec1a StaticDependenciesID=767d5c519e1f9c2aac9148aeb04fb657 
Importing 'GUID: d104359075a97392b803d3d5aebc77f7 - Path: Packages/com.unity.modules.hierarchycore/package.ModuleCompilationTrigger' with importer (DefaultImporter)
Imported 'GUID: d104359075a97392b803d3d5aebc77f7' -> (Import Result ID: '1104453536185676bc1678445bc2e5c2') in 0.000 seconds [static dependencies only]. Details - ImportResultOutputID=8ec3343e917ef007d455acfe45d3ee72 DependenciesID=11cd1d869703a14821f66523d31d6e31 StaticDependenciesID=9506762e0ca75dd852ab6d602f96658b 
Importing 'GUID: 222fc39b0c85d800342910da2cd64781 - Path: Packages/com.unity.modules.assetbundle/package.ModuleCompilationTrigger' with importer (DefaultImporter)
Imported 'GUID: 222fc39b0c85d800342910da2cd64781' -> (Import Result ID: 'dd36a5e01c8079a36a8e076f32ac9a85') in 0.000 seconds [static dependencies only]. Details - ImportResultOutputID=a4749f3da6b6adf8eaabf6e5477b2b7c DependenciesID=e7aef5b454539e843aea21afca7a9562 StaticDependenciesID=bf0185bce9c4f64f5de1111522b962c3 
Importing 'GUID: d2ec2d1228c8e67cdd913cb5609176a2 - Path: Packages/com.unity.modules.unitywebrequest/package.ModuleCompilationTrigger' with importer (DefaultImporter)
Imported 'GUID: d2ec2d1228c8e67cdd913cb5609176a2' -> (Import Result ID: 'cbae085591e1311e0426e2d013a8e2fc') in 0.001 seconds [static dependencies only]. Details - ImportResultOutputID=37747859ed12efda2a92d3d840e79b06 DependenciesID=91663d755e88c5ca08eaa9b698d477e1 StaticDependenciesID=f00cc25d0cb3d54a323605ed0b875d57 
Importing 'GUID: e2d09a26ce46dc617b54e49a534ace20 - Path: Packages/com.unity.modules.ai/package.ModuleCompilationTrigger' with importer (DefaultImporter)
Imported 'GUID: e2d09a26ce46dc617b54e49a534ace20' -> (Import Result ID: '5eb05f86d588fcb4411bf5d4cdb8633c') in 0.000 seconds [static dependencies only]. Details - ImportResultOutputID=01c973ad27769bdd61dcc3de2d8629ac DependenciesID=adc271351f3fc2b40d78b63d80ce5298 StaticDependenciesID=928a9e6f7cd68cf5304459597cf575cb 
Importing 'GUID: 23032f4383e95e772bce465c5896d0fd - Path: Packages/com.unity.modules.terrain/package.ModuleCompilationTrigger' with importer (DefaultImporter)
Imported 'GUID: 23032f4383e95e772bce465c5896d0fd' -> (Import Result ID: '14aae7ef45df2c6f8212b61023a52b4d') in 0.000 seconds [static dependencies only]. Details - ImportResultOutputID=43caf76539e87b0b5e506fce22b32e8c DependenciesID=f8228da4343e8fb110c89248206a7802 StaticDependenciesID=76c4c61aef8242e7484164b19d474b05 
Importing 'GUID: 830a36a23cf3ab1e61fa47940a6dc35e - Path: Packages/com.unity.modules.imageconversion/package.ModuleCompilationTrigger' with importer (DefaultImporter)
Imported 'GUID: 830a36a23cf3ab1e61fa47940a6dc35e' -> (Import Result ID: 'a49f3e2b08ded35f46967b1fd01ec880') in 0.000 seconds [static dependencies only]. Details - ImportResultOutputID=1312c79305670b6aa3bce9ff3efd03b9 DependenciesID=0d87bfc0d9d3dcf3dbb4416dbe071d2e StaticDependenciesID=56f9209b404ef1062f2d5b5c6a7566ff 
Importing 'GUID: a31a332ce3485f00f7df8d987302a29c - Path: Packages/com.unity.modules.unitywebrequesttexture/package.ModuleCompilationTrigger' with importer (DefaultImporter)
Imported 'GUID: a31a332ce3485f00f7df8d987302a29c' -> (Import Result ID: 'fc94c7b147a6b5694eda1349b0d7aabd') in 0.000 seconds [static dependencies only]. Details - ImportResultOutputID=54d1731c77f760b5355a2b1bfa92527b DependenciesID=5571910980b4cae5029e5ab40e2bcd2d StaticDependenciesID=6e49c3a187320488020f3989f8d20238 
Importing 'GUID: 042dc296246916648e55a43d0eeb2036 - Path: Packages/com.unity.modules.audio/package.ModuleCompilationTrigger' with importer (DefaultImporter)
Imported 'GUID: 042dc296246916648e55a43d0eeb2036' -> (Import Result ID: 'c4a0e5bbce453acc33a8bf9c7f8fd969') in 0.000 seconds [static dependencies only]. Details - ImportResultOutputID=ab0921e937c1d9c2d7fbdebe7091d6c2 DependenciesID=2fbfc3637758b4b1afbb879176065fd9 StaticDependenciesID=efa0e9a04fa05cb3d50f46a551bc8be8 
Importing 'GUID: 14e86f88e9a8c9c448d7e7df92f2aeec - Path: Packages/com.unity.modules.physicscore2d/package.ModuleCompilationTrigger' with importer (DefaultImporter)
Imported 'GUID: 14e86f88e9a8c9c448d7e7df92f2aeec' -> (Import Result ID: '286d0aaeea317716b6b387abae91239e') in 0.000 seconds [static dependencies only]. Details - ImportResultOutputID=94d25b776bc28f679880cb17bd31ec6c DependenciesID=1e2365107784a1b2d2eb507bd4923ea0 StaticDependenciesID=488aedf750fe121a67026d15356ece4f 
Importing 'GUID: 553737203d61a8109f9544a97201e1aa - Path: Packages/com.unity.modules.unitywebrequestaudio/package.ModuleCompilationTrigger' with importer (DefaultImporter)
Imported 'GUID: 553737203d61a8109f9544a97201e1aa' -> (Import Result ID: 'e6baa8215c97ef304366679935990995') in 0.000 seconds [static dependencies only]. Details - ImportResultOutputID=ab514c5cded186b91986c4c830fcf71c DependenciesID=e12ad54e4c4bfce446617e5e5004ec3d StaticDependenciesID=c4320a1c96db5a5f3ca135be31fdc3d7 
Importing 'GUID: e5c46c19ce0ce2e0103aa6f82df1043a - Path: Packages/com.unity.modules.vehicles/package.ModuleCompilationTrigger' with importer (DefaultImporter)
Imported 'GUID: e5c46c19ce0ce2e0103aa6f82df1043a' -> (Import Result ID: '4a095abfe18c178a6f1731a0aefa07f8') in 0.000 seconds [static dependencies only]. Details - ImportResultOutputID=7ed92368dde83c4f4274e94d1167c911 DependenciesID=b498a6771ad063decc4b2d9bca33701e StaticDependenciesID=90796e33c5799e26f385c4e10590db07 
Importing 'GUID: 7610600f5c83e01041a6fe849d39279f - Path: Packages/com.unity.modules.unitywebrequestassetbundle/package.ModuleCompilationTrigger' with importer (DefaultImporter)
Imported 'GUID: 7610600f5c83e01041a6fe849d39279f' -> (Import Result ID: '2ea50db261b98f391b66c8e2e2c09118') in 0.000 seconds [static dependencies only]. Details - ImportResultOutputID=8003247251fb87c113fccdf168b06d46 DependenciesID=ac0e2bdb486634d4b85bb1a604b63dc5 StaticDependenciesID=32f59c7b9032968cc025840700eddeb8 
Importing 'GUID: e6a135e3ea9cb46795d1b0e05ac3e1e5 - Path: Packages/com.unity.modules.jsonserialize/package.ModuleCompilationTrigger' with importer (DefaultImporter)
Imported 'GUID: e6a135e3ea9cb46795d1b0e05ac3e1e5' -> (Import Result ID: '1c57b55bcd4c8c6362ce51c0ebd7a821') in 0.000 seconds [static dependencies only]. Details - ImportResultOutputID=16fe18d7d4fb3289b89d1d866fdd26db DependenciesID=252a3b2725279cfc46d526136c580f21 StaticDependenciesID=0739be11007ee94595e2bc82ea98c6c4 
Importing 'GUID: f62135e79edb837b2d2ee3c524da864c - Path: Packages/com.unity.modules.video/package.ModuleCompilationTrigger' with importer (DefaultImporter)
Imported 'GUID: f62135e79edb837b2d2ee3c524da864c' -> (Import Result ID: '1872df6bc4628bb1a9ca29144f14611e') in 0.000 seconds [static dependencies only]. Details - ImportResultOutputID=f343425462c7ecc24009b61dff957b85 DependenciesID=abff74b8822e33abc9192cbad1ed91f1 StaticDependenciesID=e582a27c3a6fe23d6752fceeabe989f3 
Importing 'GUID: 17f093324b67f5bd57e55b546736750e - Path: Packages/com.unity.modules.particlesystem/package.ModuleCompilationTrigger' with importer (DefaultImporter)
Imported 'GUID: 17f093324b67f5bd57e55b546736750e' -> (Import Result ID: '6ff179a8a8c272aadee9696a75f4aebd') in 0.000 seconds [static dependencies only]. Details - ImportResultOutputID=0355b1352b2efc29f8c3d4c7ae63c7f1 DependenciesID=b614594b4860a97264debb13b5bea861 StaticDependenciesID=06ca6bb0312a01a92b0f116ae2bb5399 
Importing 'GUID: 4745d06d5a7ca576dcf9e5e67b417652 - Path: Packages/com.unity.modules.accessibility/package.ModuleCompilationTrigger' with importer (DefaultImporter)
Imported 'GUID: 4745d06d5a7ca576dcf9e5e67b417652' -> (Import Result ID: 'ed114151f06ade2551c6ef7d7e6b24b4') in 0.000 seconds [static dependencies only]. Details - ImportResultOutputID=532470ed0227c311b25c8c9e8ba79400 DependenciesID=59b38450ae3fc42412aae87c518b138e StaticDependenciesID=ba6a0791359df9525e03c096d26794d0 
Importing 'GUID: c7a8b0317f4e68556d7509828e9e211e - Path: Packages/com.unity.modules.xr/package.ModuleCompilationTrigger' with importer (DefaultImporter)
Imported 'GUID: c7a8b0317f4e68556d7509828e9e211e' -> (Import Result ID: '18c4edf952690bd95819244c11174a4d') in 0.000 seconds [static dependencies only]. Details - ImportResultOutputID=ae1b559a8646648d57c418658f22c1c3 DependenciesID=4e3e720b9d999aafecadb0f17c83e4a6 StaticDependenciesID=d031c78d05fe025f26315ce7900c9528 
Importing 'GUID: 082fbee38a82835433261a5e9c00e267 - Path: Packages/com.unity.modules.cloth/package.ModuleCompilationTrigger' with importer (DefaultImporter)
Imported 'GUID: 082fbee38a82835433261a5e9c00e267' -> (Import Result ID: 'bf1434c66533fc5ed20a95906c66351f') in 0.000 seconds [static dependencies only]. Details - ImportResultOutputID=4484322f1fd307127a580e9b17cedb30 DependenciesID=8ccefc550c79be7e16adf9d77ba5ddac StaticDependenciesID=6d0aacacd4e61cc36d0d9a05bdb20f7a 
Importing 'GUID: c82e859b16636ddd2ca4a1f63fd34938 - Path: Packages/com.unity.modules.androidjni/package.ModuleCompilationTrigger' with importer (DefaultImporter)
Imported 'GUID: c82e859b16636ddd2ca4a1f63fd34938' -> (Import Result ID: '96146a3272911c0c26faaa2f409eda38') in 0.000 seconds [static dependencies only]. Details - ImportResultOutputID=6a7f1eafcdb81a627586a74a505019b9 DependenciesID=52a090cc866c15018523ed746bf8807c StaticDependenciesID=ed6a528eff5f65055b00bedf58455228 
Importing 'GUID: c88e90bad18cceb5d182d0c805883056 - Path: Packages/com.unity.modules.director/package.ModuleCompilationTrigger' with importer (DefaultImporter)
Imported 'GUID: c88e90bad18cceb5d182d0c805883056' -> (Import Result ID: '88b56db61470ef8e5dee2598c8965f76') in 0.000 seconds [static dependencies only]. Details - ImportResultOutputID=5d286ef98cbac13e3d0e345aac901e4f DependenciesID=9fe04e6b981ac1886c519cc8508a5f5d StaticDependenciesID=34683c221800bed4b46509fdcd989f77 
Importing 'GUID: 1af35a910338381f753e8a985eb5daab - Path: Packages/com.unity.modules.adaptiveperformance/package.ModuleCompilationTrigger' with importer (DefaultImporter)
Imported 'GUID: 1af35a910338381f753e8a985eb5daab' -> (Import Result ID: '9d77377b2ec4e5d7ef14ed96e71fd63f') in 0.000 seconds [static dependencies only]. Details - ImportResultOutputID=949634ab36822f8ff6168fc8c25e1508 DependenciesID=229478d50bbba89d789649f693e68d89 StaticDependenciesID=b397d2b2d895f0686fbfe743749e652c 
Importing 'GUID: 2adec19fac7df68adf1fd6eb83197bb1 - Path: Packages/com.unity.modules.wind/package.ModuleCompilationTrigger' with importer (DefaultImporter)
Imported 'GUID: 2adec19fac7df68adf1fd6eb83197bb1' -> (Import Result ID: 'ccb5a51e42d25834969bc58f31c78812') in 0.000 seconds [static dependencies only]. Details - ImportResultOutputID=d94addc5fcd1dcd16d8a4aeff6e7315b DependenciesID=0b0bb029c12bc475b21befd144074eaf StaticDependenciesID=23ec4a64c7d5359b2f1c01ca01b0ee26 
Importing 'GUID: 8a752aaaadd2410dd9a84e01c1bace9f - Path: Packages/com.unity.modules.uielements/package.ModuleCompilationTrigger' with importer (DefaultImporter)
Imported 'GUID: 8a752aaaadd2410dd9a84e01c1bace9f' -> (Import Result ID: '9bbe79e6be23cf294a7e85a44717cd80') in 0.000 seconds [static dependencies only]. Details - ImportResultOutputID=f40b7d6a35d44b9d0813e881de9232d1 DependenciesID=75395805abf87b79b2479c000ddf866e StaticDependenciesID=dbfa668ffe7162da8bf99b5a155dcc22 
Importing 'GUID: 1b6246f2248883964991eac9e9b4817c - Path: Packages/com.unity.modules.umbra/package.ModuleCompilationTrigger' with importer (DefaultImporter)
Imported 'GUID: 1b6246f2248883964991eac9e9b4817c' -> (Import Result ID: '1fbaaab7c048f66010e34ddc1e69da1c') in 0.000 seconds [static dependencies only]. Details - ImportResultOutputID=007489b112d859d85ac111b51d2b96fd DependenciesID=03d8b6a5c0db90643ba251d3e7cbda0c StaticDependenciesID=4e6b9455dafa283cce58ae6ee8c0336c 
Importing 'GUID: cbb1a39d56ce4d9ac1a46ac505893fa7 - Path: Packages/com.unity.modules.terrainphysics/package.ModuleCompilationTrigger' with importer (DefaultImporter)
Imported 'GUID: cbb1a39d56ce4d9ac1a46ac505893fa7' -> (Import Result ID: 'e4f8a719d295c973f444c208f033cc38') in 0.000 seconds [static dependencies only]. Details - ImportResultOutputID=62cb9b240430335886efec9a08c66b57 DependenciesID=26627dc5fd7796c54cda83e17d601b53 StaticDependenciesID=5d175a533cd45da54a77351c373ccd17 
Importing 'GUID: db8e609a39b9b231fccc54e5fa4cbd1b - Path: Packages/com.unity.modules.animation/package.ModuleCompilationTrigger' with importer (DefaultImporter)
Imported 'GUID: db8e609a39b9b231fccc54e5fa4cbd1b' -> (Import Result ID: '1f5a4eb4c1bea2765a464e96476b9256') in 0.000 seconds [static dependencies only]. Details - ImportResultOutputID=288139cac869a1d040c89eaede133db4 DependenciesID=6a55271c2f8d6d1262fc99195f90c42b StaticDependenciesID=804c219e7325b6dbb8b72b358085a67b 
Importing 'GUID: 3cc1ebf2abb7fef6871ad48f499b6e21 - Path: Packages/com.unity.modules.vectorgraphics/package.ModuleCompilationTrigger' with importer (DefaultImporter)
Imported 'GUID: 3cc1ebf2abb7fef6871ad48f499b6e21' -> (Import Result ID: 'b692cc1bf42e93a6ba38bba605214b24') in 0.000 seconds [static dependencies only]. Details - ImportResultOutputID=a4c87958b226c4f900fbf4d18311cf6f DependenciesID=289c5a2805f5f3bd17f141d224ff3676 StaticDependenciesID=bcf2ae8a18bda4671185beb022fb4c8e 
Importing 'GUID: 5c1ee4056d0ac7ad3c5a16597fcaa38a - Path: Packages/com.unity.modules.physics/package.ModuleCompilationTrigger' with importer (DefaultImporter)
Imported 'GUID: 5c1ee4056d0ac7ad3c5a16597fcaa38a' -> (Import Result ID: 'da10249b72ef1938ae2817246359febc') in 0.000 seconds [static dependencies only]. Details - ImportResultOutputID=47c1ddfb4cd3ec43bc350d5b06504d59 DependenciesID=c1fdb786cfa5b8cd2458adb570b7e483 StaticDependenciesID=def7f60ed94eb1e3bf949e7a24d98b09 
Importing 'GUID: 8d4bc6bfa28760b29f13174d6b6ea710 - Path: Packages/com.unity.modules.subsystems/package.ModuleCompilationTrigger' with importer (DefaultImporter)
Imported 'GUID: 8d4bc6bfa28760b29f13174d6b6ea710' -> (Import Result ID: '9699ec2b1869b12b46d89bf5cdd7c9c4') in 0.000 seconds [static dependencies only]. Details - ImportResultOutputID=498ca2a2c24aa041ab5e98f608209a1b DependenciesID=f6fb4a8c9451e7fc50666daaaa63fcac StaticDependenciesID=b94d73de3d2db39dc94b181f5013b60b 
Importing 'GUID: cd561f5f687aed43bf280c27a84f79e3 - Path: Packages/com.unity.modules.screencapture/package.ModuleCompilationTrigger' with importer (DefaultImporter)
Imported 'GUID: cd561f5f687aed43bf280c27a84f79e3' -> (Import Result ID: 'fe6c3609632574e772751b1a1470e3ae') in 0.000 seconds [static dependencies only]. Details - ImportResultOutputID=3eb1964e8afbff2c421e099475927610 DependenciesID=187000d91108dd5733c47a4017161fe8 StaticDependenciesID=81108190fb4b408fcb20c546a76134da 
Importing 'GUID: ae87256f29d9c8b50490f4caf75b2c41 - Path: Packages/com.unity.modules.unitywebrequestwww/package.ModuleCompilationTrigger' with importer (DefaultImporter)
Imported 'GUID: ae87256f29d9c8b50490f4caf75b2c41' -> (Import Result ID: '48deca1ca5e5806fd98cb116530c8138') in 0.000 seconds [static dependencies only]. Details - ImportResultOutputID=79dda7a6ac07c59209ba94225ee33d24 DependenciesID=79391c27a28a0c4027778dc79f8b3d56 StaticDependenciesID=7dac5f7f16a9ff2c212f9c3517f83288 
Importing 'GUID: be13c398521e3c1ad21fb9da30ab2ab6 - Path: Packages/com.unity.modules.imgui/package.ModuleCompilationTrigger' with importer (DefaultImporter)
Imported 'GUID: be13c398521e3c1ad21fb9da30ab2ab6' -> (Import Result ID: '4bfb181c21f30d7fa0736cd84007b874') in 0.000 seconds [static dependencies only]. Details - ImportResultOutputID=68bbcc9e8372c6860b60d924cb4f595c DependenciesID=4bcf2bcb999c4f466f4fa1d587744998 StaticDependenciesID=b10ae4bbcc2865380adf6542439aaca3 
Importing 'GUID: fe6a6957b37b61417b457a1e0541791d - Path: Packages/com.unity.modules.physics2d/package.ModuleCompilationTrigger' with importer (DefaultImporter)
Imported 'GUID: fe6a6957b37b61417b457a1e0541791d' -> (Import Result ID: 'a0cc2b0b2fa3e4916c65d2e9c3d41a37') in 0.000 seconds [static dependencies only]. Details - ImportResultOutputID=007ff8c01aa675f4b695ba99a36210ad DependenciesID=0b3ab5f8d1990e5a76f706e63a612bc9 StaticDependenciesID=bf5244ee0a65aa31c2655bbde014baac 
Native extension for UWP target not found
Native extension for WindowsStandalone target not found
Native extension for WebGL target not found
ScheduleIndexationOnStartup MainProcess:True IndexOnStartup:True
Mono: successfully reloaded assembly
- Finished resetting the current domain, in  0.384 seconds
Domain Reload Profiling: 685ms
	BeginReloadAssembly (174ms)
		DisableScriptedObjects (24ms)
		CreateAndSetChildDomain (38ms)
	RebuildCommonClasses (6ms)
	RebuildNativeTypeToScriptingClass (13ms)
	initialDomainReloadingComplete (27ms)
	LoadAllAssembliesAndSetupDomain (79ms)
		LoadAssemblies (79ms)
		AnalyzeDomain (8ms)
			TypeCache.Refresh (5ms)
	FinalizeReload (386ms)
		SetupLoadedEditorAssemblies (0ms)
			InitializePlatformSupportModulesInManaged (9ms)
			BeforeProcessingInitializeOnLoad (61ms)
			ProcessInitializeOnLoadAttributes (134ms)
			ProcessInitializeOnLoadMethodAttributes (54ms)
			AfterProcessingInitializeOnLoad (5ms)
		AwakeInstancesAfterBackupRestoration (19ms)
Importing 'GUID: 00000000000000005000000000000000 - Path: Library/BuildPlayer.prefs' with importer (DefaultImporter)
Imported 'GUID: 00000000000000005000000000000000' -> (Import Result ID: '968deb36040bbb7258278f93cba63355') in 0.005 seconds [static dependencies only]. Details - ImportResultOutputID=1f9c19b30680da8dab47159f77a4e657 DependenciesID=08a1ec4b674aa66bb1ce753815d843ed StaticDependenciesID=d072ca1f0d6ee50a54e7e140cc588a10 
Importing 'GUID: a659150180ae3489ba41c71780ba3779 - Path: Packages/com.unity.multiplayer.center/Editor/Questionnaire/Questionnaire.questionnaire' with importer (DefaultImporter)
Imported 'GUID: a659150180ae3489ba41c71780ba3779' -> (Import Result ID: '580a350bdb2000c81a1c66bb21ce3dca') in 0.002 seconds [static dependencies only]. Details - ImportResultOutputID=d0013f3317022cee9d3e980e4260305c DependenciesID=785b553c754ad2f94817dbb8497fd5d3 StaticDependenciesID=1519a49eb17d574aabfa41609b605604 
Importing 'GUID: b66d076cdcfe3b14388de66307a0e7ff - Path: Packages/com.unity.multiplayer.center/Editor/Recommendations/RecommendationData_6000.0.recommendations' with importer (DefaultImporter)
Imported 'GUID: b66d076cdcfe3b14388de66307a0e7ff' -> (Import Result ID: '8199a959a6f41f9e9ba098e3cdd354c0') in 0.003 seconds [static dependencies only]. Details - ImportResultOutputID=c9abb0b20a8e8219707b06aa304df842 DependenciesID=815a25337000caa425885d51a35d1336 StaticDependenciesID=50828c83603ce93f6537cc98faaa9703 
Importing 'GUID: 318df756abab5463e9aa361360784865 - Path: Packages/com.unity.multiplayer.center/Editor/MultiplayerCenterWindow/UI/Icons/d_PackageInstalled@2x.png' with importer (TextureImporter)
Imported 'GUID: 318df756abab5463e9aa361360784865' -> (Import Result ID: '43d8b2e073c39e27bdcb8e1104f142b1') in 0.005 seconds [static and dynamic dependencies]. Details - ImportResultOutputID=c663d759db8691fcf91f725eec9bd598 DependenciesID=125a952a0372e8a00b8ef4b3445f351e StaticDependenciesID=994ddf3ed990fa83a870b19bab9ea288 
Importing 'GUID: 424a8de5def3b46dcb08edd00ad1c7bd - Path: Packages/com.unity.multiplayer.center/Editor/MultiplayerCenterWindow/UI/Icons/Loading.png' with importer (TextureImporter)
Imported 'GUID: 424a8de5def3b46dcb08edd00ad1c7bd' -> (Import Result ID: '080aec4381896cf3656258e1ff1d7de3') in 0.002 seconds [static and dynamic dependencies]. Details - ImportResultOutputID=27749dc62ed5c6b5dcdbfd0122377389 DependenciesID=da18b5302e35ce8002c5bfa5ba5fef3d StaticDependenciesID=e7f8e6e0ca85f50a38335e04082f640c 
Importing 'GUID: 525a6cca8dd9a4d28875a8fe824710d9 - Path: Packages/com.unity.multiplayer.center/Editor/MultiplayerCenterWindow/UI/Icons/d_Package.png' with importer (TextureImporter)
Imported 'GUID: 525a6cca8dd9a4d28875a8fe824710d9' -> (Import Result ID: 'e9491838e3f10511edc8bfb79e5ab3a2') in 0.002 seconds [static and dynamic dependencies]. Details - ImportResultOutputID=90938501d607bf4c04296775c366c000 DependenciesID=34a923043c605a83d375f86f5e2b7424 StaticDependenciesID=553cc11af2f1ff7b408e25c0bb279e58 
Importing 'GUID: a23c0dd570fd44b57a03a8880002fcca - Path: Packages/com.unity.multiplayer.center/Editor/MultiplayerCenterWindow/UI/Icons/CloudCode@2x.png' with importer (TextureImporter)
Imported 'GUID: a23c0dd570fd44b57a03a8880002fcca' -> (Import Result ID: '55d015dc48078655201a0bb84ebe20c1') in 0.002 seconds [static and dynamic dependencies]. Details - ImportResultOutputID=4c21d561b7eda0ba771029a7a289a60a DependenciesID=9458037a08d939bf1612210556f80321 StaticDependenciesID=cd2c565f0bddc8807d22f0d55ee071b9 
Importing 'GUID: b2ce704e56cc84fb3b347499263c6244 - Path: Packages/com.unity.multiplayer.center/Editor/MultiplayerCenterWindow/UI/Icons/ClientHosted.png' with importer (TextureImporter)
Imported 'GUID: b2ce704e56cc84fb3b347499263c6244' -> (Import Result ID: '1dd1e1a563c797ff26d246bdfe7dc31a') in 0.002 seconds [static and dynamic dependencies]. Details - ImportResultOutputID=ffd0246ad0cdb639a781c60ef535f67b DependenciesID=1f5d265af9127a576d62689dcbe972a2 StaticDependenciesID=a5c982f0566f7588ed06ff82e20583d9 
Importing 'GUID: 0354877031b64465ea7e5cafea1a2653 - Path: Packages/com.unity.multiplayer.center/Editor/MultiplayerCenterWindow/UI/Icons/DistributedAuthority@2x.png' with importer (TextureImporter)
Imported 'GUID: 0354877031b64465ea7e5cafea1a2653' -> (Import Result ID: '90a15a55b7886ed2168d8eee2ba09c3c') in 0.002 seconds [static and dynamic dependencies]. Details - ImportResultOutputID=5d00dc6376ab6e44dc791be0360be0cd DependenciesID=35edc040d03950bef72b114a7c21931d StaticDependenciesID=7a26d18c570496633d8416de9c0690d0 
Importing 'GUID: 83b28bcaaf34b4fd580114fb05d9f160 - Path: Packages/com.unity.multiplayer.center/Editor/MultiplayerCenterWindow/UI/Icons/NGO@2x.png' with importer (TextureImporter)
Imported 'GUID: 83b28bcaaf34b4fd580114fb05d9f160' -> (Import Result ID: '2a5a75b921938338ad63088ff0990c1a') in 0.002 seconds [static and dynamic dependencies]. Details - ImportResultOutputID=2cfaafbd070c7053b700b0395f0beada DependenciesID=0605ea7032d06dd33d276214c6aff1d4 StaticDependenciesID=0c80a11316f1711d1708e29f31f0eb0d 
Importing 'GUID: 0423146d9f51c4563a0f2a8200b6cd38 - Path: Packages/com.unity.multiplayer.center/Editor/MultiplayerCenterWindow/UI/Icons/PackageInstalled@2x.png' with importer (TextureImporter)
Imported 'GUID: 0423146d9f51c4563a0f2a8200b6cd38' -> (Import Result ID: '2f5aec0be91eb624ea61a69b00a993a7') in 0.002 seconds [static and dynamic dependencies]. Details - ImportResultOutputID=b57171fb6e4f5425956004cc55d53bca DependenciesID=39e523f0401ecf71f82225e8fb9f369c StaticDependenciesID=0e797135db43cb7741aa130f58e2ca62 
Importing 'GUID: 741761e72e6f24446bd8ba03ea3d0261 - Path: Packages/com.unity.multiplayer.center/Editor/MultiplayerCenterWindow/UI/Icons/d_Questionnaire.png' with importer (TextureImporter)
Imported 'GUID: 741761e72e6f24446bd8ba03ea3d0261' -> (Import Result ID: '74bf22b4b569855b0f788f38ca3e90a1') in 0.002 seconds [static and dynamic dependencies]. Details - ImportResultOutputID=201e7d6a2679fb03ecc90206e282576c DependenciesID=867c5924523e156d8de695f084bd5a34 StaticDependenciesID=91f00ec7e32ded106f570485156ea0ea 
Importing 'GUID: 84e4bbd00035e4671bf14e0380a89001 - Path: Packages/com.unity.multiplayer.center/Editor/MultiplayerCenterWindow/UI/Icons/EmptyViewIcon.png' with importer (TextureImporter)
Imported 'GUID: 84e4bbd00035e4671bf14e0380a89001' -> (Import Result ID: '0238146c6929f096554d17482dc66c94') in 0.004 seconds [static and dynamic dependencies]. Details - ImportResultOutputID=612a1915927fbc98912af565e310136c DependenciesID=c768a4b3dda513351a1b755cd094ddaf StaticDependenciesID=4e8b2bc13a3f2af4e692da90342930d6 
Importing 'GUID: 9431e8221045c4af189b2fa7174b9e9f - Path: Packages/com.unity.multiplayer.center/Editor/MultiplayerCenterWindow/UI/Icons/PackageManager@2x.png' with importer (TextureImporter)
Imported 'GUID: 9431e8221045c4af189b2fa7174b9e9f' -> (Import Result ID: '08d61116d58f1d445a7e5c1487f875b7') in 0.002 seconds [static and dynamic dependencies]. Details - ImportResultOutputID=aeb49cb9f4f9ec8ea12ea2d285937ec7 DependenciesID=43435af6ed5c53ca9061fc6e739330c1 StaticDependenciesID=6aa2e2ba0d15d3a8665f77e7892bb597 
Importing 'GUID: b58a826ca804e4c67bab4283ad5a6102 - Path: Packages/com.unity.multiplayer.center/Editor/MultiplayerCenterWindow/UI/Icons/NoNetcode@2x.png' with importer (TextureImporter)
Imported 'GUID: b58a826ca804e4c67bab4283ad5a6102' -> (Import Result ID: '725e0f77f226ff45b7ff6e3efe61d95d') in 0.002 seconds [static and dynamic dependencies]. Details - ImportResultOutputID=b08ec9b78c030afdfac475ad3ca8b56e DependenciesID=d4cc31c8c928d8ce9f6c8eb9bf79879c StaticDependenciesID=273d7b9c984888e87075ae09e06d38d0 
Importing 'GUID: 4616b2fa4acd1429e931835b80966c2a - Path: Packages/com.unity.multiplayer.center/Editor/MultiplayerCenterWindow/UI/Icons/PackageInstalled.png' with importer (TextureImporter)
Imported 'GUID: 4616b2fa4acd1429e931835b80966c2a' -> (Import Result ID: 'b9a55aea430a9e39285db713f62d8188') in 0.002 seconds [static and dynamic dependencies]. Details - ImportResultOutputID=dc6651f8a934bbbac6fd64588179580c DependenciesID=f4f942bb1b3e33ea772b0e0bd86fd5dd StaticDependenciesID=bfcafe4a94b544a99142edc22ba0680a 
Importing 'GUID: a6fd0c627f5aa48fa81512221e70a11e - Path: Packages/com.unity.multiplayer.center/Editor/MultiplayerCenterWindow/UI/Icons/d_PackageManager@2x.png' with importer (TextureImporter)
Imported 'GUID: a6fd0c627f5aa48fa81512221e70a11e' -> (Import Result ID: '2451c112b9a9ce29d83f12525816d2e7') in 0.002 seconds [static and dynamic dependencies]. Details - ImportResultOutputID=003b5bd30480545f6f5c255914e90e47 DependenciesID=4b71e4020f61c3e7f912996eaa3b71d9 StaticDependenciesID=49339ea4a8bc73fc38f8ff06cc204955 
Importing 'GUID: d63245ece6d8f476c8c7ca24da9937f6 - Path: Packages/com.unity.multiplayer.center/Editor/MultiplayerCenterWindow/UI/Icons/DistributedAuthority.png' with importer (TextureImporter)
Imported 'GUID: d63245ece6d8f476c8c7ca24da9937f6' -> (Import Result ID: '903676faab3f16b9d4b9620e700c6e94') in 0.002 seconds [static and dynamic dependencies]. Details - ImportResultOutputID=a7bec33f226798b0e004f539bced9824 DependenciesID=5ad4b387eaceeee5150d2b19b5693dcf StaticDependenciesID=815615f291ff0b00403c71876b8ae652 
Importing 'GUID: 679f9999c6f8f497e806a2d5d0511879 - Path: Packages/com.unity.multiplayer.center/Editor/MultiplayerCenterWindow/UI/Icons/PackageManager.png' with importer (TextureImporter)
Imported 'GUID: 679f9999c6f8f497e806a2d5d0511879' -> (Import Result ID: 'a7daa5adc8a93d1b29b9e4715d002350') in 0.003 seconds [static and dynamic dependencies]. Details - ImportResultOutputID=e3487fe66c53c07c51130d710bf4dcc4 DependenciesID=ad98944288b204be5fdd2e257d7a4322 StaticDependenciesID=caf791b4607267b5433f22958260ac87 
Importing 'GUID: 77be953cf28de42a4ad8532539fef3f5 - Path: Packages/com.unity.multiplayer.center/Editor/MultiplayerCenterWindow/UI/Icons/d_PackageInstalled.png' with importer (TextureImporter)
Imported 'GUID: 77be953cf28de42a4ad8532539fef3f5' -> (Import Result ID: 'e66d4355d66ce61744de49edd21b28bd') in 0.002 seconds [static and dynamic dependencies]. Details - ImportResultOutputID=7f54b42ee699e390dd651181e1809440 DependenciesID=85226254770af10a85ef8513109c2ab1 StaticDependenciesID=a815c8f2fff6bd5194d23babb28ed5f2 
Importing 'GUID: c7a38e6eccbfc49778cb8b77f594a971 - Path: Packages/com.unity.multiplayer.center/Editor/MultiplayerCenterWindow/UI/Icons/ClientHosted@2x.png' with importer (TextureImporter)
Imported 'GUID: c7a38e6eccbfc49778cb8b77f594a971' -> (Import Result ID: 'da57c5d7c9ce14da5d847ba3f2c8872f') in 0.002 seconds [static and dynamic dependencies]. Details - ImportResultOutputID=8adda897ce5e079bf5564f8e5e5d9823 DependenciesID=b579315fbaf3d8616211c10f6844b7d0 StaticDependenciesID=77ae9301e2b46afa82103623aef31584 
Importing 'GUID: d7711b0cc806d430b8a95f1e33ec3649 - Path: Packages/com.unity.multiplayer.center/Editor/MultiplayerCenterWindow/UI/Icons/CustomNetcode@2x.png' with importer (TextureImporter)
Imported 'GUID: d7711b0cc806d430b8a95f1e33ec3649' -> (Import Result ID: '7322522ce03940f4e7df84dd93070652') in 0.002 seconds [static and dynamic dependencies]. Details - ImportResultOutputID=320781235b8b8272020f664e1558284d DependenciesID=46621485d967c8dbe7da470d9e74a66d StaticDependenciesID=34d9c1eacf7b77cee76b5fef21167021 
Importing 'GUID: 38b78df4a34c94fa6a52c90239606ff1 - Path: Packages/com.unity.multiplayer.center/Editor/MultiplayerCenterWindow/UI/Icons/DedicatedServer@2x.png' with importer (TextureImporter)
Imported 'GUID: 38b78df4a34c94fa6a52c90239606ff1' -> (Import Result ID: 'c550059d7b03039105c6937528c029d6') in 0.002 seconds [static and dynamic dependencies]. Details - ImportResultOutputID=ad8c0338d8bd2c650646740fa57b736d DependenciesID=ec62e1da67c52fde8aace6af0d64d3dd StaticDependenciesID=0fad185af667295a6eb3243f28752866 
Importing 'GUID: 29395f0639574c1fbc8b729aa257fb84 - Path: Packages/com.unity.multiplayer.center/Editor/MultiplayerCenterWindow/UI/Icons/d_Check.png' with importer (TextureImporter)
Imported 'GUID: 29395f0639574c1fbc8b729aa257fb84' -> (Import Result ID: 'f939cb4fd5f397cf300aea4cd4b689ba') in 0.002 seconds [static and dynamic dependencies]. Details - ImportResultOutputID=ab96ce2c61b348b927afa6fccf1e46c6 DependenciesID=ee6df801eb1986011d3f22d813f98d40 StaticDependenciesID=ce90a6ad74d5bed6f73d3374231bf8a2 
Importing 'GUID: 99da7b3894f364efdb5fa1443952a55d - Path: Packages/com.unity.multiplayer.center/Editor/MultiplayerCenterWindow/UI/Icons/NGO.png' with importer (TextureImporter)
Imported 'GUID: 99da7b3894f364efdb5fa1443952a55d' -> (Import Result ID: '174d83a5d40d147787bad5b0785f223f') in 0.002 seconds [static and dynamic dependencies]. Details - ImportResultOutputID=980c395fa956fe46cdcdf5f12169c8c9 DependenciesID=02442dbd30398216798ec5e3c881d9f3 StaticDependenciesID=92cbf805677a77cdade82ca0dfa3cb1f 
Importing 'GUID: e9669051ff70449b5923861e0e0b8838 - Path: Packages/com.unity.multiplayer.center/Editor/MultiplayerCenterWindow/UI/Icons/N4E.png' with importer (TextureImporter)
Imported 'GUID: e9669051ff70449b5923861e0e0b8838' -> (Import Result ID: 'a844462c96063c4e3156964d8db7dd97') in 0.002 seconds [static and dynamic dependencies]. Details - ImportResultOutputID=2cf5b48a4f2a127e4182aa7938987429 DependenciesID=e2d4a5f2e71faf052ddacbb4e8f13819 StaticDependenciesID=c473902f3982c1a06ce62f5ebff7e4f8 
Importing 'GUID: 2adffcc506285402aa795dee6f3166d0 - Path: Packages/com.unity.multiplayer.center/Editor/MultiplayerCenterWindow/UI/Icons/EmptyViewIcon@2x.png' with importer (TextureImporter)
Imported 'GUID: 2adffcc506285402aa795dee6f3166d0' -> (Import Result ID: 'b47b17b350d09e4a1d6f4539451e36a3') in 0.011 seconds [static and dynamic dependencies]. Details - ImportResultOutputID=40be67603539c48a348fb9cc0c3c001c DependenciesID=15d9a23ad06db854a624437289cf85f2 StaticDependenciesID=d8f103445c7dc230a2092bce488edea6 
Importing 'GUID: dab91f148d99946e7b3c3a87ecf4b973 - Path: Packages/com.unity.multiplayer.center/Editor/MultiplayerCenterWindow/UI/Icons/d_Loading.png' with importer (TextureImporter)
Imported 'GUID: dab91f148d99946e7b3c3a87ecf4b973' -> (Import Result ID: '01f121460a3fbba3e7016ffd60791ffa') in 0.002 seconds [static and dynamic dependencies]. Details - ImportResultOutputID=bfcc3a69d3e0177611b252dfb6c20f3d DependenciesID=cda9e9f46c2bbdf891d1abe5b1cd7c60 StaticDependenciesID=520fb3e82196ddecf22e55fa21d4b86d 
Importing 'GUID: 1b4c88814ec6241eb8e327515399c006 - Path: Packages/com.unity.multiplayer.center/Editor/MultiplayerCenterWindow/UI/Icons/d_PackageManager.png' with importer (TextureImporter)
Imported 'GUID: 1b4c88814ec6241eb8e327515399c006' -> (Import Result ID: '137d9af42969d744d704cb55f2455389') in 0.002 seconds [static and dynamic dependencies]. Details - ImportResultOutputID=4f412302abd7ccd2bee08c499232b2dd DependenciesID=a69168564f0fdd41ba5f700966d6d107 StaticDependenciesID=4f60d1c4f55ea3a6cfed568ed09477f3 
Importing 'GUID: 2cb589d4e01184d928bb698f06e77561 - Path: Packages/com.unity.multiplayer.center/Editor/MultiplayerCenterWindow/UI/Icons/N4E@2x.png' with importer (TextureImporter)
Imported 'GUID: 2cb589d4e01184d928bb698f06e77561' -> (Import Result ID: '81f2d6f1e095e1a2eda4877bb4a52a78') in 0.002 seconds [static and dynamic dependencies]. Details - ImportResultOutputID=79e23856485a90070a8d7a7fb924de5c DependenciesID=f6c2d4733ee633fddad4fa5bd9bdb9a9 StaticDependenciesID=f53ac5e8c6b4f1dd0d428b13bbc133ed 
Importing 'GUID: dce12af736e0a4a1ba35d6424f897dc9 - Path: Packages/com.unity.multiplayer.center/Editor/MultiplayerCenterWindow/UI/Icons/CustomNetcode.png' with importer (TextureImporter)
Imported 'GUID: dce12af736e0a4a1ba35d6424f897dc9' -> (Import Result ID: '64c98115dd640d97edb7301581d55344') in 0.002 seconds [static and dynamic dependencies]. Details - ImportResultOutputID=4500fa5e5f459014c6ce5ad8a17ebfa9 DependenciesID=694ad79738c9221bf6bf26147f14ed59 StaticDependenciesID=3647fe4017c65339e0b0ee19983506fc 
Importing 'GUID: 1daed49eec0f94f7ebb36dfef6159884 - Path: Packages/com.unity.multiplayer.center/Editor/MultiplayerCenterWindow/UI/Icons/NoNetcode.png' with importer (TextureImporter)
Imported 'GUID: 1daed49eec0f94f7ebb36dfef6159884' -> (Import Result ID: '0a23411e25925c2bd5fee2ec26fbbe99') in 0.002 seconds [static and dynamic dependencies]. Details - ImportResultOutputID=3b91834f5bfb5d5ab9dffd66663144db DependenciesID=965425864eecd37f6347b89b64d71cbb StaticDependenciesID=c9d73e6b474f3ff2aab808248eb875d3 
Importing 'GUID: 9d9689eab72c8480c90679f4dcf18820 - Path: Packages/com.unity.multiplayer.center/Editor/MultiplayerCenterWindow/UI/Icons/Package.png' with importer (TextureImporter)
Imported 'GUID: 9d9689eab72c8480c90679f4dcf18820' -> (Import Result ID: '52a62e05c0ae8133c1c778618ecb3371') in 0.002 seconds [static and dynamic dependencies]. Details - ImportResultOutputID=abb4953377eb42193a691fb185aad1d3 DependenciesID=3d110a6b32f0e065b56aba8395b0a688 StaticDependenciesID=6caa35a683e4857b11830a851884eb2f 
Importing 'GUID: ad1d29f4654194951a3c8bf507914d05 - Path: Packages/com.unity.multiplayer.center/Editor/MultiplayerCenterWindow/UI/Icons/CloudCode.png' with importer (TextureImporter)
Imported 'GUID: ad1d29f4654194951a3c8bf507914d05' -> (Import Result ID: '98235a97a0a3208d68556fa76e995062') in 0.002 seconds [static and dynamic dependencies]. Details - ImportResultOutputID=cb2d67661eea63c8568615ab60856484 DependenciesID=897fd3117c84ba3059ccd5bfb3b6b5bb StaticDependenciesID=b269b71ea22128dc02790f446c5dbd24 
Importing 'GUID: dd70cd654275d47db807e918055e004f - Path: Packages/com.unity.multiplayer.center/Editor/MultiplayerCenterWindow/UI/Icons/Questionnaire.png' with importer (TextureImporter)
Imported 'GUID: dd70cd654275d47db807e918055e004f' -> (Import Result ID: 'd1757b8e097d6f9c101275ecb3c9b25c') in 0.002 seconds [static and dynamic dependencies]. Details - ImportResultOutputID=0336395035d65199139625cb0b05a7d0 DependenciesID=2c2eaf15a93aeb7f5682650cc0833c6e StaticDependenciesID=6abd43deae2fcf316514bba755ba821f 
Importing 'GUID: 3fe892784421e47f5aa40c2784a6cb3e - Path: Packages/com.unity.multiplayer.center/Editor/MultiplayerCenterWindow/UI/Icons/DedicatedServer.png' with importer (TextureImporter)
Imported 'GUID: 3fe892784421e47f5aa40c2784a6cb3e' -> (Import Result ID: '96fefa059218c3a1a7888274e8778127') in 0.002 seconds [static and dynamic dependencies]. Details - ImportResultOutputID=85f78eb46aebdf73685c4f286dda2be6 DependenciesID=9c20bb30b9e227d40dff84b8653bcf1f StaticDependenciesID=c451cc413fada5c44719b466965e8ab7 
Importing 'GUID: 4f78a544322c742b89e63fb68557b1d2 - Path: Packages/com.unity.multiplayer.center/Editor/MultiplayerCenterWindow/UI/Icons/Check.png' with importer (TextureImporter)
Imported 'GUID: 4f78a544322c742b89e63fb68557b1d2' -> (Import Result ID: 'cc105a121a5f1c4765643ea35585082b') in 0.002 seconds [static and dynamic dependencies]. Details - ImportResultOutputID=c44ee6c13d28590b590c8a1f477d5f0c DependenciesID=002a113d9c0dd3d0f501bc927993f308 StaticDependenciesID=546d1cfd225126a7ad54f1552948ff5b 
Importing 'GUID: 30b312a167534621b316172253b08723 - Path: Packages/com.unity.modules.subsystems/package.json' with importer (PackageManifestImporter)
Imported 'GUID: 30b312a167534621b316172253b08723' -> (Import Result ID: '8de3c95a973b224317dacce37e7702be') in 0.001 seconds [static dependencies only]. Details - ImportResultOutputID=5d4e1d411c6d1280fee0fd81da9b9a41 DependenciesID=9bafb435c48c4c7755bdc5bb1d9e1cec StaticDependenciesID=034ab05de2525bb2e7313dffcd919fd1 
Importing 'GUID: 40bf3cec17fa0b49fe04443c8332d638 - Path: Packages/com.unity.modules.jsonserialize/package.json' with importer (PackageManifestImporter)
Imported 'GUID: 40bf3cec17fa0b49fe04443c8332d638' -> (Import Result ID: 'dc74478dc2f485010c09954444c98194') in 0.001 seconds [static dependencies only]. Details - ImportResultOutputID=891918617c984cf929da287de3b28243 DependenciesID=524dced8f9c0c46e1d588e7a9474a18d StaticDependenciesID=b59c7ab5c87288ceda6dd56f34a61b18 
Importing 'GUID: 70554f6c9e4114e1084bb38f9ea400ce - Path: Packages/com.unity.multiplayer.center/LICENSE.md' with importer (TextScriptImporter)
Imported 'GUID: 70554f6c9e4114e1084bb38f9ea400ce' -> (Import Result ID: '10bd375a7844e7dadd9cf8a547dae205') in 0.001 seconds [static dependencies only]. Details - ImportResultOutputID=59e94a21cec5c01f76c5311c0f7ed1b4 DependenciesID=52cf924b4fac4d92587d47eca86cbc60 StaticDependenciesID=0eebd23acd98e5d505e559c4fa8d84cb 
Importing 'GUID: 80beef77cb19e713c7c2d481b65ed485 - Path: Packages/com.unity.modules.screencapture/package.json' with importer (PackageManifestImporter)
Imported 'GUID: 80beef77cb19e713c7c2d481b65ed485' -> (Import Result ID: '40284b2f6ac03e3c1f0319ad2de0d592') in 0.001 seconds [static dependencies only]. Details - ImportResultOutputID=983250a2dc621a762e73ead2ce94efd8 DependenciesID=8e2e5e210ea5303aae0d9c94826b11c6 StaticDependenciesID=c244387a612b232878d621294bb55c24 
Importing 'GUID: 906c12bc9cd95d3963c6d58f62522c78 - Path: Packages/com.unity.modules.cloth/package.json' with importer (PackageManifestImporter)
Imported 'GUID: 906c12bc9cd95d3963c6d58f62522c78' -> (Import Result ID: 'bb313a688d1cb078f04f5a3f1cfe37a9') in 0.001 seconds [static dependencies only]. Details - ImportResultOutputID=516616d488b80658f1bc6d39e6323fe4 DependenciesID=4aa163d41a31346f5b98e50998b13713 StaticDependenciesID=87400f95dbec46a5627999cf50b5fd5f 
Importing 'GUID: d0e3ad91972c66f5238f5b9b7d5ae58a - Path: Packages/com.unity.modules.unitywebrequesttexture/package.json' with importer (PackageManifestImporter)
Imported 'GUID: d0e3ad91972c66f5238f5b9b7d5ae58a' -> (Import Result ID: 'b621ba6139909d8442e35d1d7718c9a5') in 0.001 seconds [static dependencies only]. Details - ImportResultOutputID=50532d8986b57e8cf0f67d010ae5faa9 DependenciesID=32b938d165224a703beb063403f94944 StaticDependenciesID=9da613ee2b9ef1bce0abd958a1dc87ec 
Importing 'GUID: f0f13f2ab3d6d13cfc6e4656824bfca8 - Path: Packages/com.unity.modules.ai/package.json' with importer (PackageManifestImporter)
Imported 'GUID: f0f13f2ab3d6d13cfc6e4656824bfca8' -> (Import Result ID: '1d7d3cf8766bab9a6f8885e67c93d81a') in 0.001 seconds [static dependencies only]. Details - ImportResultOutputID=084f1efaf4086fe15fda68049aa031a1 DependenciesID=807cb0af003aef104ad4845fd8ad70c0 StaticDependenciesID=26374c5b47a646e5ccb80182d31db66c 
Importing 'GUID: e1ef8466c8fd01a549f10baa4d51fa17 - Path: Packages/com.unity.modules.assetbundle/package.json' with importer (PackageManifestImporter)
Imported 'GUID: e1ef8466c8fd01a549f10baa4d51fa17' -> (Import Result ID: 'ec6fee1f0c2d381b39ff1115c6f942ec') in 0.001 seconds [static dependencies only]. Details - ImportResultOutputID=c14d0c80429a1b2e07a8aa59da3e090e DependenciesID=a3792c15aed70d7464df409c1c0bb21a StaticDependenciesID=696289b7988734643a818e8f6583aa0a 
Importing 'GUID: 42fe78c8fe682715a2cb531422e6ccb3 - Path: Packages/com.unity.modules.imgui/package.json' with importer (PackageManifestImporter)
Imported 'GUID: 42fe78c8fe682715a2cb531422e6ccb3' -> (Import Result ID: '4aa81f0764ac01e969684679d10380c9') in 0.001 seconds [static dependencies only]. Details - ImportResultOutputID=f3517442a7b9f2e47ee8fa5d575508d6 DependenciesID=71f2082766b933690e9c4a0289669571 StaticDependenciesID=4d880b72f9a8cee82e3213d6b75f80e2 
Importing 'GUID: 92a378669877c05c6071d0fed687bb95 - Path: Packages/com.unity.modules.tilemap/package.json' with importer (PackageManifestImporter)
Imported 'GUID: 92a378669877c05c6071d0fed687bb95' -> (Import Result ID: '6f57079b20ac940598b62875ba6a4cca') in 0.001 seconds [static dependencies only]. Details - ImportResultOutputID=f33f95d07119304837f09eeace9783ca DependenciesID=53601d3633b1f4b128b6e771bd4ad48e StaticDependenciesID=1325c35e683f5e2d4ec3bb3937b224d1 
Importing 'GUID: 43674d438e19b89d7fe6af07234f3252 - Path: Packages/com.unity.modules.accessibility/package.json' with importer (PackageManifestImporter)
Imported 'GUID: 43674d438e19b89d7fe6af07234f3252' -> (Import Result ID: '7aee9f9f21b73695bf69f4595cfc7bb0') in 0.001 seconds [static dependencies only]. Details - ImportResultOutputID=e23a5c5d7d61ce365f1d19ca6a223a88 DependenciesID=16ea41b7b36261eba6fd2ea33f0c1ced StaticDependenciesID=5b661ecc631dbb4d3aacaa8e8e509cc4 
Importing 'GUID: c359bcaf4a0bc4040aac650bf14ec619 - Path: Packages/com.unity.multiplayer.center/README.md' with importer (TextScriptImporter)
Imported 'GUID: c359bcaf4a0bc4040aac650bf14ec619' -> (Import Result ID: 'a068d1eeccb1ed5414553dfb1dc01073') in 0.001 seconds [static dependencies only]. Details - ImportResultOutputID=82d3a5be604caff878ff7e228f1601f7 DependenciesID=821e63a612675be9a6433da75b545e01 StaticDependenciesID=7d6e449d0c53affb3cf967fb003feb81 
Importing 'GUID: d3cbe921f7b3d9a3257e7c61a5761796 - Path: Packages/com.unity.modules.terrainphysics/package.json' with importer (PackageManifestImporter)
Imported 'GUID: d3cbe921f7b3d9a3257e7c61a5761796' -> (Import Result ID: '72b2ef1c311a08ccb583b008a195ca52') in 0.001 seconds [static dependencies only]. Details - ImportResultOutputID=4293423a982649a317eebc9f11bbd1b8 DependenciesID=66a7e029c097bdb78f32c10c185151fb StaticDependenciesID=8c632b87a98afca082e3521c3fa70ba3 
Importing 'GUID: 05f7f519769978b79b31d063a7fc6fa1 - Path: Packages/com.unity.modules.unitywebrequestassetbundle/package.json' with importer (PackageManifestImporter)
Imported 'GUID: 05f7f519769978b79b31d063a7fc6fa1' -> (Import Result ID: 'a2428138bb98233944a2aafe3d6068e3') in 0.001 seconds [static dependencies only]. Details - ImportResultOutputID=a676fdc87741fdb3d4562c9b189a12fc DependenciesID=aabd8b0ccbf47161a492481a46662859 StaticDependenciesID=5c7167364987969ddac6803c68b62994 
Importing 'GUID: 953fab16d15d5885b3600fcd6388b2ad - Path: Packages/com.unity.modules.imageconversion/package.json' with importer (PackageManifestImporter)
Imported 'GUID: 953fab16d15d5885b3600fcd6388b2ad' -> (Import Result ID: 'eab50940bd9f5b093e9eda2bf36c835a') in 0.001 seconds [static dependencies only]. Details - ImportResultOutputID=21af7c3c6098e54697c36eeb0f93f731 DependenciesID=8ced61bcf47a53b3c5905f4090a8f299 StaticDependenciesID=4d043332e4c17c1d228b0d8179869c0b 
Importing 'GUID: b5930dbc378b45d406aeb881f06b6dfa - Path: Packages/com.unity.modules.physicscore2d/package.json' with importer (PackageManifestImporter)
Imported 'GUID: b5930dbc378b45d406aeb881f06b6dfa' -> (Import Result ID: 'b51bbb9c5b98ded89b72d33ee557b0fc') in 0.001 seconds [static dependencies only]. Details - ImportResultOutputID=17eebdd45c9292f6cb08e3796d0e3496 DependenciesID=5b1bc71c32d10ce6947fcfc3045f7e27 StaticDependenciesID=664b17d6e972722642f9984854123fd2 
Importing 'GUID: 26a4f29db434fd79025c91f6126382cc - Path: Packages/com.unity.modules.unityanalytics/package.json' with importer (PackageManifestImporter)
Imported 'GUID: 26a4f29db434fd79025c91f6126382cc' -> (Import Result ID: 'ed39bdd269e08d8121c9c2236915bb5d') in 0.001 seconds [static dependencies only]. Details - ImportResultOutputID=64cd0125ffa27280e42f5bc3480004c0 DependenciesID=23697ad1e7f6846e5150a87e93a90ba2 StaticDependenciesID=6855b55737049f0c1ae5d9130125163a 
Importing 'GUID: 96d14b71b907bb52333b2886e665aba6 - Path: Packages/com.unity.modules.video/package.json' with importer (PackageManifestImporter)
Imported 'GUID: 96d14b71b907bb52333b2886e665aba6' -> (Import Result ID: '1c92b7bcd5476f86035b28a57a9985c9') in 0.001 seconds [static dependencies only]. Details - ImportResultOutputID=97331c0a394344b81f304a267aa0ee32 DependenciesID=125111c6b1feee1f879efe833d44ed95 StaticDependenciesID=aa1c2b44ae1e74931e0ca7df3ec20c71 
Importing 'GUID: 87d720faa37005c08600090e04d8c739 - Path: Packages/com.unity.modules.particlesystem/package.json' with importer (PackageManifestImporter)
Imported 'GUID: 87d720faa37005c08600090e04d8c739' -> (Import Result ID: '2e9f4521bca9c1865042742c5b1e4cc9') in 0.001 seconds [static dependencies only]. Details - ImportResultOutputID=ab3ee686cd4ed15f5f20d2c8a27562c1 DependenciesID=8502a938c7a4810364469d926ee09ae4 StaticDependenciesID=2fb71a650dacf458b8746320c54d56d4 
Importing 'GUID: f7a8357347c80dc69c08d0b1a05e2122 - Path: Packages/com.unity.modules.physics2d/package.json' with importer (PackageManifestImporter)
Imported 'GUID: f7a8357347c80dc69c08d0b1a05e2122' -> (Import Result ID: 'bafead4f8ec7c5f239150d6e9c0c9dce') in 0.001 seconds [static dependencies only]. Details - ImportResultOutputID=919e2a11128050effa789097769a2a78 DependenciesID=630c9fc2548870db888e618fccce2fec StaticDependenciesID=da48bb7bff659db2a18109d0117e6b3e 
Importing 'GUID: 78e5667e52329c3ceef41288763404ae - Path: Packages/com.unity.modules.vectorgraphics/package.json' with importer (PackageManifestImporter)
Imported 'GUID: 78e5667e52329c3ceef41288763404ae' -> (Import Result ID: 'c31ea1bfb1fdafc0988bb5d7d35d1f26') in 0.001 seconds [static dependencies only]. Details - ImportResultOutputID=4ecdabad2dfa4bdbd05a32eab7720e4f DependenciesID=ad0a6f33ec05f6b7f4750529ac2248ad StaticDependenciesID=4ab57d3dafe36498c41bd929910abde5 
Importing 'GUID: b83f06ac0c0696e9563230865ca72b81 - Path: Packages/com.unity.modules.wind/package.json' with importer (PackageManifestImporter)
Imported 'GUID: b83f06ac0c0696e9563230865ca72b81' -> (Import Result ID: 'f36c8f4f417f1773147c655ffce47cc5') in 0.001 seconds [static dependencies only]. Details - ImportResultOutputID=48a5258515ca15f6f7f90d7b79f1d94b DependenciesID=f614ea98cbba1e6b2be7c357a79ecc27 StaticDependenciesID=214e53020ac2c522a920f4b27fdae6a9 
Importing 'GUID: c8f6fa942856442b8bd72594d3ce7363 - Path: Packages/com.unity.multiplayer.center/Third Party Notices.md' with importer (TextScriptImporter)
Imported 'GUID: c8f6fa942856442b8bd72594d3ce7363' -> (Import Result ID: '2a75a020629435c95987a91372a945a3') in 0.001 seconds [static dependencies only]. Details - ImportResultOutputID=03ddb98ad266806dbd104aeb58230d0c DependenciesID=cd546e5367619eb19c3e277641312771 StaticDependenciesID=a44274cdb0450f2d306674c20bf8fcb4 
Importing 'GUID: d85e5eeaf8f135aeaaebdc8aa3cff6c3 - Path: Packages/com.unity.modules.umbra/package.json' with importer (PackageManifestImporter)
Imported 'GUID: d85e5eeaf8f135aeaaebdc8aa3cff6c3' -> (Import Result ID: '4ae1fdeb05ae8a397aa888415dfd9196') in 0.001 seconds [static dependencies only]. Details - ImportResultOutputID=4d25716d6c3e24bf1a7a8cbf11399c74 DependenciesID=290a701eddc7932857d1c24c573f9cd9 StaticDependenciesID=fc61e42e835b01adaab38e5f28a07fab 
Importing 'GUID: e9df95f53f1c1d0c9199e235d6c42b50 - Path: Packages/com.unity.modules.audio/package.json' with importer (PackageManifestImporter)
Imported 'GUID: e9df95f53f1c1d0c9199e235d6c42b50' -> (Import Result ID: '2d2e957f4839dae1509d5bfe16a67dc5') in 0.001 seconds [static dependencies only]. Details - ImportResultOutputID=7bff69c037aa519a654c229c1b6809dd DependenciesID=bbbe179b0f7a387cc5e06d23de59dc61 StaticDependenciesID=e44769c2a101a8e3bc38974302a225f8 
Importing 'GUID: 1a4266815e998967becf686f9c71f0a6 - Path: Packages/com.unity.modules.physics/package.json' with importer (PackageManifestImporter)
Imported 'GUID: 1a4266815e998967becf686f9c71f0a6' -> (Import Result ID: '055d3a4f59480e2a32caad607ffa27d5') in 0.001 seconds [static dependencies only]. Details - ImportResultOutputID=2c72742771a2c41ecd040e5a25968787 DependenciesID=bdc8602b909bd97540f8182571ab9f31 StaticDependenciesID=b125306088622e4408f44addb4a60213 
Importing 'GUID: 6afb166a156df2d20433d981f4bb2832 - Path: Packages/com.unity.modules.vehicles/package.json' with importer (PackageManifestImporter)
Imported 'GUID: 6afb166a156df2d20433d981f4bb2832' -> (Import Result ID: 'f67407be6d460176782b81d28c7f9e14') in 0.001 seconds [static dependencies only]. Details - ImportResultOutputID=b9584b21688236880549537b502bc979 DependenciesID=d8f7d57ff02978897a86041376ffd6ce StaticDependenciesID=efd00ecf72e15a5677804836c34a7f26 
Importing 'GUID: fa27413e9edb06a6058d6c894eca0338 - Path: Packages/com.unity.modules.unitywebrequestwww/package.json' with importer (PackageManifestImporter)
Imported 'GUID: fa27413e9edb06a6058d6c894eca0338' -> (Import Result ID: '8aff4d3bde27cada86a76f1f99f1448a') in 0.001 seconds [static dependencies only]. Details - ImportResultOutputID=ef4111052f639e700ab30e1188cae7f8 DependenciesID=64abdf9a39b495239060d15622b19f6c StaticDependenciesID=97a6dd1d7e0e608aee09209f7f2b4d99 
Importing 'GUID: 3bbd27b3dd7be4a74aeab8da6b0af5cc - Path: Packages/com.unity.multiplayer.center/CHANGELOG.md' with importer (TextScriptImporter)
Imported 'GUID: 3bbd27b3dd7be4a74aeab8da6b0af5cc' -> (Import Result ID: 'f84ee636f1ad1e1dede43e68431302f2') in 0.001 seconds [static dependencies only]. Details - ImportResultOutputID=b417cc241394cfbb33a1752f594fb22c DependenciesID=57e141f7ac1220f60fcef84a843ab200 StaticDependenciesID=1e8083b47d5dcfb78adfb23af9934c6b 
Importing 'GUID: 4b518b37798c97b0f860962cbf615533 - Path: Packages/com.unity.modules.unitywebrequestaudio/package.json' with importer (PackageManifestImporter)
Imported 'GUID: 4b518b37798c97b0f860962cbf615533' -> (Import Result ID: '6a3bdfbd56c9e6c8fe0479025913647e') in 0.001 seconds [static dependencies only]. Details - ImportResultOutputID=91f22434b9ab55a5c83f3c60940e8474 DependenciesID=73df2ace5f4f3360912ea6171610c121 StaticDependenciesID=53c953cd0acf9b05670731dce566b073 
Importing 'GUID: 9b1a5759726ef9d39a0ab82047b615f1 - Path: Packages/com.unity.modules.hierarchycore/package.json' with importer (PackageManifestImporter)
Imported 'GUID: 9b1a5759726ef9d39a0ab82047b615f1' -> (Import Result ID: 'fa148ed711bd3e080a8e835b177c5c6f') in 0.001 seconds [static dependencies only]. Details - ImportResultOutputID=1299c778185973c2d3f2bb276cd8d0e7 DependenciesID=6b51779d84b5eaf6d804da9781a2705a StaticDependenciesID=47355a3424173941f09b40fa4a0e4c37 
Importing 'GUID: 2c814623cb42764d304be0c5ddd03ceb - Path: Packages/com.unity.modules.xr/package.json' with importer (PackageManifestImporter)
Imported 'GUID: 2c814623cb42764d304be0c5ddd03ceb' -> (Import Result ID: '0d9175bc1dd47336e71d01ac77371dc2') in 0.001 seconds [static dependencies only]. Details - ImportResultOutputID=7f441ac2d6a687e067f2d83f9a07d6bb DependenciesID=73f5c45432c5cd4dc3bd9d0666d8c84e StaticDependenciesID=77e9d30246e389396b4a6173a4f6663f 
Importing 'GUID: 4c413a81cadcce7038e446e56570117e - Path: Packages/com.unity.modules.adaptiveperformance/package.json' with importer (PackageManifestImporter)
Imported 'GUID: 4c413a81cadcce7038e446e56570117e' -> (Import Result ID: '2bcec5b001621b555a89008556fd889c') in 0.001 seconds [static dependencies only]. Details - ImportResultOutputID=e58e4e674ae30d7b75f4a6d1a5cb9032 DependenciesID=dee357e1aa1e2f89a9ed5ae6449b58ff StaticDependenciesID=3a4d31e25901b63c9d9135b3327d42f9 
Importing 'GUID: ec02776fe29df900b897106d61977735 - Path: Packages/com.unity.modules.director/package.json' with importer (PackageManifestImporter)
Imported 'GUID: ec02776fe29df900b897106d61977735' -> (Import Result ID: 'c105d0537bd11edb8fdfd5649d0e00da') in 0.001 seconds [static dependencies only]. Details - ImportResultOutputID=d3cc052d8f895db30a66424de2b1783d DependenciesID=7d93a6263b7f32b08c02e969a68769cd StaticDependenciesID=995e7b4ac97d7d0755f57739f9902f1e 
Importing 'GUID: 6d56244f8c39a851975d3c0bd432c66f - Path: Packages/com.unity.modules.terrain/package.json' with importer (PackageManifestImporter)
Imported 'GUID: 6d56244f8c39a851975d3c0bd432c66f' -> (Import Result ID: '9c308acd54b9e02830a7a9aa11332cfb') in 0.001 seconds [static dependencies only]. Details - ImportResultOutputID=0147ed4a7bf27ee69660cd49b175a05f DependenciesID=116335bb763fdfa9c848adf761e1c399 StaticDependenciesID=b9ad004fd01d96093b309d2e4ec21b71 
Importing 'GUID: bd1af0a6633ee94ae21c7d1d702cdc12 - Path: Packages/com.unity.modules.androidjni/package.json' with importer (PackageManifestImporter)
Imported 'GUID: bd1af0a6633ee94ae21c7d1d702cdc12' -> (Import Result ID: '81447ae4672061c388ba02df11c36b55') in 0.001 seconds [static dependencies only]. Details - ImportResultOutputID=58196444acd2f5a146944d8272e88433 DependenciesID=4e4f8d1653ad2b7303c0ceae0d881629 StaticDependenciesID=b79f2d1e0586b05487c288837e9abba3 
Importing 'GUID: 7ef8348b8ea834d7e1bc214b07f7fb87 - Path: Packages/com.unity.modules.animation/package.json' with importer (PackageManifestImporter)
Imported 'GUID: 7ef8348b8ea834d7e1bc214b07f7fb87' -> (Import Result ID: 'aa73f4f9a81bb9f1a72e79a3cd4911c5') in 0.001 seconds [static dependencies only]. Details - ImportResultOutputID=71365924848c115c14d4e8a430945e5d DependenciesID=7ef63017efdd83a1108a0552f5da04f6 StaticDependenciesID=01f29a190f6e79cbc51d5448fb8d4436 
Importing 'GUID: 3fdd83b151eb8d25c5e2f82fc39dcb04 - Path: Packages/com.unity.modules.unitywebrequest/package.json' with importer (PackageManifestImporter)
Imported 'GUID: 3fdd83b151eb8d25c5e2f82fc39dcb04' -> (Import Result ID: 'e59db8c48f1c6fc224861371ef84ee98') in 0.001 seconds [static dependencies only]. Details - ImportResultOutputID=609e642c4d5fd6e0b6d325d2f170eb1c DependenciesID=8d95c7e221f42c1b21093d8de29a9f14 StaticDependenciesID=464feb2dc08708dd25b5d93d953930bd 
Importing 'GUID: 4f0f9b9f3ed97ad2b9ba8f1a8e4666c2 - Path: Packages/com.unity.modules.uielements/package.json' with importer (PackageManifestImporter)
Imported 'GUID: 4f0f9b9f3ed97ad2b9ba8f1a8e4666c2' -> (Import Result ID: '5e5f6fd610a7e9756e33a1fa20f77ff8') in 0.002 seconds [static dependencies only]. Details - ImportResultOutputID=14c0f2b1b250cec076c4d9c62abdd5a9 DependenciesID=8d79c327733e196cccd7d98169c6611b StaticDependenciesID=59ff60bd856a86cad536fba24ca015fb 
Importing 'GUID: bfd567a3d1631a761bca9e99fa53d86d - Path: Packages/com.unity.modules.ui/package.json' with importer (PackageManifestImporter)
Imported 'GUID: bfd567a3d1631a761bca9e99fa53d86d' -> (Import Result ID: '2a7f4eb07cbf4c89cfee9f1bf250e630') in 0.001 seconds [static dependencies only]. Details - ImportResultOutputID=7bb9b76f93faf76244e454a1fca49870 DependenciesID=1ceefbeb770380c5e76c8628d359d577 StaticDependenciesID=ec1ea40555be2d91f84419406494df6b 
Importing 'GUID: df0857f6a11054383be91b1f8e1b5800 - Path: Packages/com.unity.multiplayer.center/package.json' with importer (PackageManifestImporter)
Imported 'GUID: df0857f6a11054383be91b1f8e1b5800' -> (Import Result ID: 'b4058e1fbbab7e25e123cd778f772519') in 0.001 seconds [static dependencies only]. Details - ImportResultOutputID=56cb21bd62786f0bf6019a6ac763d7f4 DependenciesID=946e89713d6895eb9874952671d5bcb6 StaticDependenciesID=3322c79b966396e27c3e8477c8a822ef 
Importing 'GUID: f1ac2efb1bcd4dfd95dc196ed3c11367 - Path: Packages/com.unity.multiplayer.center/Editor/MultiplayerCenterWindow/UI/light.uss' with importer (ScriptedImporter : UnityEditor.CoreModule:UnityEditor.UIElements.StyleSheets:StyleSheetImporter)
Imported 'GUID: f1ac2efb1bcd4dfd95dc196ed3c11367' -> (Import Result ID: 'e79785092352525d498e2acd00f66fe6') in 0.045 seconds [static and dynamic dependencies]. Details - ImportResultOutputID=d933b28d171599f50d13b516109e7212 DependenciesID=eefa893d506261f438d5fa50aaa5e9f7 StaticDependenciesID=c0be29e7e0ff4bfa095da4fc1dc5bca1 
Importing 'GUID: 1984cd07fe96417f9e88f5771f6b4b32 - Path: Packages/com.unity.multiplayer.center/Editor/MultiplayerCenterWindow/UI/dark.uss' with importer (ScriptedImporter : UnityEditor.CoreModule:UnityEditor.UIElements.StyleSheets:StyleSheetImporter)
Imported 'GUID: 1984cd07fe96417f9e88f5771f6b4b32' -> (Import Result ID: 'f9cb7c837dad292f56634fe3f382065b') in 0.006 seconds [static and dynamic dependencies]. Details - ImportResultOutputID=8be4503d52b62d7392027baec0ba5f8a DependenciesID=02f17d16df9076fcda5410bf208c566e StaticDependenciesID=1bc9381b81c7badb9cb10e990eaf2cd8 
Importing 'GUID: bac00d6e07f0b4305bb395363c89d92b - Path: Packages/com.unity.multiplayer.center/Editor/MultiplayerCenterWindow/UI/MultiplayerCenterWindow.uss' with importer (ScriptedImporter : UnityEditor.CoreModule:UnityEditor.UIElements.StyleSheets:StyleSheetImporter)
Imported 'GUID: bac00d6e07f0b4305bb395363c89d92b' -> (Import Result ID: '69a6bf572b5a9b9809594125b5558102') in 0.028 seconds [static and dynamic dependencies]. Details - ImportResultOutputID=d6dfc469da9a8ffbb556776434abd32e DependenciesID=5acd57e08886106d7c4e0f49eb84da79 StaticDependenciesID=8d43e3a97bb0bfa224eb5b90fbf1805d 
Starting new worker id: 0 with log in C:/Users/matti/Documents/GitHub/Red-Line/Logs/AssetImportWorkerHW0.log
Launched and connected shader compiler UnityShaderCompiler.exe after 0.03 seconds
Loading style catalogs (6)
	StyleSheets/Extensions/base/common.uss
	UIPackageResources/StyleSheets/Default/Variables/Public/common.uss
	StyleSheets/Northstar/common.uss
	StyleSheets/Extensions/fonts/inter.uss
	StyleSheets/Extensions/base/dark.uss
	UIPackageResources/StyleSheets/Default/Northstar/Palette/dark.uss

Asset Pipeline Refresh (id=12fda517ca42a3c49a1001bd8b7bcdd8): Total: 9.167 seconds - Initiated by InitialRefreshV2(ForceSynchronousImport)
	(Values over 0.05ms)
	Summary:
		Imports: total=194 (actual=194, local cache=0, cache server=0)
		Asset DB Process Time: managed=8 ms, native=1166 ms
		Asset DB Callback time: managed=98 ms, native=1959 ms
		Scripting: domain reloads=1, domain reload time=320 ms, compile time=5608 ms, other=5 ms
		Project Asset Count: scripts=113, non-scripts=81
		Asset File Changes: new=256, changed=256, moved=0, deleted=0
		Scan Filter Count: 0
	InvokePackagesCallback: 1255.437ms
	ApplyChangesToAssetFolders: 0.431ms
	Scan: 142.884ms
	Collect global state as custom dependencies: 8.392ms
	OnSourceAssetsModified: 0.808ms
	CategorizeScriptCompilationAssets: 0.305ms
	ProcessAssetsWithTransientArtifactChanges: 0.758ms
	CategorizeAssets: 1.319ms
	CompileScripts: 5607.944ms
	ImportOutOfDateAssets: 977.490ms (391.123ms without children)
		ImportManagerImport: 575.718ms (208.462ms without children)
			UpdateCategorizedAssets: 0.365ms
		UnloadImportedAssets: 0.103ms
		ImportSchedulerStart: 10.509ms
	PostProcessAllAssets: 807.448ms
		AssemblyValidation.PostprocessAllAssets 1.206ms
		VersionControlSettings.HiddenFilePostprocess 0.814ms
		ShaderAssetModifiedCallback 0.391ms
		PostProcessCallbackCreateDeferredMaterials 0.346ms
		RaytracingShaderImportPostprocess 0.179ms
		ComputeShaderImportPostprocess 0.169ms
		SpeedTreeImporter.PostprocessAllAssets 0.161ms
		LocalizationDatabase.AssetDatabasePostprocessCallback 0.147ms
		BlockShaderImporter.PostprocessAllAssets 0.070ms
		MonoPostProcessAllAssets: 97.216ms
			StyleCatalogPostProcessor.OnPostprocessAllAssets 63.062ms
			AssetPostprocessor.OnPostprocessAllAssets 7.091ms
			WindowAssetPostprocessingWatcher.OnPostprocessAllAssets 5.129ms
			AssetChangedListener.OnPostprocessAllAssets 4.366ms
			BuilderAssetPostprocessor.OnPostprocessAllAssets 4.273ms
			TextAssetPostProcessor.OnPostprocessAllAssets 1.696ms
			SyncVS.PostprocessSyncProject 1.474ms
			RetainedModeAssetPostprocessor.OnPostprocessAllAssets 1.055ms
			SpeedTree9Postprocessor.OnPostprocessAllAssets 0.709ms
			EditModeScopePostprocessor.OnPostprocessAllAssets 0.663ms
			ArtifactBrowserPostProcessor.OnPostprocessAllAssets 0.354ms
			ReferencedClipsPostProcessor.OnPostprocessAllAssets 0.210ms
			AudioMixerPostprocessor.OnPostprocessAllAssets 0.192ms
			TerrainToolbarOverlayPostProcessor.OnPostprocessAllAssets 0.184ms
			AssetEvents.OnPostprocessAllAssets 0.176ms
			AssetDatabaseCallbacks.OnPostprocessAllAssets 0.120ms
			SpeedTreePostProcessor.OnPostprocessAllAssets 0.118ms
			ConfigAssetsTracker.OnPostprocessAllAssets 0.094ms
			ScenarioDriftAssetsTracker.OnPostprocessAllAssets 0.092ms
			RenderPipelineGlobalSettingsPostprocessor.OnPostprocessAllAssets 0.066ms
			AudioContainerPostProcessor.OnPostprocessAllAssets 0.055ms
	PostAssetChangesProfiler: 0.670ms
	UnloadStreamsBegin: 0.900ms
	PersistCurrentRevisions: 0.150ms
	GenerateScriptTypeHashes: 0.083ms
	GenerateScriptTypeSerializationHashes: 0.199ms
	Untracked: 357.462ms

Application.AssetDatabase Initial Refresh End
Scanning for USB devices : 11.704ms
Initializing Unity extensions:
[MODES] ModeService[none].Initialize
[MODES] ModeService[none].LoadModes
[MODES] Loading mode Default (0) for mode-current-id-Red-Line
Worker ready: AssetImportWorkerHW0 0
Unloading 3 Unused Serialized files (Serialized files now loaded: 0)
Unloading 76 unused Assets / (0.5 MB). Loaded Objects now: 762.
Memory consumption went from 214.8 MB to 214.3 MB.
Total: 4.460100 ms (FindLiveObjects: 0.043700 ms CreateObjectMapping: 0.010800 ms MarkObjects: 4.227700 ms  DeleteObjects: 0.174400 ms)

[LAYOUT] About to load C:/Users/matti/AppData/Roaming/Unity/Editor-5.x/Preferences\Layouts\current\default-6000.dwlt, keepMainWindow=False
[LAYOUT] About to save layout C:\Users\matti\Documents\GitHub\Red-Line\UserSettings\Layouts\default-6000.dwlt
[LAYOUT] About to save layout C:/Users/matti/AppData/Roaming/Unity/Editor-5.x/Preferences\Layouts\current\default-6000.dwlt
[MODES] ModeService[default].InitializeCurrentMode
[MODES] ModeService[default].RaiseModeChanged(default, default)
This project uses Input Manager, which is marked for deprecation. To manage input in your project, use the <a href="https://docs.unity3d.com/Packages/com.unity.inputsystem@latest">Input System package</a> instead.
<RI> Initializing input.
<RI> Input initialized.
D3D11 device created for Microsoft Media Foundation video decoding.
[Project] Loading completed in 22.425 seconds
	Project init time: 				21.343 seconds
		Template init time: 		0.000 seconds
		Package Manager init time: 		0.121 seconds
		Asset Database init time: 		4.064 seconds
		Global illumination init time: 	0.002 seconds
		Assemblies load time: 			7.040 seconds
		Unity extensions init time: 	0.000 seconds
		Asset Database refresh time: 	9.168 seconds
	Scene opening time: 			0.969 seconds
##utp:{"type":"ProjectInfo","version":2,"phase":"Immediate","time":1790013528946,"processId":22712,"projectLoad":22.4250182,"projectInit":21.3433694,"templateInit":0.0,"packageManagerInit":0.1214714,"assetDatabaseInit":4.0636045,"globalIlluminationInit":0.0017973,"assembliesLoad":7.0395888,"unityExtensionsInit":0.0004848,"assetDatabaseRefresh":9.1676069,"sceneOpening":0.9689101}
##utp:{"type":"EditorInfo","version":2,"phase":"Immediate","time":1790013528946,"processId":22712,"editorVersion":"6000.5.7f1 (017862109af0)","branch":"6000.5/staging","buildType":"Release","platform":"Windows"}
Asset Pipeline Refresh (id=dcaf796b7cdc6fe4392c6392a05658f9): Total: 0.010 seconds - Initiated by RefreshV2(AllowForceSynchronousImport)
[MODES] ModeService[default].LoadModes
Dynamic Batching is deprecated and will be removed in a future release. Use GPU Instancing instead. Disable Dynamic Batching in Project Settings > Player > Other Settings to remove this warning.
UnityEngine.Debug:ExtractStackTraceNoAlloc (byte*,int,string)
UnityEngine.StackTraceUtility:ExtractStackTrace ()
UnityEngine.DebugLogHandler:Internal_Log (UnityEngine.LogType,UnityEngine.LogOption,string,UnityEngine.Object)
UnityEngine.DebugLogHandler:LogFormat (UnityEngine.LogType,UnityEngine.Object,string,object[])
UnityEngine.Logger:Log (UnityEngine.LogType,object)
UnityEngine.Debug:LogWarning (object)
UnityEditor.PlayerSettingsBatchingWarning:WarnIfDynamicBatchingEnabled ()
UnityEditor.EditorApplication:Internal_CallUpdateFunctions ()

[Licensing::Client] Successfully resolved entitlement details
[Licensing::Client] Successfully resolved entitlement details
[Licensing::Client] Successfully updated the access token
[Licensing::Module] Successfully updated access token: "d-arHaSV"... (expires: 2026-09-21T18:54:10Z)
Created GICache directory at C:/Users/matti/AppData/LocalLow/Unity/Caches/GiCache. Took: 0.012s, timestamps: [23.846 - 23.858]
[Licensing::Client] Successfully resolved entitlement details
[Licensing::Client] Successfully resolved entitlement details
[Licensing::Client] Successfully resolved entitlement details
[Licensing::Client] Successfully resolved entitlement details
[Licensing::Client] Successfully resolved entitlement details
[Licensing::Client] Successfully resolved entitlement details
Asset Pipeline Refresh (id=909b44b0b4aa459459ced9c9563b06cd): Total: 0.008 seconds - Initiated by RefreshV2(AllowForceSynchronousImport)
Start Indexing on Editor startup
[Indexing] Starting Initial Indexing for Assets
Starting new worker id: 1 with log in C:/Users/matti/Documents/GitHub/Red-Line/Logs/AssetImportWorkerHW1.log
[Licensing::Client] Successfully resolved entitlement details
[Worker0] Imported GUID: 23032f4383e95e772bce465c5896d0fd - Path: Packages/com.unity.modules.terrain/package.ModuleCompilationTrigger - Importer: ScriptedImporter/UnityEditor.QuickSearchModule:UnityEditor.Search:ASIAI0B -> (ImportResultId: '7e52c4ea66c9103cf13ff77284e0445b') in 0.0628244 seconds
Starting new worker id: 2 with log in C:/Users/matti/Documents/GitHub/Red-Line/Logs/AssetImportWorkerHW2.log
[Licensing::Client] Successfully resolved entitlement details
[Worker0] Imported GUID: 8a752aaaadd2410dd9a84e01c1bace9f - Path: Packages/com.unity.modules.uielements/package.ModuleCompilationTrigger - Importer: ScriptedImporter/UnityEditor.QuickSearchModule:UnityEditor.Search:ASIAI0B -> (ImportResultId: 'cce5642deefb9ba24a5f60e5ef30a978') in 0.0042339 seconds
[Licensing::Client] Successfully resolved entitlement details
[Worker0] Imported GUID: 54407f5deee4439eb1885bee01956e9c - Path: Packages/com.unity.multiplayer.center/Editor/Analytics/AnalyticsUtils.cs - Importer: ScriptedImporter/UnityEditor.QuickSearchModule:UnityEditor.Search:ASIAI0B -> (ImportResultId: '14a0a5d8d543f70bab6b3a7c305a8711') in 0.0208845 seconds
[Worker0] Imported GUID: 1bd8e2f47a6c4478ab8f0ade7687e79b - Path: Packages/com.unity.multiplayer.center/Common/IOnboardingSection.cs - Importer: ScriptedImporter/UnityEditor.QuickSearchModule:UnityEditor.Search:ASIAI0B -> (ImportResultId: '8f51577bbfa3fe3e513e48f585d81456') in 0.002472 seconds
[Worker0] Imported GUID: be13c398521e3c1ad21fb9da30ab2ab6 - Path: Packages/com.unity.modules.imgui/package.ModuleCompilationTrigger - Importer: ScriptedImporter/UnityEditor.QuickSearchModule:UnityEditor.Search:ASIAI0B -> (ImportResultId: '311b9bb67a6f1be7ee29ec783e10dad8') in 0.0022292 seconds
[Worker0] Imported GUID: 6d56244f8c39a851975d3c0bd432c66f - Path: Packages/com.unity.modules.terrain/package.json - Importer: ScriptedImporter/UnityEditor.QuickSearchModule:UnityEditor.Search:ASIAI0B -> (ImportResultId: '8dec55052b0af807e32d2dcb47f889bc') in 0.0026523 seconds
[Worker0] Imported GUID: 4f0f9b9f3ed97ad2b9ba8f1a8e4666c2 - Path: Packages/com.unity.modules.uielements/package.json - Importer: ScriptedImporter/UnityEditor.QuickSearchModule:UnityEditor.Search:ASIAI0B -> (ImportResultId: 'b945e911db9d62c09dc5407c62d0ce08') in 0.0019819 seconds
[Worker0] Imported GUID: 833328f3bcf144cc94f92e286e86b427 - Path: Packages/com.unity.multiplayer.center/Common/IOnboardingSectionAnalyticsProvider.cs - Importer: ScriptedImporter/UnityEditor.QuickSearchModule:UnityEditor.Search:ASIAI0B -> (ImportResultId: 'b36a6a4b9fc645a09dfff64c7447c8da') in 0.0022623 seconds
[Worker0] Imported GUID: 222fc39b0c85d800342910da2cd64781 - Path: Packages/com.unity.modules.assetbundle/package.ModuleCompilationTrigger - Importer: ScriptedImporter/UnityEditor.QuickSearchModule:UnityEditor.Search:ASIAI0B -> (ImportResultId: 'd3bfb3781b9127c1c1d8ac22df31e0b9') in 0.0040607 seconds
[Worker0] Imported GUID: e1ef8466c8fd01a549f10baa4d51fa17 - Path: Packages/com.unity.modules.assetbundle/package.json - Importer: ScriptedImporter/UnityEditor.QuickSearchModule:UnityEditor.Search:ASIAI0B -> (ImportResultId: 'c794331080cddf3fd2f04c15d2e6544a') in 0.0032931 seconds
[Worker0] Imported GUID: e9df95f53f1c1d0c9199e235d6c42b50 - Path: Packages/com.unity.modules.audio/package.json - Importer: ScriptedImporter/UnityEditor.QuickSearchModule:UnityEditor.Search:ASIAI0B -> (ImportResultId: '7fc9d03976537297191b439c399406c6') in 0.0041033 seconds
[Worker0] Imported GUID: 2c814623cb42764d304be0c5ddd03ceb - Path: Packages/com.unity.modules.xr/package.json - Importer: ScriptedImporter/UnityEditor.QuickSearchModule:UnityEditor.Search:ASIAI0B -> (ImportResultId: 'bffed1379e41f3a3462d7960435c2ad4') in 0.0027596 seconds
[Worker0] Imported GUID: c359bcaf4a0bc4040aac650bf14ec619 - Path: Packages/com.unity.multiplayer.center/README.md - Importer: ScriptedImporter/UnityEditor.QuickSearchModule:UnityEditor.Search:ASIAI0B -> (ImportResultId: 'f23f5918faa1ed7dd8560f27822bf12a') in 0.0028065 seconds
[Worker0] Imported GUID: 89b6d933e4994d0980f6b48dc2b8779c - Path: Packages/com.unity.multiplayer.center/Common/AnswerData.cs - Importer: ScriptedImporter/UnityEditor.QuickSearchModule:UnityEditor.Search:ASIAI0B -> (ImportResultId: 'f18b5ab92db9c587e3bc59c53e815dfe') in 0.0022821 seconds
[Worker0] Imported GUID: 553737203d61a8109f9544a97201e1aa - Path: Packages/com.unity.modules.unitywebrequestaudio/package.ModuleCompilationTrigger - Importer: ScriptedImporter/UnityEditor.QuickSearchModule:UnityEditor.Search:ASIAI0B -> (ImportResultId: '55f9cd02de681239a12816b011d3e8b9') in 0.0023419 seconds
[Worker0] Imported GUID: 0a9ab22e4e004c7db707338bccb538b9 - Path: Packages/com.unity.multiplayer.center/Common/Preset.cs - Importer: ScriptedImporter/UnityEditor.QuickSearchModule:UnityEditor.Search:ASIAI0B -> (ImportResultId: 'c09a62783067fadb5b04d8eec24b8630') in 0.0022795 seconds
[Worker0] Imported GUID: 50d5ff9fe4ab4477b7ea648da183e9d1 - Path: Packages/com.unity.multiplayer.center/Common/StyleConstants.cs - Importer: ScriptedImporter/UnityEditor.QuickSearchModule:UnityEditor.Search:ASIAI0B -> (ImportResultId: '0349031e5f62076c6cb1a6b264b19d53') in 0.0022518 seconds
[Worker0] Imported GUID: c7a8b0317f4e68556d7509828e9e211e - Path: Packages/com.unity.modules.xr/package.ModuleCompilationTrigger - Importer: ScriptedImporter/UnityEditor.QuickSearchModule:UnityEditor.Search:ASIAI0B -> (ImportResultId: '8e1be0c8c983ba2fd37f731e8c54dc01') in 0.0025461 seconds
[Worker0] Imported GUID: 185e678d90804a8a85ab38276eca86fb - Path: Packages/com.unity.multiplayer.center/Editor/Analytics/MultiplayerCenterAnalytics.cs - Importer: ScriptedImporter/UnityEditor.QuickSearchModule:UnityEditor.Search:ASIAI0B -> (ImportResultId: '5476fab2950822530a341d2c9f4c8f58') in 0.0029592 seconds
[Worker0] Imported GUID: 70554f6c9e4114e1084bb38f9ea400ce - Path: Packages/com.unity.multiplayer.center/LICENSE.md - Importer: ScriptedImporter/UnityEditor.QuickSearchModule:UnityEditor.Search:ASIAI0B -> (ImportResultId: '3d196a53aa66f43801e2008caa0db7a9') in 0.0025338 seconds
[Worker0] Imported GUID: 80beef77cb19e713c7c2d481b65ed485 - Path: Packages/com.unity.modules.screencapture/package.json - Importer: ScriptedImporter/UnityEditor.QuickSearchModule:UnityEditor.Search:ASIAI0B -> (ImportResultId: '0170c89deedea339d0684667ff727a01') in 0.002638 seconds
[Worker0] Imported GUID: df0857f6a11054383be91b1f8e1b5800 - Path: Packages/com.unity.multiplayer.center/package.json - Importer: ScriptedImporter/UnityEditor.QuickSearchModule:UnityEditor.Search:ASIAI0B -> (ImportResultId: 'a591a289aa4781afb99a70bd64761299') in 0.00215 seconds
[Worker0] Imported GUID: be17709716f1648caa5de6d0c38103ed - Path: Packages/com.unity.multiplayer.center/Editor/Unity.Multiplayer.Center.Editor.asmdef - Importer: ScriptedImporter/UnityEditor.QuickSearchModule:UnityEditor.Search:ASIAI0B -> (ImportResultId: '8d46cdc4e5024fbfbd509317c2a7cf9d') in 0.0037397 seconds
[Worker0] Imported GUID: ae87256f29d9c8b50490f4caf75b2c41 - Path: Packages/com.unity.modules.unitywebrequestwww/package.ModuleCompilationTrigger - Importer: ScriptedImporter/UnityEditor.QuickSearchModule:UnityEditor.Search:ASIAI0B -> (ImportResultId: '37d0457f485df6e2c748ca68815b0839') in 0.0022539 seconds
[Worker0] Imported GUID: 676a3852811f4199813ce7f6dbac6880 - Path: Packages/com.unity.multiplayer.center/Editor/Features/PackageManagement.cs - Importer: ScriptedImporter/UnityEditor.QuickSearchModule:UnityEditor.Search:ASIAI0B -> (ImportResultId: '1b31112a2a56d82961b8a2520500a0b8') in 0.0026225 seconds
[Worker0] Imported GUID: 052c764978664486a9c04518899ddf57 - Path: Packages/com.unity.multiplayer.center/Editor/MultiplayerCenterWindow/RecommendationTabView.cs - Importer: ScriptedImporter/UnityEditor.QuickSearchModule:UnityEditor.Search:ASIAI0B -> (ImportResultId: 'ba9cd11bc418559b9e0dd9a216035a00') in 0.002058 seconds
[Worker0] Imported GUID: a31a332ce3485f00f7df8d987302a29c - Path: Packages/com.unity.modules.unitywebrequesttexture/package.ModuleCompilationTrigger - Importer: ScriptedImporter/UnityEditor.QuickSearchModule:UnityEditor.Search:ASIAI0B -> (ImportResultId: 'dea2e19a3584e39a8f9a701191031174') in 0.0028691 seconds
[Worker0] Imported GUID: d1084186a4004823abee9b87c8ddf198 - Path: Packages/com.unity.multiplayer.center/Editor/MultiplayerCenterWindow/RecommendationViewBottomBar.cs - Importer: ScriptedImporter/UnityEditor.QuickSearchModule:UnityEditor.Search:ASIAI0B -> (ImportResultId: 'a084dc7b12e412375ceca2bf5f9ed1e3') in 0.0029392 seconds
[Worker0] Imported GUID: d85e5eeaf8f135aeaaebdc8aa3cff6c3 - Path: Packages/com.unity.modules.umbra/package.json - Importer: ScriptedImporter/UnityEditor.QuickSearchModule:UnityEditor.Search:ASIAI0B -> (ImportResultId: '178347515c565f4175c20bb16210b87d') in 0.0026604 seconds
[Worker0] Imported GUID: 84abd2ab34a74600a33a3bb9d72859fe - Path: Packages/com.unity.multiplayer.center/Common/Unity.Multiplayer.Center.Common.asmdef - Importer: ScriptedImporter/UnityEditor.QuickSearchModule:UnityEditor.Search:ASIAI0B -> (ImportResultId: 'a8548911db20be7a15184a08c7f43d5b') in 0.0030977 seconds
[Worker0] Imported GUID: 4b518b37798c97b0f860962cbf615533 - Path: Packages/com.unity.modules.unitywebrequestaudio/package.json - Importer: ScriptedImporter/UnityEditor.QuickSearchModule:UnityEditor.Search:ASIAI0B -> (ImportResultId: 'c36a133fed0132727fce20f919ae8ee4') in 0.0029991 seconds
[Worker0] Imported GUID: ec737041edec4a5b93f7953a6ffe9f06 - Path: Packages/com.unity.multiplayer.center/Common/SelectedSolutionsData.cs - Importer: ScriptedImporter/UnityEditor.QuickSearchModule:UnityEditor.Search:ASIAI0B -> (ImportResultId: 'ff9ae9bcf75e5d8f2d52f1fa45d0ed32') in 0.0024835 seconds
[Worker0] Imported GUID: b5930dbc378b45d406aeb881f06b6dfa - Path: Packages/com.unity.modules.physicscore2d/package.json - Importer: ScriptedImporter/UnityEditor.QuickSearchModule:UnityEditor.Search:ASIAI0B -> (ImportResultId: '2b0be9f54a477cd531370a8e57508d98') in 0.0024383 seconds
[Worker0] Imported GUID: a1c42005fe7c5d78585a77ce396a5eea - Path: Packages/com.unity.modules.tilemap/package.ModuleCompilationTrigger - Importer: ScriptedImporter/UnityEditor.QuickSearchModule:UnityEditor.Search:ASIAI0B -> (ImportResultId: '44c908435e628133a7defd1154d70f8e') in 0.0033661 seconds
[Worker0] Imported GUID: e9faa4a7023c43c5805642250c703f48 - Path: Packages/com.unity.multiplayer.center/Editor/Analytics/OnboardingSectionAnalyticsProvider.cs - Importer: ScriptedImporter/UnityEditor.QuickSearchModule:UnityEditor.Search:ASIAI0B -> (ImportResultId: 'c7271ab6bb732f3006bbbd26e3063594') in 0.0026305 seconds
[Worker0] Imported GUID: fcbb62ff857b4cf49e74f5f9aca6e8d6 - Path: Packages/com.unity.multiplayer.center/Editor/OnBoarding/SectionsFinder.cs - Importer: ScriptedImporter/UnityEditor.QuickSearchModule:UnityEditor.Search:ASIAI0B -> (ImportResultId: '39c7e207249d2f98339ddaa7a919d057') in 0.0024934 seconds
[Worker0] Imported GUID: cbb1a39d56ce4d9ac1a46ac505893fa7 - Path: Packages/com.unity.modules.terrainphysics/package.ModuleCompilationTrigger - Importer: ScriptedImporter/UnityEditor.QuickSearchModule:UnityEditor.Search:ASIAI0B -> (ImportResultId: 'db9d4a4b6f76a68665d0f15382ee27eb') in 0.0025626 seconds
[Worker0] Imported GUID: cd561f5f687aed43bf280c27a84f79e3 - Path: Packages/com.unity.modules.screencapture/package.ModuleCompilationTrigger - Importer: ScriptedImporter/UnityEditor.QuickSearchModule:UnityEditor.Search:ASIAI0B -> (ImportResultId: 'e0a6ec3126448b15bf229500a4df7e40') in 0.0032218 seconds
[Worker0] Imported GUID: 1b6246f2248883964991eac9e9b4817c - Path: Packages/com.unity.modules.umbra/package.ModuleCompilationTrigger - Importer: ScriptedImporter/UnityEditor.QuickSearchModule:UnityEditor.Search:ASIAI0B -> (ImportResultId: 'ec42f6c78b38b36e0f3266def7b9e322') in 0.0031406 seconds
[Worker0] Imported GUID: c8f6fa942856442b8bd72594d3ce7363 - Path: Packages/com.unity.multiplayer.center/Third Party Notices.md - Importer: ScriptedImporter/UnityEditor.QuickSearchModule:UnityEditor.Search:ASIAI0B -> (ImportResultId: 'b7dac24ea459800d8c9c5a758fe6365d') in 0.0028901 seconds
[Worker0] Imported GUID: 40bf3cec17fa0b49fe04443c8332d638 - Path: Packages/com.unity.modules.jsonserialize/package.json - Importer: ScriptedImporter/UnityEditor.QuickSearchModule:UnityEditor.Search:ASIAI0B -> (ImportResultId: '2d4d700f39e49d7119d5e46a2ae48c89') in 0.0025865 seconds
[Worker0] Imported GUID: 042dc296246916648e55a43d0eeb2036 - Path: Packages/com.unity.modules.audio/package.ModuleCompilationTrigger - Importer: ScriptedImporter/UnityEditor.QuickSearchModule:UnityEditor.Search:ASIAI0B -> (ImportResultId: '458dc25af1f85cb097893ddcd0c44392') in 0.0047376 seconds
[Worker0] Imported GUID: d3cbe921f7b3d9a3257e7c61a5761796 - Path: Packages/com.unity.modules.terrainphysics/package.json - Importer: ScriptedImporter/UnityEditor.QuickSearchModule:UnityEditor.Search:ASIAI0B -> (ImportResultId: '29480c2303f1bff5ae9ed0c8363ece15') in 0.0028066 seconds
[Worker0] Imported GUID: 14e86f88e9a8c9c448d7e7df92f2aeec - Path: Packages/com.unity.modules.physicscore2d/package.ModuleCompilationTrigger - Importer: ScriptedImporter/UnityEditor.QuickSearchModule:UnityEditor.Search:ASIAI0B -> (ImportResultId: '3af568735cc3b91f06f3efc446eeacad') in 0.0044391 seconds
[Licensing::Client] Successfully resolved entitlement details
[Worker0] Imported GUID: 51566b3736df4282bbe76645014b0cc5 - Path: Packages/com.unity.multiplayer.center/Editor/AssemblyInfo.cs - Importer: ScriptedImporter/UnityEditor.QuickSearchModule:UnityEditor.Search:ASIAI0B -> (ImportResultId: '075f50f503346793c94bb2896b41a872') in 0.0037686 seconds
[Worker0] Imported GUID: 4cee1dc929764056ac40ece91efef712 - Path: Packages/com.unity.multiplayer.center/Editor/Analytics/AnalyticsData.cs - Importer: ScriptedImporter/UnityEditor.QuickSearchModule:UnityEditor.Search:ASIAI0B -> (ImportResultId: '7a6b0e5ebf434bf57275558309c7772f') in 0.005115 seconds
[Licensing::Client] Successfully resolved entitlement details
[Worker0] Imported GUID: d0e3ad91972c66f5238f5b9b7d5ae58a - Path: Packages/com.unity.modules.unitywebrequesttexture/package.json - Importer: ScriptedImporter/UnityEditor.QuickSearchModule:UnityEditor.Search:ASIAI0B -> (ImportResultId: 'b8c47f65ddf29fbe7edf77083a4bac62') in 0.0044344 seconds
[Worker0] Imported GUID: 3bbd27b3dd7be4a74aeab8da6b0af5cc - Path: Packages/com.unity.multiplayer.center/CHANGELOG.md - Importer: ScriptedImporter/UnityEditor.QuickSearchModule:UnityEditor.Search:ASIAI0B -> (ImportResultId: '87961e2ca2f78bc6aed1c67e11ee3305') in 0.0026484 seconds
[Worker0] Imported GUID: 42fe78c8fe682715a2cb531422e6ccb3 - Path: Packages/com.unity.modules.imgui/package.json - Importer: ScriptedImporter/UnityEditor.QuickSearchModule:UnityEditor.Search:ASIAI0B -> (ImportResultId: '09b18d4c5d9cb429affbe48c643ce86c') in 0.0025857 seconds
[Worker0] Imported GUID: dd20f32039084a12a8e48dffd4d58f48 - Path: Packages/com.unity.multiplayer.center/Editor/Analytics/DebugAnalytics.cs - Importer: ScriptedImporter/UnityEditor.QuickSearchModule:UnityEditor.Search:ASIAI0B -> (ImportResultId: '3d40e6a67c960fa44dbe8a8f23876e49') in 0.0030194 seconds
[Worker0] Imported GUID: e6a135e3ea9cb46795d1b0e05ac3e1e5 - Path: Packages/com.unity.modules.jsonserialize/package.ModuleCompilationTrigger - Importer: ScriptedImporter/UnityEditor.QuickSearchModule:UnityEditor.Search:ASIAI0B -> (ImportResultId: '2049f41508571d6df51ff6afcfb145ae') in 0.0026515 seconds
[Licensing::Client] Successfully resolved entitlement details
[Worker0] Imported GUID: 71136fc5cf34f2cc10be0e33c0b08019 - Path: Packages/com.unity.modules.unityanalytics/package.ModuleCompilationTrigger - Importer: ScriptedImporter/UnityEditor.QuickSearchModule:UnityEditor.Search:ASIAI0B -> (ImportResultId: 'c0892975baaaed4165d2f3fcdbb2e1e4') in 0.0027027 seconds
[Worker0] Imported GUID: 8bce0b24c28e45d884acfcf49a3b8945 - Path: Packages/com.unity.multiplayer.center/Editor/Analytics/MultiplayerCenterAnalyticsFactory.cs - Importer: ScriptedImporter/UnityEditor.QuickSearchModule:UnityEditor.Search:ASIAI0B -> (ImportResultId: '3eb40f3e91b489551a4018cfb4138457') in 0.0033515 seconds
[Worker0] Imported GUID: fa27413e9edb06a6058d6c894eca0338 - Path: Packages/com.unity.modules.unitywebrequestwww/package.json - Importer: ScriptedImporter/UnityEditor.QuickSearchModule:UnityEditor.Search:ASIAI0B -> (ImportResultId: '41d45609e7b92ce25e7900c70fc3941e') in 0.0034012 seconds
[Worker0] Imported GUID: d2c2caab1f2642afa6c07dec054fd34f - Path: Packages/com.unity.multiplayer.center/Editor/OnBoarding/GettingStartedTabView.cs - Importer: ScriptedImporter/UnityEditor.QuickSearchModule:UnityEditor.Search:ASIAI0B -> (ImportResultId: 'bace79c82df599973cc4d5326daa207a') in 0.002669 seconds
[Worker0] Imported GUID: 322b0121d39f45208a3d933e6926a9d8 - Path: Packages/com.unity.multiplayer.center/Editor/OnBoarding/QuickstartPackageHandling.cs - Importer: ScriptedImporter/UnityEditor.QuickSearchModule:UnityEditor.Search:ASIAI0B -> (ImportResultId: 'a74b3a8245f249d75bb68d1df8997216') in 0.0027969 seconds
[Worker0] Imported GUID: 26a4f29db434fd79025c91f6126382cc - Path: Packages/com.unity.modules.unityanalytics/package.json - Importer: ScriptedImporter/UnityEditor.QuickSearchModule:UnityEditor.Search:ASIAI0B -> (ImportResultId: '6c50b7271ac49c6f4137e71493a10dc3') in 0.0029999 seconds
[Worker0] Imported GUID: 7e006510f5f4425ca971c7de0bfbb77a - Path: Packages/com.unity.multiplayer.center/Editor/MultiplayerCenterWindow/MultiplayerCenterWindow.cs - Importer: ScriptedImporter/UnityEditor.QuickSearchModule:UnityEditor.Search:ASIAI0B -> (ImportResultId: 'ba008270344e7d5e0673110ee7495f07') in 0.0026092 seconds
[Worker0] Imported GUID: fdefed6b790f4373b0feb7d25854d8ac - Path: Packages/com.unity.multiplayer.center/Editor/MultiplayerCenterWindow/TabGroup.cs - Importer: ScriptedImporter/UnityEditor.QuickSearchModule:UnityEditor.Search:ASIAI0B -> (ImportResultId: '618ae4e126cfd52cc6ae1a2bcf2845bd') in 0.0023952 seconds
[Worker0] Imported GUID: 92a378669877c05c6071d0fed687bb95 - Path: Packages/com.unity.modules.tilemap/package.json - Importer: ScriptedImporter/UnityEditor.QuickSearchModule:UnityEditor.Search:ASIAI0B -> (ImportResultId: 'fcec9a0e49e42fc3f5f2d68faf57b70a') in 0.0025012 seconds
[Licensing::Client] Successfully resolved entitlement details
[Worker0] Imported GUID: 157e1606dfbd48dda6f01acbf49435b0 - Path: Packages/com.unity.multiplayer.center/Editor/MultiplayerCenterWindow/UI/QuestionSection.cs - Importer: ScriptedImporter/UnityEditor.QuickSearchModule:UnityEditor.Search:ASIAI0B -> (ImportResultId: 'faa9dedd6b864062dee514f11df9ada8') in 0.002318 seconds
[Worker0] Imported GUID: 525a6cca8dd9a4d28875a8fe824710d9 - Path: Packages/com.unity.multiplayer.center/Editor/MultiplayerCenterWindow/UI/Icons/d_Package.png - Importer: ScriptedImporter/UnityEditor.QuickSearchModule:UnityEditor.Search:ASIAI0B -> (ImportResultId: '777ace75952c8db50e80efba439190f4') in 0.0343341 seconds
[Worker0] Imported GUID: ca560c7d2a0d4453a50ec4f704ce9ce1 - Path: Packages/com.unity.multiplayer.center/Tests/Editor/UtilsForRecommendationTests.cs - Importer: ScriptedImporter/UnityEditor.QuickSearchModule:UnityEditor.Search:ASIAI0B -> (ImportResultId: '8223ad2708c8d89169771eeb8f47e78d') in 0.002208 seconds
[Worker0] Imported GUID: 29cbd1c6a8c9419aac357b8d4edbdc84 - Path: Packages/com.unity.multiplayer.center/Tests/Editor/QuickstartTabTests.cs - Importer: ScriptedImporter/UnityEditor.QuickSearchModule:UnityEditor.Search:ASIAI0B -> (ImportResultId: '90623629248d9c3d7805963b45d24b0b') in 0.003483 seconds
[Worker0] Imported GUID: 3595bcaa1af84e6d92e07f0258a4256c - Path: Packages/com.unity.multiplayer.center/Editor/Questionnaire/PresetData.cs - Importer: ScriptedImporter/UnityEditor.QuickSearchModule:UnityEditor.Search:ASIAI0B -> (ImportResultId: 'f311c6ac4770312fa7e7f43e657fc56f') in 0.0021569 seconds
[Worker0] Imported GUID: dab91f148d99946e7b3c3a87ecf4b973 - Path: Packages/com.unity.multiplayer.center/Editor/MultiplayerCenterWindow/UI/Icons/d_Loading.png - Importer: ScriptedImporter/UnityEditor.QuickSearchModule:UnityEditor.Search:ASIAI0B -> (ImportResultId: 'dae4c5fc4c0499e9a9df1277e849b105') in 0.0048257 seconds
[Worker0] Imported GUID: cfc5ccd4416341629caf73dd3e318aac - Path: Packages/com.unity.multiplayer.center/Tests/Editor/UtilsForMultiplayerCenterTests.cs - Importer: ScriptedImporter/UnityEditor.QuickSearchModule:UnityEditor.Search:ASIAI0B -> (ImportResultId: '536580160551c7c525c0b3c0eee76b99') in 0.0025994 seconds
[Worker0] Imported GUID: 1c3db2c484234a94a19c3acdc2539575 - Path: Packages/com.unity.multiplayer.center/Editor/MultiplayerCenterWindow/UI/StyleClasses.cs - Importer: ScriptedImporter/UnityEditor.QuickSearchModule:UnityEditor.Search:ASIAI0B -> (ImportResultId: 'c7b3db003f960aef38837399b0daf9e1') in 0.0023164 seconds
[Worker0] Imported GUID: ad1d29f4654194951a3c8bf507914d05 - Path: Packages/com.unity.multiplayer.center/Editor/MultiplayerCenterWindow/UI/Icons/CloudCode.png - Importer: ScriptedImporter/UnityEditor.QuickSearchModule:UnityEditor.Search:ASIAI0B -> (ImportResultId: 'd9170aa2499b967fc1c08af7686792dd') in 0.004812 seconds
[Licensing::Client] Successfully resolved entitlement details
[Worker0] Imported GUID: f1ac2efb1bcd4dfd95dc196ed3c11367 - Path: Packages/com.unity.multiplayer.center/Editor/MultiplayerCenterWindow/UI/light.uss - Importer: ScriptedImporter/UnityEditor.QuickSearchModule:UnityEditor.Search:ASIAI0B -> (ImportResultId: '650843905c3e84043513bcf967f10a45') in 0.0231277 seconds
[Worker0] Imported GUID: d7711b0cc806d430b8a95f1e33ec3649 - Path: Packages/com.unity.multiplayer.center/Editor/MultiplayerCenterWindow/UI/Icons/CustomNetcode@2x.png - Importer: ScriptedImporter/UnityEditor.QuickSearchModule:UnityEditor.Search:ASIAI0B -> (ImportResultId: '6c1c587c7eb1542d316e29a981c25ebf') in 0.0056836 seconds
[Worker0] Imported GUID: 7ca5cd79ef39442e599efb761abcbaac - Path: Packages/com.unity.multiplayer.center/Editor/Questionnaire/QuestionnaireData.cs - Importer: ScriptedImporter/UnityEditor.QuickSearchModule:UnityEditor.Search:ASIAI0B -> (ImportResultId: '9b815f9367385e4030cf8609dd9709fd') in 0.0020829 seconds
[Worker0] Imported GUID: 787ec048daec145b580d1134da5dd278 - Path: Packages/com.unity.multiplayer.center/Tests/Editor/Unity.Multiplayer.Center.Editor.Tests.asmdef - Importer: ScriptedImporter/UnityEditor.QuickSearchModule:UnityEditor.Search:ASIAI0B -> (ImportResultId: 'be9384ef2fd6134f584f5a90283363d6') in 0.002426 seconds
[Worker0] Imported GUID: c2c1cf24bea5410ea530b2c8a875b293 - Path: Packages/com.unity.multiplayer.center/Tests/Editor/AnalyticsUtilsTests.cs - Importer: ScriptedImporter/UnityEditor.QuickSearchModule:UnityEditor.Search:ASIAI0B -> (ImportResultId: '18efb5534661db0e90e189ad5e3d4e40') in 0.0018739 seconds
[Worker0] Imported GUID: 0d9328c739784454ad03d404f395a0ab - Path: Packages/com.unity.multiplayer.center/Editor/MultiplayerCenterWindow/UI/ViewUtils.cs - Importer: ScriptedImporter/UnityEditor.QuickSearchModule:UnityEditor.Search:ASIAI0B -> (ImportResultId: '423ea2e43684547e376700115e2f5e9e') in 0.0024645 seconds
[Worker0] Imported GUID: 36b51591e13f48b5bed734724d149fb4 - Path: Packages/com.unity.multiplayer.center/Tests/Editor/RecommendationAnalyticsTests.cs - Importer: ScriptedImporter/UnityEditor.QuickSearchModule:UnityEditor.Search:ASIAI0B -> (ImportResultId: '8faf81caed69a0b9bbdc9d42213ff5c5') in 0.0024987 seconds
[Worker0] Imported GUID: 8110dd6ddbc04e58b50978562ce0c00a - Path: Packages/com.unity.multiplayer.center/Tests/Editor/ExpectedPresetRecommendations.cs - Importer: ScriptedImporter/UnityEditor.QuickSearchModule:UnityEditor.Search:ASIAI0B -> (ImportResultId: '90b40c56f8ef1f0be762ad5b50f8c3e8') in 0.003652 seconds
[Worker0] Imported GUID: 1b4c88814ec6241eb8e327515399c006 - Path: Packages/com.unity.multiplayer.center/Editor/MultiplayerCenterWindow/UI/Icons/d_PackageManager.png - Importer: ScriptedImporter/UnityEditor.QuickSearchModule:UnityEditor.Search:ASIAI0B -> (ImportResultId: 'dae3acd6c19de8ba933fb7f96f6f423b') in 0.0066274 seconds
[Worker0] Imported GUID: 6cfa81557736450abfb73264580451c1 - Path: Packages/com.unity.multiplayer.center/Tests/Editor/SectionHeaderTests.cs - Importer: ScriptedImporter/UnityEditor.QuickSearchModule:UnityEditor.Search:ASIAI0B -> (ImportResultId: '7f19c022b6bf8ca9b57fa6b7ac4039de') in 0.0024146 seconds
[Worker0] Imported GUID: 52a77c59214a4cb5a43fc7b0e097d832 - Path: Packages/com.unity.multiplayer.center/Editor/Recommendations/RecommendationUtils.cs - Importer: ScriptedImporter/UnityEditor.QuickSearchModule:UnityEditor.Search:ASIAI0B -> (ImportResultId: '63c10448f36d171ca3a32d51e0814034') in 0.0034711 seconds
[Worker0] Imported GUID: c3d3226643b94888b02e25de0a9de55f - Path: Packages/com.unity.multiplayer.center/Tests/Editor/UserVisibleTextTests.cs - Importer: ScriptedImporter/UnityEditor.QuickSearchModule:UnityEditor.Search:ASIAI0B -> (ImportResultId: 'edda7a007750fb8e21c465551c03ca03') in 0.0026072 seconds
[Worker0] Imported GUID: a1c995459c0d418c88dd274e04840c5d - Path: Packages/com.unity.multiplayer.center/Editor/Recommendations/RecommenderSystem.cs - Importer: ScriptedImporter/UnityEditor.QuickSearchModule:UnityEditor.Search:ASIAI0B -> (ImportResultId: '1ae1a6ecb0b86ab1de32b521463686a5') in 0.0024112 seconds
[Worker0] Imported GUID: e4439b4b4bb24a5eb61c59c5a67aa5a0 - Path: Packages/com.unity.multiplayer.center/Editor/MultiplayerCenterWindow/UI/QuestionViewFactory.cs - Importer: ScriptedImporter/UnityEditor.QuickSearchModule:UnityEditor.Search:ASIAI0B -> (ImportResultId: '4e475d05e9297e50fe2654cf12cf6aad') in 0.0028622 seconds
[Worker0] Imported GUID: 38b78df4a34c94fa6a52c90239606ff1 - Path: Packages/com.unity.multiplayer.center/Editor/MultiplayerCenterWindow/UI/Icons/DedicatedServer@2x.png - Importer: ScriptedImporter/UnityEditor.QuickSearchModule:UnityEditor.Search:ASIAI0B -> (ImportResultId: '2cfee67b5250513145411be3ae2019f1') in 0.0056589 seconds
[Worker0] Imported GUID: 0ddc3b8a12c84454b04e4d6bdd88241c - Path: Packages/com.unity.multiplayer.center/Editor/Recommendations/RecommendationViewData.cs - Importer: ScriptedImporter/UnityEditor.QuickSearchModule:UnityEditor.Search:ASIAI0B -> (ImportResultId: '59011fe3179867ef4501650c47473d48') in 0.0026346 seconds
[Worker0] Imported GUID: a23c0dd570fd44b57a03a8880002fcca - Path: Packages/com.unity.multiplayer.center/Editor/MultiplayerCenterWindow/UI/Icons/CloudCode@2x.png - Importer: ScriptedImporter/UnityEditor.QuickSearchModule:UnityEditor.Search:ASIAI0B -> (ImportResultId: 'cbd02c55eccd68a5c03fbf68f2eae5a5') in 0.0050327 seconds
[Worker0] Imported GUID: 741761e72e6f24446bd8ba03ea3d0261 - Path: Packages/com.unity.multiplayer.center/Editor/MultiplayerCenterWindow/UI/Icons/d_Questionnaire.png - Importer: ScriptedImporter/UnityEditor.QuickSearchModule:UnityEditor.Search:ASIAI0B -> (ImportResultId: '0c89ed3747332a044fab8a5836f5cf94') in 0.0073914 seconds
[Worker0] Imported GUID: d63245ece6d8f476c8c7ca24da9937f6 - Path: Packages/com.unity.multiplayer.center/Editor/MultiplayerCenterWindow/UI/Icons/DistributedAuthority.png - Importer: ScriptedImporter/UnityEditor.QuickSearchModule:UnityEditor.Search:ASIAI0B -> (ImportResultId: 'bb40224bf95a26bf4ee13b4d60e38fee') in 0.0055609 seconds
[Worker0] Imported GUID: 3fe892784421e47f5aa40c2784a6cb3e - Path: Packages/com.unity.multiplayer.center/Editor/MultiplayerCenterWindow/UI/Icons/DedicatedServer.png - Importer: ScriptedImporter/UnityEditor.QuickSearchModule:UnityEditor.Search:ASIAI0B -> (ImportResultId: 'b9b5fd4ce33bcb5e97e0fb2b8be516af') in 0.0060527 seconds
[Worker0] Imported GUID: 29395f0639574c1fbc8b729aa257fb84 - Path: Packages/com.unity.multiplayer.center/Editor/MultiplayerCenterWindow/UI/Icons/d_Check.png - Importer: ScriptedImporter/UnityEditor.QuickSearchModule:UnityEditor.Search:ASIAI0B -> (ImportResultId: '286733a476089e1c768574d8337808f0') in 0.0055102 seconds
[Worker0] Imported GUID: a659150180ae3489ba41c71780ba3779 - Path: Packages/com.unity.multiplayer.center/Editor/Questionnaire/Questionnaire.questionnaire - Importer: ScriptedImporter/UnityEditor.QuickSearchModule:UnityEditor.Search:ASIAI0B -> (ImportResultId: 'bbee8e151cbfaa0e953fd1f7afa1d792') in 0.0025213 seconds
[Worker0] Imported GUID: b66d076cdcfe3b14388de66307a0e7ff - Path: Packages/com.unity.multiplayer.center/Editor/Recommendations/RecommendationData_6000.0.recommendations - Importer: ScriptedImporter/UnityEditor.QuickSearchModule:UnityEditor.Search:ASIAI0B -> (ImportResultId: 'cd32381042077d6156ffae5ad012a94e') in 0.0049905 seconds
[Worker0] Imported GUID: c37c4c45cacc46edb43b8c32617b3e34 - Path: Packages/com.unity.multiplayer.center/Tests/Editor/UtilsForGettingStartedTabTests.cs - Importer: ScriptedImporter/UnityEditor.QuickSearchModule:UnityEditor.Search:ASIAI0B -> (ImportResultId: 'ebc5ea208c324144a9b29a49e9dd15d8') in 0.0025017 seconds
[Worker0] Imported GUID: 77be953cf28de42a4ad8532539fef3f5 - Path: Packages/com.unity.multiplayer.center/Editor/MultiplayerCenterWindow/UI/Icons/d_PackageInstalled.png - Importer: ScriptedImporter/UnityEditor.QuickSearchModule:UnityEditor.Search:ASIAI0B -> (ImportResultId: 'f7a7b7a217e483a730e968c2c5311174') in 0.005948 seconds
[Worker0] Imported GUID: 38a11839c22b4e67aa2e508d906edf65 - Path: Packages/com.unity.multiplayer.center/Editor/Recommendations/RecommenderSystemData.cs - Importer: ScriptedImporter/UnityEditor.QuickSearchModule:UnityEditor.Search:ASIAI0B -> (ImportResultId: '1669501ac53a703d948c95e17e709bc6') in 0.0034775 seconds
[Worker0] Imported GUID: 5d117d33f89d41cd9123918383c9b981 - Path: Packages/com.unity.multiplayer.center/Editor/Questionnaire/QuestionnaireEditor.cs - Importer: ScriptedImporter/UnityEditor.QuickSearchModule:UnityEditor.Search:ASIAI0B -> (ImportResultId: 'bc5e9388ef708144c87a93ce223d7a62') in 0.002572 seconds
[Worker0] Imported GUID: b46a48f780f84026b9d1e73ee1b0121d - Path: Packages/com.unity.multiplayer.center/Editor/Recommendations/RecommendationType.cs - Importer: ScriptedImporter/UnityEditor.QuickSearchModule:UnityEditor.Search:ASIAI0B -> (ImportResultId: 'b38ead04508a66e10a55bd8114c2f553') in 0.0021224 seconds
[Worker0] Imported GUID: 0354877031b64465ea7e5cafea1a2653 - Path: Packages/com.unity.multiplayer.center/Editor/MultiplayerCenterWindow/UI/Icons/DistributedAuthority@2x.png - Importer: ScriptedImporter/UnityEditor.QuickSearchModule:UnityEditor.Search:ASIAI0B -> (ImportResultId: '13b466d67e00dd3443a49b735e52eb25') in 0.0047959 seconds
[Worker0] Imported GUID: 7456ea4ba2dcd48d3909b82e610f2048 - Path: Packages/com.unity.multiplayer.center/Tests/Runtime/PlaceholderTest.cs - Importer: ScriptedImporter/UnityEditor.QuickSearchModule:UnityEditor.Search:ASIAI0B -> (ImportResultId: '56d8a05b5fec7afa6a2cceb6f0cb53ee') in 0.0022343 seconds
[Worker0] Imported GUID: 89ffa359141b49fea9bfa6a1db3b18be - Path: Packages/com.unity.multiplayer.center/Tests/Editor/AssemblyInfo.cs - Importer: ScriptedImporter/UnityEditor.QuickSearchModule:UnityEditor.Search:ASIAI0B -> (ImportResultId: '9df7345d0ac4e064bd7d36a4c4d20222') in 0.0031791 seconds
[Worker0] Imported GUID: d9beb5106d424f23902054f76d4b673d - Path: Packages/com.unity.multiplayer.center/Editor/Questionnaire/Logic.cs - Importer: ScriptedImporter/UnityEditor.QuickSearchModule:UnityEditor.Search:ASIAI0B -> (ImportResultId: '90589b78a66c2ef9ecafa5d60072f83d') in 0.0033012 seconds
[Worker0] Imported GUID: 23342257960b4b618e6f7c444137663c - Path: Packages/com.unity.multiplayer.center/Editor/Recommendations/PreReleaseHandling.cs - Importer: ScriptedImporter/UnityEditor.QuickSearchModule:UnityEditor.Search:ASIAI0B -> (ImportResultId: '109de4df3c43f0d9fab17f9eea169285') in 0.0027939 seconds
[Worker0] Imported GUID: 15513aed5d41411c887ccfe14c103337 - Path: Packages/com.unity.multiplayer.center/Tests/Editor/UserChoicesMigrationTests.cs - Importer: ScriptedImporter/UnityEditor.QuickSearchModule:UnityEditor.Search:ASIAI0B -> (ImportResultId: '8a1dbd480d605163d085470f91eacf5e') in 0.0035332 seconds
[Licensing::Client] Successfully resolved entitlement details
[Worker0] Imported GUID: f526d484b0c04a1896c469f31c713786 - Path: Packages/com.unity.multiplayer.center/Editor/Recommendations/Scoring.cs - Importer: ScriptedImporter/UnityEditor.QuickSearchModule:UnityEditor.Search:ASIAI0B -> (ImportResultId: 'd3e8bdfd4870805de6dfdb60100508ab') in 0.0022523 seconds
[Worker0] Imported GUID: c3677cd9ede84e78b2fff6331c6301da - Path: Packages/com.unity.multiplayer.center/Editor/Questionnaire/QuestionnaireObject.cs - Importer: ScriptedImporter/UnityEditor.QuickSearchModule:UnityEditor.Search:ASIAI0B -> (ImportResultId: '64665a86c7a2f554474258eaa1374125') in 0.0032673 seconds
[Worker0] Imported GUID: 0efb92c924574ec59b71b9185a6ed8fb - Path: Packages/com.unity.multiplayer.center/Tests/Editor/RecommendationTests.cs - Importer: ScriptedImporter/UnityEditor.QuickSearchModule:UnityEditor.Search:ASIAI0B -> (ImportResultId: '757e09eb90826938e73d09e4899a72ea') in 0.00312 seconds
[Worker0] Imported GUID: 4f78a544322c742b89e63fb68557b1d2 - Path: Packages/com.unity.multiplayer.center/Editor/MultiplayerCenterWindow/UI/Icons/Check.png - Importer: ScriptedImporter/UnityEditor.QuickSearchModule:UnityEditor.Search:ASIAI0B -> (ImportResultId: 'b0190cae2fcf68628a07c48d30046f6a') in 0.0057858 seconds
[Worker0] Imported GUID: 284da2a38ea043d69e1a38fd8a22bec9 - Path: Packages/com.unity.multiplayer.center/Tests/Editor/RecommenderSystemTests.cs - Importer: ScriptedImporter/UnityEditor.QuickSearchModule:UnityEditor.Search:ASIAI0B -> (ImportResultId: 'a7ebc3bd99c9a397d050123776f19853') in 0.002116 seconds
[Worker0] Imported GUID: dce12af736e0a4a1ba35d6424f897dc9 - Path: Packages/com.unity.multiplayer.center/Editor/MultiplayerCenterWindow/UI/Icons/CustomNetcode.png - Importer: ScriptedImporter/UnityEditor.QuickSearchModule:UnityEditor.Search:ASIAI0B -> (ImportResultId: '955f6ebf8531d1692df47d96d22a3a39') in 0.0061311 seconds
[Worker0] Imported GUID: b2ce704e56cc84fb3b347499263c6244 - Path: Packages/com.unity.multiplayer.center/Editor/MultiplayerCenterWindow/UI/Icons/ClientHosted.png - Importer: ScriptedImporter/UnityEditor.QuickSearchModule:UnityEditor.Search:ASIAI0B -> (ImportResultId: 'adddbd4eecb4acfab2474eba68394f46') in 0.0085594 seconds
[Licensing::Client] Successfully resolved entitlement details
[Worker0] Imported GUID: bac00d6e07f0b4305bb395363c89d92b - Path: Packages/com.unity.multiplayer.center/Editor/MultiplayerCenterWindow/UI/MultiplayerCenterWindow.uss - Importer: ScriptedImporter/UnityEditor.QuickSearchModule:UnityEditor.Search:ASIAI0B -> (ImportResultId: 'f72d96fa7b2fb705916c035f8a8c818e') in 0.0172325 seconds
[Worker0] Imported GUID: b6a02e450cd04bb781e7728f2056251c - Path: Packages/com.unity.multiplayer.center/Editor/Recommendations/RecommenderSystemDataObject.cs - Importer: ScriptedImporter/UnityEditor.QuickSearchModule:UnityEditor.Search:ASIAI0B -> (ImportResultId: 'c9ac80ac853c215f17ab22eb536acdb2') in 0.0030478 seconds
[Worker0] Imported GUID: a6fd0c627f5aa48fa81512221e70a11e - Path: Packages/com.unity.multiplayer.center/Editor/MultiplayerCenterWindow/UI/Icons/d_PackageManager@2x.png - Importer: ScriptedImporter/UnityEditor.QuickSearchModule:UnityEditor.Search:ASIAI0B -> (ImportResultId: 'cafceb4692e16e022fba7170f590157e') in 0.0060811 seconds
[Worker0] Imported GUID: 2664430aff4254d79887d32c3fc1e221 - Path: Packages/com.unity.multiplayer.center/Tests/Runtime/Unity.Multiplayer.Center.Tests.asmdef - Importer: ScriptedImporter/UnityEditor.QuickSearchModule:UnityEditor.Search:ASIAI0B -> (ImportResultId: '27796ff000ddbb7837c4828ca0790b28') in 0.0078499 seconds
[Worker0] Imported GUID: 18cde282a8d045bf9d245fdcfaa7271b - Path: Packages/com.unity.multiplayer.center/Editor/Questionnaire/UserChoicesObject.cs - Importer: ScriptedImporter/UnityEditor.QuickSearchModule:UnityEditor.Search:ASIAI0B -> (ImportResultId: '02967e950884319874f1fdcb45d569c8') in 0.0020699 seconds
[Licensing::Client] Successfully resolved entitlement details
[Licensing::Client] Successfully resolved entitlement details
[Worker0] Imported GUID: 318df756abab5463e9aa361360784865 - Path: Packages/com.unity.multiplayer.center/Editor/MultiplayerCenterWindow/UI/Icons/d_PackageInstalled@2x.png - Importer: ScriptedImporter/UnityEditor.QuickSearchModule:UnityEditor.Search:ASIAI0B -> (ImportResultId: 'a76d48841d979a06a0889ed8b5396fc4') in 0.0079236 seconds
[Licensing::Client] Successfully resolved entitlement details
[Worker0] Imported GUID: 84e4bbd00035e4671bf14e0380a89001 - Path: Packages/com.unity.multiplayer.center/Editor/MultiplayerCenterWindow/UI/Icons/EmptyViewIcon.png - Importer: ScriptedImporter/UnityEditor.QuickSearchModule:UnityEditor.Search:ASIAI0B -> (ImportResultId: '1c07e47b447f2fa3399ad7eeec784239') in 0.0106509 seconds
[Worker0] Imported GUID: 71b3035ad4d343cbbe033e93369d187e - Path: Packages/com.unity.multiplayer.center/Editor/Recommendations/RecommendationAuthoringData.cs - Importer: ScriptedImporter/UnityEditor.QuickSearchModule:UnityEditor.Search:ASIAI0B -> (ImportResultId: '427980ce829605296eee67721706e173') in 0.003653 seconds
[Worker0] Imported GUID: 1984cd07fe96417f9e88f5771f6b4b32 - Path: Packages/com.unity.multiplayer.center/Editor/MultiplayerCenterWindow/UI/dark.uss - Importer: ScriptedImporter/UnityEditor.QuickSearchModule:UnityEditor.Search:ASIAI0B -> (ImportResultId: '9348082c658eb6ac2cdc782efdc425ea') in 0.0078232 seconds
[Worker0] Imported GUID: bcf305fff4614e26a6979b63e954f6d6 - Path: Packages/com.unity.multiplayer.center/Editor/MultiplayerCenterWindow/UI/QuestionnaireView.cs - Importer: ScriptedImporter/UnityEditor.QuickSearchModule:UnityEditor.Search:ASIAI0B -> (ImportResultId: 'e67ec519cc3c86b7a1016c98e5a68f40') in 0.0031063 seconds
[Worker0] Imported GUID: ea491f91a8b84866ad13371715bf90c8 - Path: Packages/com.unity.multiplayer.center/Tests/Editor/LogicTests.cs - Importer: ScriptedImporter/UnityEditor.QuickSearchModule:UnityEditor.Search:ASIAI0B -> (ImportResultId: '83cdd8be79d66083051414245be40918') in 0.0031725 seconds
[Worker0] Imported GUID: 470a2d15035f44b7b2888a0db0704bff - Path: Packages/com.unity.multiplayer.center/Tests/Editor/TabGroupTests.cs - Importer: ScriptedImporter/UnityEditor.QuickSearchModule:UnityEditor.Search:ASIAI0B -> (ImportResultId: '7ecd116119f5751be452577b8f27f4db') in 0.002201 seconds
[Worker0] Imported GUID: 2adffcc506285402aa795dee6f3166d0 - Path: Packages/com.unity.multiplayer.center/Editor/MultiplayerCenterWindow/UI/Icons/EmptyViewIcon@2x.png - Importer: ScriptedImporter/UnityEditor.QuickSearchModule:UnityEditor.Search:ASIAI0B -> (ImportResultId: '11b8206e4782da5403bcfbb1e5652ebf') in 0.0066435 seconds
[Worker0] Imported GUID: c7a38e6eccbfc49778cb8b77f594a971 - Path: Packages/com.unity.multiplayer.center/Editor/MultiplayerCenterWindow/UI/Icons/ClientHosted@2x.png - Importer: ScriptedImporter/UnityEditor.QuickSearchModule:UnityEditor.Search:ASIAI0B -> (ImportResultId: 'cb6635a97e791d219cc38992275b35a5') in 0.0052685 seconds
[Worker0] Imported GUID: 679f9999c6f8f497e806a2d5d0511879 - Path: Packages/com.unity.multiplayer.center/Editor/MultiplayerCenterWindow/UI/Icons/PackageManager.png - Importer: ScriptedImporter/UnityEditor.QuickSearchModule:UnityEditor.Search:ASIAI0B -> (ImportResultId: '3d29639e5c9e7c7158b5b2c56fb01beb') in 0.0051144 seconds
[Worker0] Imported GUID: 96d14b71b907bb52333b2886e665aba6 - Path: Packages/com.unity.modules.video/package.json - Importer: ScriptedImporter/UnityEditor.QuickSearchModule:UnityEditor.Search:ASIAI0B -> (ImportResultId: '54636613543bd687e606b87159fadad5') in 0.0024687 seconds
[Worker0] Imported GUID: fe6a6957b37b61417b457a1e0541791d - Path: Packages/com.unity.modules.physics2d/package.ModuleCompilationTrigger - Importer: ScriptedImporter/UnityEditor.QuickSearchModule:UnityEditor.Search:ASIAI0B -> (ImportResultId: 'd5f452412d344c779443adbfc66d7533') in 0.0024353 seconds
[Worker0] Imported GUID: 5262b119dc3e4259a40e6d93c8ea1048 - Path: Packages/com.unity.multiplayer.center/Editor/MultiplayerCenterWindow/UI/RecommendationView/PackageSelectionView.cs - Importer: ScriptedImporter/UnityEditor.QuickSearchModule:UnityEditor.Search:ASIAI0B -> (ImportResultId: '80f0795050bf643f6d33b6d30ccde895') in 0.0023064 seconds
[Worker0] Imported GUID: 4745d06d5a7ca576dcf9e5e67b417652 - Path: Packages/com.unity.modules.accessibility/package.ModuleCompilationTrigger - Importer: ScriptedImporter/UnityEditor.QuickSearchModule:UnityEditor.Search:ASIAI0B -> (ImportResultId: 'c39dfbef2e6eebd560341a6e15d36489') in 0.0032457 seconds
[Worker0] Imported GUID: f1e4f3f59aa446bfb097357fa8ad4a8b - Path: Packages/com.unity.multiplayer.center/Editor/MultiplayerCenterWindow/UI/RecommendationView/SolutionSelectionView.cs - Importer: ScriptedImporter/UnityEditor.QuickSearchModule:UnityEditor.Search:ASIAI0B -> (ImportResultId: '1ea9fe37543f142af652ddaef3e3c512') in 0.0031368 seconds
[Worker0] Imported GUID: 9b1a5759726ef9d39a0ab82047b615f1 - Path: Packages/com.unity.modules.hierarchycore/package.json - Importer: ScriptedImporter/UnityEditor.QuickSearchModule:UnityEditor.Search:ASIAI0B -> (ImportResultId: '0e4ecc375994174a1ae0ed4b1e74d38d') in 0.0034725 seconds
[Worker0] Imported GUID: c82e859b16636ddd2ca4a1f63fd34938 - Path: Packages/com.unity.modules.androidjni/package.ModuleCompilationTrigger - Importer: ScriptedImporter/UnityEditor.QuickSearchModule:UnityEditor.Search:ASIAI0B -> (ImportResultId: '9e03f577c4e9cf1a404cee498aa3d23a') in 0.0032473 seconds
[Licensing::Client] Successfully resolved entitlement details
[Worker0] Imported GUID: 0423146d9f51c4563a0f2a8200b6cd38 - Path: Packages/com.unity.multiplayer.center/Editor/MultiplayerCenterWindow/UI/Icons/PackageInstalled@2x.png - Importer: ScriptedImporter/UnityEditor.QuickSearchModule:UnityEditor.Search:ASIAI0B -> (ImportResultId: '6a639db9c35f98b6b224628d288b7ed4') in 0.0081857 seconds
[Worker0] Imported GUID: 4c413a81cadcce7038e446e56570117e - Path: Packages/com.unity.modules.adaptiveperformance/package.json - Importer: ScriptedImporter/UnityEditor.QuickSearchModule:UnityEditor.Search:ASIAI0B -> (ImportResultId: 'cf42aef3ed1d462319663e3ed9077447') in 0.0049134 seconds
[Worker0] Imported GUID: 8d4bc6bfa28760b29f13174d6b6ea710 - Path: Packages/com.unity.modules.subsystems/package.ModuleCompilationTrigger - Importer: ScriptedImporter/UnityEditor.QuickSearchModule:UnityEditor.Search:ASIAI0B -> (ImportResultId: 'd6cd96a3b9b881a86e9a13b5ca541316') in 0.0025161 seconds
[Licensing::Client] Successfully resolved entitlement details
[Worker0] Imported GUID: 082fbee38a82835433261a5e9c00e267 - Path: Packages/com.unity.modules.cloth/package.ModuleCompilationTrigger - Importer: ScriptedImporter/UnityEditor.QuickSearchModule:UnityEditor.Search:ASIAI0B -> (ImportResultId: '376e0771a4812e87728bd2a7d88dea57') in 0.0049698 seconds
[Worker0] Imported GUID: 51fa60bb2bd1e5bc74e8cc95a7bfd5b7 - Path: Packages/com.unity.modules.ui/package.ModuleCompilationTrigger - Importer: ScriptedImporter/UnityEditor.QuickSearchModule:UnityEditor.Search:ASIAI0B -> (ImportResultId: 'f75b4008e9bf3f35c3511bfff6b32443') in 0.0047889 seconds
[Licensing::Client] Successfully resolved entitlement details
[Worker0] Imported GUID: 424a8de5def3b46dcb08edd00ad1c7bd - Path: Packages/com.unity.multiplayer.center/Editor/MultiplayerCenterWindow/UI/Icons/Loading.png - Importer: ScriptedImporter/UnityEditor.QuickSearchModule:UnityEditor.Search:ASIAI0B -> (ImportResultId: '6066f5ef8efc27301babb69112f3d32d') in 0.0084857 seconds
[Licensing::Client] Successfully resolved entitlement details
[Worker0] Imported GUID: 17f093324b67f5bd57e55b546736750e - Path: Packages/com.unity.modules.particlesystem/package.ModuleCompilationTrigger - Importer: ScriptedImporter/UnityEditor.QuickSearchModule:UnityEditor.Search:ASIAI0B -> (ImportResultId: '8c5db880567468090d27b7807bea35fd') in 0.0050758 seconds
[Worker0] Imported GUID: 87d720faa37005c08600090e04d8c739 - Path: Packages/com.unity.modules.particlesystem/package.json - Importer: ScriptedImporter/UnityEditor.QuickSearchModule:UnityEditor.Search:ASIAI0B -> (ImportResultId: '793f9e391de2774bbe71d5f8832a08af') in 0.0047868 seconds
[Licensing::Client] Successfully resolved entitlement details
[Licensing::Client] Successfully resolved entitlement details
[Worker0] Imported GUID: 83b28bcaaf34b4fd580114fb05d9f160 - Path: Packages/com.unity.multiplayer.center/Editor/MultiplayerCenterWindow/UI/Icons/NGO@2x.png - Importer: ScriptedImporter/UnityEditor.QuickSearchModule:UnityEditor.Search:ASIAI0B -> (ImportResultId: '363a781adb1b91d40eacb94771580a0d') in 0.0059742 seconds
[Worker0] Imported GUID: e2d09a26ce46dc617b54e49a534ace20 - Path: Packages/com.unity.modules.ai/package.ModuleCompilationTrigger - Importer: ScriptedImporter/UnityEditor.QuickSearchModule:UnityEditor.Search:ASIAI0B -> (ImportResultId: 'de615d41d66bc25fefbcef1154b45a65') in 0.0032942 seconds
[Worker0] Imported GUID: c88e90bad18cceb5d182d0c805883056 - Path: Packages/com.unity.modules.director/package.ModuleCompilationTrigger - Importer: ScriptedImporter/UnityEditor.QuickSearchModule:UnityEditor.Search:ASIAI0B -> (ImportResultId: '5215b9aea27152353d5bec4bc07a7536') in 0.0029198 seconds
[Worker0] Imported GUID: dd70cd654275d47db807e918055e004f - Path: Packages/com.unity.multiplayer.center/Editor/MultiplayerCenterWindow/UI/Icons/Questionnaire.png - Importer: ScriptedImporter/UnityEditor.QuickSearchModule:UnityEditor.Search:ASIAI0B -> (ImportResultId: '28f8285b71fca64c34e78ee16c746962') in 0.0079154 seconds
[Worker0] Imported GUID: 906c12bc9cd95d3963c6d58f62522c78 - Path: Packages/com.unity.modules.cloth/package.json - Importer: ScriptedImporter/UnityEditor.QuickSearchModule:UnityEditor.Search:ASIAI0B -> (ImportResultId: 'b6876e066d31fd90543883f7932656c8') in 0.0027282 seconds
[Worker0] Imported GUID: a2c71c02b50345e99168bda191ec01b4 - Path: Packages/com.unity.multiplayer.center/Editor/MultiplayerCenterWindow/UI/RecommendationView/RecommendationView.cs - Importer: ScriptedImporter/UnityEditor.QuickSearchModule:UnityEditor.Search:ASIAI0B -> (ImportResultId: '7482401854239cf2207ef5fcab35e14f') in 0.0026095 seconds
[Worker0] Imported GUID: 1af35a910338381f753e8a985eb5daab - Path: Packages/com.unity.modules.adaptiveperformance/package.ModuleCompilationTrigger - Importer: ScriptedImporter/UnityEditor.QuickSearchModule:UnityEditor.Search:ASIAI0B -> (ImportResultId: '6eefd12376461a390b50508469d5abdf') in 0.0024175 seconds
[Worker0] Imported GUID: 43674d438e19b89d7fe6af07234f3252 - Path: Packages/com.unity.modules.accessibility/package.json - Importer: ScriptedImporter/UnityEditor.QuickSearchModule:UnityEditor.Search:ASIAI0B -> (ImportResultId: '2874269fe33bcdbf1c5e1c1500a7b3c0') in 0.0024227 seconds
[Worker0] Imported GUID: 2adec19fac7df68adf1fd6eb83197bb1 - Path: Packages/com.unity.modules.wind/package.ModuleCompilationTrigger - Importer: ScriptedImporter/UnityEditor.QuickSearchModule:UnityEditor.Search:ASIAI0B -> (ImportResultId: '36b36a838c40a6b19043a8144a54ac86') in 0.0027919 seconds
[Worker0] Imported GUID: bfd567a3d1631a761bca9e99fa53d86d - Path: Packages/com.unity.modules.ui/package.json - Importer: ScriptedImporter/UnityEditor.QuickSearchModule:UnityEditor.Search:ASIAI0B -> (ImportResultId: 'df34f20b0e6e9bcb2857fd6efc339f73') in 0.0022595 seconds
[Worker0] Imported GUID: d104359075a97392b803d3d5aebc77f7 - Path: Packages/com.unity.modules.hierarchycore/package.ModuleCompilationTrigger - Importer: ScriptedImporter/UnityEditor.QuickSearchModule:UnityEditor.Search:ASIAI0B -> (ImportResultId: '451868315c2efbd9ef5c69296699087a') in 0.002132 seconds
[Worker0] Imported GUID: f62135e79edb837b2d2ee3c524da864c - Path: Packages/com.unity.modules.video/package.ModuleCompilationTrigger - Importer: ScriptedImporter/UnityEditor.QuickSearchModule:UnityEditor.Search:ASIAI0B -> (ImportResultId: 'dfe808df824547fda0447a102170d4ea') in 0.0028818 seconds
[Worker0] Imported GUID: 4616b2fa4acd1429e931835b80966c2a - Path: Packages/com.unity.multiplayer.center/Editor/MultiplayerCenterWindow/UI/Icons/PackageInstalled.png - Importer: ScriptedImporter/UnityEditor.QuickSearchModule:UnityEditor.Search:ASIAI0B -> (ImportResultId: 'df75ac47577a19d9e8d1d7f6dbcf7d59') in 0.0056664 seconds
[Worker0] Imported GUID: f7a8357347c80dc69c08d0b1a05e2122 - Path: Packages/com.unity.modules.physics2d/package.json - Importer: ScriptedImporter/UnityEditor.QuickSearchModule:UnityEditor.Search:ASIAI0B -> (ImportResultId: 'c540b591bbd1b4c24412645f7b2a10f4') in 0.0023822 seconds
[Worker0] Imported GUID: 05f7f519769978b79b31d063a7fc6fa1 - Path: Packages/com.unity.modules.unitywebrequestassetbundle/package.json - Importer: ScriptedImporter/UnityEditor.QuickSearchModule:UnityEditor.Search:ASIAI0B -> (ImportResultId: 'd9f1ba714d46eb1ae64e284164c306ad') in 0.0029258 seconds
[Worker0] Imported GUID: e9669051ff70449b5923861e0e0b8838 - Path: Packages/com.unity.multiplayer.center/Editor/MultiplayerCenterWindow/UI/Icons/N4E.png - Importer: ScriptedImporter/UnityEditor.QuickSearchModule:UnityEditor.Search:ASIAI0B -> (ImportResultId: 'dc0fb1f65479396bce937e82d70cacda') in 0.0058825 seconds
[Worker0] Imported GUID: 5c1ee4056d0ac7ad3c5a16597fcaa38a - Path: Packages/com.unity.modules.physics/package.ModuleCompilationTrigger - Importer: ScriptedImporter/UnityEditor.QuickSearchModule:UnityEditor.Search:ASIAI0B -> (ImportResultId: '954b1161269348a8124c0ddf780ced50') in 0.0023515 seconds
[Worker0] Imported GUID: 1daed49eec0f94f7ebb36dfef6159884 - Path: Packages/com.unity.multiplayer.center/Editor/MultiplayerCenterWindow/UI/Icons/NoNetcode.png - Importer: ScriptedImporter/UnityEditor.QuickSearchModule:UnityEditor.Search:ASIAI0B -> (ImportResultId: '06934bfcabb4e2e6bef1771e54e869cb') in 0.0042833 seconds
[Worker0] Imported GUID: e5c46c19ce0ce2e0103aa6f82df1043a - Path: Packages/com.unity.modules.vehicles/package.ModuleCompilationTrigger - Importer: ScriptedImporter/UnityEditor.QuickSearchModule:UnityEditor.Search:ASIAI0B -> (ImportResultId: '77066b709a365c04033a613ddd89670b') in 0.0022278 seconds
[Worker0] Imported GUID: 830a36a23cf3ab1e61fa47940a6dc35e - Path: Packages/com.unity.modules.imageconversion/package.ModuleCompilationTrigger - Importer: ScriptedImporter/UnityEditor.QuickSearchModule:UnityEditor.Search:ASIAI0B -> (ImportResultId: 'd6fc258a33cf43ff7f1a04f13ba84f47') in 0.0022263 seconds
[Worker0] Imported GUID: db8e609a39b9b231fccc54e5fa4cbd1b - Path: Packages/com.unity.modules.animation/package.ModuleCompilationTrigger - Importer: ScriptedImporter/UnityEditor.QuickSearchModule:UnityEditor.Search:ASIAI0B -> (ImportResultId: 'b22af46e5b1041ca6005ee3e1b5c0dfb') in 0.0039565 seconds
[Worker0] Imported GUID: 953fab16d15d5885b3600fcd6388b2ad - Path: Packages/com.unity.modules.imageconversion/package.json - Importer: ScriptedImporter/UnityEditor.QuickSearchModule:UnityEditor.Search:ASIAI0B -> (ImportResultId: '9b909cc97d991cdcc7b0bba0d70fab4c') in 0.0039182 seconds
[Worker0] Imported GUID: 1a4266815e998967becf686f9c71f0a6 - Path: Packages/com.unity.modules.physics/package.json - Importer: ScriptedImporter/UnityEditor.QuickSearchModule:UnityEditor.Search:ASIAI0B -> (ImportResultId: 'eaaac8eb3d3d6362879610d5c66973d9') in 0.0051826 seconds
[Worker0] Imported GUID: 6afb166a156df2d20433d981f4bb2832 - Path: Packages/com.unity.modules.vehicles/package.json - Importer: ScriptedImporter/UnityEditor.QuickSearchModule:UnityEditor.Search:ASIAI0B -> (ImportResultId: 'c474b5d9a12205295bed32fa97dd258f') in 0.0088657 seconds
[Worker0] Imported GUID: ec02776fe29df900b897106d61977735 - Path: Packages/com.unity.modules.director/package.json - Importer: ScriptedImporter/UnityEditor.QuickSearchModule:UnityEditor.Search:ASIAI0B -> (ImportResultId: '6b39d72a02e3891abd2071ea42bce6e2') in 0.0049833 seconds
[Worker0] Imported GUID: b58a826ca804e4c67bab4283ad5a6102 - Path: Packages/com.unity.multiplayer.center/Editor/MultiplayerCenterWindow/UI/Icons/NoNetcode@2x.png - Importer: ScriptedImporter/UnityEditor.QuickSearchModule:UnityEditor.Search:ASIAI0B -> (ImportResultId: '529b266086f31e1ec272a2a471bec798') in 0.0075184 seconds
[Worker0] Imported GUID: bd1af0a6633ee94ae21c7d1d702cdc12 - Path: Packages/com.unity.modules.androidjni/package.json - Importer: ScriptedImporter/UnityEditor.QuickSearchModule:UnityEditor.Search:ASIAI0B -> (ImportResultId: 'a410a09fed539142cfa0627b1b84b91b') in 0.0023804 seconds
[Worker0] Imported GUID: 7ef8348b8ea834d7e1bc214b07f7fb87 - Path: Packages/com.unity.modules.animation/package.json - Importer: ScriptedImporter/UnityEditor.QuickSearchModule:UnityEditor.Search:ASIAI0B -> (ImportResultId: '0335e6275124eed976ad3e181971b331') in 0.0032161 seconds
[Worker0] Imported GUID: 7610600f5c83e01041a6fe849d39279f - Path: Packages/com.unity.modules.unitywebrequestassetbundle/package.ModuleCompilationTrigger - Importer: ScriptedImporter/UnityEditor.QuickSearchModule:UnityEditor.Search:ASIAI0B -> (ImportResultId: '9223325a4ef4610bca7bd2baecab142f') in 0.0024118 seconds
[Licensing::Client] Successfully resolved entitlement details
[Worker0] Imported GUID: f0f13f2ab3d6d13cfc6e4656824bfca8 - Path: Packages/com.unity.modules.ai/package.json - Importer: ScriptedImporter/UnityEditor.QuickSearchModule:UnityEditor.Search:ASIAI0B -> (ImportResultId: 'e04a023fb29e09a0f99a26e95140b9bb') in 0.0025379 seconds
[Worker0] Imported GUID: 99da7b3894f364efdb5fa1443952a55d - Path: Packages/com.unity.multiplayer.center/Editor/MultiplayerCenterWindow/UI/Icons/NGO.png - Importer: ScriptedImporter/UnityEditor.QuickSearchModule:UnityEditor.Search:ASIAI0B -> (ImportResultId: '596c3dede366093f1ac81f49b68a808a') in 0.0045578 seconds
[Worker0] Imported GUID: 281e16dfc02f4a86bf924188eb96b176 - Path: Packages/com.unity.multiplayer.center/Editor/MultiplayerCenterWindow/UI/RecommendationView/RecommendationItemView.cs - Importer: ScriptedImporter/UnityEditor.QuickSearchModule:UnityEditor.Search:ASIAI0B -> (ImportResultId: 'e9af3525290f9b48d532017d490ead30') in 0.0019647 seconds
[Worker0] Imported GUID: b83f06ac0c0696e9563230865ca72b81 - Path: Packages/com.unity.modules.wind/package.json - Importer: ScriptedImporter/UnityEditor.QuickSearchModule:UnityEditor.Search:ASIAI0B -> (ImportResultId: '9742f7813af7c17f263dfb082e5fa2dc') in 0.0020973 seconds
[Worker0] Imported GUID: 2cb589d4e01184d928bb698f06e77561 - Path: Packages/com.unity.multiplayer.center/Editor/MultiplayerCenterWindow/UI/Icons/N4E@2x.png - Importer: ScriptedImporter/UnityEditor.QuickSearchModule:UnityEditor.Search:ASIAI0B -> (ImportResultId: 'd705b711ddbc9daec49dcd5e4a45af52') in 0.0044841 seconds
[Worker0] Imported GUID: 9d9689eab72c8480c90679f4dcf18820 - Path: Packages/com.unity.multiplayer.center/Editor/MultiplayerCenterWindow/UI/Icons/Package.png - Importer: ScriptedImporter/UnityEditor.QuickSearchModule:UnityEditor.Search:ASIAI0B -> (ImportResultId: 'ced7bfa5d681f1897dc9bfcb871ae7a2') in 0.007232 seconds
[Worker0] Imported GUID: 30b312a167534621b316172253b08723 - Path: Packages/com.unity.modules.subsystems/package.json - Importer: ScriptedImporter/UnityEditor.QuickSearchModule:UnityEditor.Search:ASIAI0B -> (ImportResultId: 'c88bafbd6f38d1ab7e98b38ed082f6ab') in 0.0025066 seconds
[Worker0] Imported GUID: 63314900d81e4a15814496af1889cb51 - Path: Packages/com.unity.multiplayer.center/Editor/MultiplayerCenterWindow/UI/RecommendationView/SectionHeader.cs - Importer: ScriptedImporter/UnityEditor.QuickSearchModule:UnityEditor.Search:ASIAI0B -> (ImportResultId: '50937b77332559f42f5a863ad59e412f') in 0.0028486 seconds
[Worker0] Imported GUID: 9431e8221045c4af189b2fa7174b9e9f - Path: Packages/com.unity.multiplayer.center/Editor/MultiplayerCenterWindow/UI/Icons/PackageManager@2x.png - Importer: ScriptedImporter/UnityEditor.QuickSearchModule:UnityEditor.Search:ASIAI0B -> (ImportResultId: '722efc992210385394fff8d690a38ee4') in 0.0056385 seconds
[Worker0] Imported GUID: 3cc1ebf2abb7fef6871ad48f499b6e21 - Path: Packages/com.unity.modules.vectorgraphics/package.ModuleCompilationTrigger - Importer: ScriptedImporter/UnityEditor.QuickSearchModule:UnityEditor.Search:ASIAI0B -> (ImportResultId: 'a2a2ec0ada4cff3a16a4340d309a3515') in 0.0023618 seconds
[Worker0] Imported GUID: d2ec2d1228c8e67cdd913cb5609176a2 - Path: Packages/com.unity.modules.unitywebrequest/package.ModuleCompilationTrigger - Importer: ScriptedImporter/UnityEditor.QuickSearchModule:UnityEditor.Search:ASIAI0B -> (ImportResultId: 'ccb710b50665490ffc2c04c0ab88c3b8') in 0.0025381 seconds
[Worker0] Imported GUID: 3fdd83b151eb8d25c5e2f82fc39dcb04 - Path: Packages/com.unity.modules.unitywebrequest/package.json - Importer: ScriptedImporter/UnityEditor.QuickSearchModule:UnityEditor.Search:ASIAI0B -> (ImportResultId: '3f5312227c3b150879751fcf7441894f') in 0.0024989 seconds
[Worker0] Imported GUID: 78e5667e52329c3ceef41288763404ae - Path: Packages/com.unity.modules.vectorgraphics/package.json - Importer: ScriptedImporter/UnityEditor.QuickSearchModule:UnityEditor.Search:ASIAI0B -> (ImportResultId: '7059e9768b2225f8af8795d02d5ea83d') in 0.0023211 seconds
Worker ready: AssetImportWorkerHW1 1
Worker ready: AssetImportWorkerHW2 2
TrimDiskCacheJob: Current cache size 0mb
Asset Pipeline Refresh (id=e0e5ee7323669544ea6b03f03ef7a6e8): Total: 0.009 seconds - Initiated by RefreshV2(AllowForceSynchronousImport)
Asset Pipeline Refresh (id=213937fb2b5058543a5aaa146493cb41): Total: 0.003 seconds - Initiated by RefreshV2(AllowForceSynchronousImport)
MonoPathRemapper: Attempts to remap: 5158; Successful remaps: 568
Serialized file version minimum: 23, current 23
[LAYOUT] About to save layout C:\Users\matti\Documents\GitHub\Red-Line\UserSettings\Layouts\default-6000.dwlt
[LAYOUT] About to save layout C:/Users/matti/AppData/Roaming/Unity/Editor-5.x/Preferences\Layouts\current\default-6000.dwlt
[Physics::Module] Cleanup current backend.
[Physics::Module] Id: 0xf2b8ea05
Input System module state changed to: ShutdownInProgress.
Input Polling Thread exited.
Input System module state changed to: Shutdown.
[Licensing::IpcConnector] LicenseClient-matti-notifications channel disconnected successfully.
[Licensing::IpcConnector] LicenseClient-matti channel disconnected successfully.
AcceleratorClientConnectionCallback - disconnected - :0
Cleanup mono
CodeReloadManager destroyed
abort_threads: Failed aborting id: 00000000000059F4, mono_thread_manage will ignore it

abort_threads: Failed aborting id: 0000000000006518, mono_thread_manage will ignore it

abort_threads: Failed aborting id: 00000000000059F4, mono_thread_manage will ignore it

abort_threads: Failed aborting id: 0000000000006518, mono_thread_manage will ignore it

debugger-agent: Unable to listen on 5760
Checking for leaked weakptr:
  Found no leaked weakptrs.
[Package Manager] Server process was shutdown
##utp:{"type":"MemoryLeaks","version":2,"phase":"Immediate","time":1790013599586,"processId":22712,"allocatedMemory":46290808,"memoryLabels":[{"Default":185729},{"Permanent":15516},{"NewDelete":66749},{"Thread":4197560},{"Manager":32101},{"VertexData":8},{"Geometry":816},{"Texture":24},{"Shader":846530},{"Material":24},{"GfxDevice":55328},{"Animation":952},{"Audio":1256},{"FreeType":8},{"FontEngine":736},{"Physics":2146},{"Physics2D":16},{"Serialization":47432},{"Input":42840},{"JobScheduler":256},{"TextLib":19030},{"Mono":48},{"ScriptingNativeRuntime":674964},{"BaseObject":1669585},{"Resource":1208},{"Renderer":3080},{"Transform":4685},{"File":1032},{"WebCam":616},{"Culling":32},{"Terrain":11442},{"Wind":24},{"STL":40},{"String":10018},{"StaticString":3808},{"Utility":2673354},{"Curl":48},{"PoolAlloc":2168},{"AI":80},{"TypeTree":21453},{"CodeReload":448},{"RuntimeInitializeOnLoadManager":64},{"Sprites":102},{"SpriteAtlas":120},{"GI":7816},{"Director":8296},{"CloudService":7208},{"WebRequest":11720},{"VR":47114},{"SceneManager":608},{"Video":208},{"LazyScriptCache":32},{"NativeArray":33039456},{"Camera":1681},{"Secure":265},{"Image":65536},{"SerializationCache":1576},{"APIUpdating":10320},{"Subsystems":336},{"VirtualTexturing":57888},{"StaticSafetyDebugInfo":278528},{"Analytics":728},{"Hierarchy":1176},{"UIElements":1135088},{"CoreStats":13688},{"Identifiers":6768},{"Gui":267608},{"EditorUtility":185014},{"VersionControl":8},{"Undo":931},{"AssetDatabase":495211},{"AssetImporter":40},{"EditorGi":328},{"UnityConnect":35346},{"Upm":1988},{"UpmDiagnostics":8},{"AssetCompliance":64},{"DrivenProperties":72},{"LocalIPC":260},{"ProfilerEditor":9746},{"CoreBusinessMetrics":3480},{"Windowing":456},{"Licensing":776},{"AssetReference":32},{"IPCStream":32}]}
